Tenure,WarehouseToHome,NumberOfDeviceRegistered,PreferedOrderCat,SatisfactionScore,MaritalStatus,NumberOfAddress,Complain,DaySinceLastOrder,CashbackAmount,Churn,EngagementScore,RecentOrder,UnhappyCustomer,LoyaltyTier,CashbackPerOrder
15.0,29.0,4.0,Laptop & Accessory,3.0,Single,2.0,0.0,7.0,143.32,0.0,49.096,1,0,Loyal,28.663999999999998
7.0,25.0,4.0,Mobile,1.0,Married,2.0,0.0,7.0,129.29,0.0,42.487,1,0,Regular,25.857999999999997
27.0,13.0,3.0,Laptop & Accessory,1.0,Married,5.0,0.0,7.0,168.54,0.0,59.862,1,0,VIP,42.135
20.0,25.0,4.0,Fashion,3.0,Divorced,7.0,0.0,3.0,230.27,0.0,76.681,1,0,Loyal,46.054
30.0,15.0,4.0,Others,4.0,Single,8.0,0.0,8.0,269.57500000000005,0.0,91.47250000000001,1,0,VIP,53.915000000000006
7.0,16.0,4.0,Mobile Phone,2.0,Divorced,2.0,0.0,11.0,152.81,0.0,49.543,1,0,Regular,30.562
1.0,15.0,5.5,Mobile Phone,5.0,Divorced,3.0,0.0,2.0,149.51,0.0,47.352999999999994,1,0,New,23.00153846153846
1.0,11.0,4.0,Mobile Phone,5.0,Single,3.0,0.0,1.0,154.73,0.0,48.318999999999996,1,0,New,30.945999999999998
11.0,12.0,4.0,Mobile Phone,3.0,Married,2.0,0.0,4.0,137.02,0.0,46.006,1,0,Regular,27.404000000000003
17.0,7.0,3.0,Laptop & Accessory,1.0,Married,5.0,1.0,2.0,157.43,0.0,53.529,1,1,Loyal,39.3575
6.0,26.0,5.5,Fashion,3.0,Married,5.0,0.0,3.0,221.1,0.0,70.33,1,0,New,34.01538461538461
16.0,20.0,2.0,Laptop & Accessory,5.0,Married,7.0,0.0,1.0,180.38,0.0,59.71399999999999,1,0,Loyal,60.126666666666665
1.0,7.0,4.0,Mobile Phone,3.0,Divorced,5.0,0.0,3.0,154.09,0.0,48.126999999999995,1,0,New,30.818
1.0,7.0,5.0,Fashion,3.0,Divorced,7.0,0.0,3.0,231.09,0.0,71.627,1,0,New,38.515
6.0,14.0,3.0,Laptop & Accessory,5.0,Married,3.0,0.0,2.0,163.92,0.0,52.175999999999995,1,0,New,40.98
10.0,8.0,4.0,Laptop & Accessory,3.0,Single,8.0,0.0,1.0,193.15,0.0,62.545,1,0,Regular,38.63
9.0,21.0,5.0,Mobile,1.0,Married,1.0,1.0,3.0,121.68,0.0,41.204,1,1,Regular,20.28
8.0,22.0,4.0,Fashion,2.0,Divorced,3.0,0.0,6.0,204.78,0.0,65.434,1,0,Regular,40.956
19.0,27.0,4.0,Grocery,1.0,Married,2.0,1.0,11.0,259.96,0.0,85.28799999999998,1,1,Loyal,51.992
0.0,18.0,1.5,Mobile,4.0,Single,2.0,0.0,0.0,127.16,0.0,38.748,1,0,,50.864
1.0,33.0,5.0,Laptop & Accessory,5.0,Single,7.0,0.0,2.0,191.96,0.0,59.888,1,0,New,31.993333333333336
3.0,22.0,3.0,Laptop & Accessory,3.0,Married,9.0,0.0,2.0,153.01,0.0,48.003,1,0,New,38.2525
30.0,9.0,1.5,Mobile,5.0,Married,5.0,1.0,0.0,126.7,0.0,47.61,1,1,VIP,50.68
5.0,14.0,3.0,Fashion,1.0,Single,2.0,0.0,7.0,189.98,0.0,59.693999999999996,1,0,New,47.495
9.0,12.0,4.0,Fashion,4.0,Single,2.0,0.0,14.0,205.95,0.0,66.085,1,0,Regular,41.19
18.0,26.0,3.0,Laptop & Accessory,3.0,Single,9.0,0.0,1.0,148.5,0.0,51.15,1,0,Loyal,37.125
16.0,17.0,3.0,Fashion,3.0,Married,2.0,0.0,9.0,175.1,0.0,58.529999999999994,1,0,Loyal,43.775
0.0,14.0,1.5,Mobile,3.0,Single,4.0,1.0,3.0,124.32,0.0,37.896,1,1,,49.727999999999994
7.0,6.0,4.0,Fashion,5.0,Married,10.0,0.0,6.0,204.82,0.0,65.146,1,0,Regular,40.964
1.0,17.0,5.0,Fashion,5.0,Married,11.0,0.0,3.0,228.06,0.0,70.71799999999999,1,0,New,38.01
12.0,6.0,1.5,Fashion,1.0,Married,1.0,0.0,7.0,196.13,0.0,63.039,1,0,Regular,78.452
30.0,11.0,4.0,Fashion,4.0,Married,3.0,1.0,4.0,205.52,0.0,72.256,1,1,VIP,41.104
11.0,17.0,2.0,Fashion,1.0,Married,3.0,1.0,9.0,262.44,0.0,82.832,1,1,Regular,87.48
0.0,14.0,4.0,Mobile,4.0,Divorced,6.0,0.0,1.0,125.46,0.0,39.238,1,0,,25.092
0.0,14.0,4.0,Mobile,1.0,Married,6.0,0.0,3.0,123.67,0.0,38.701,1,0,,24.734
0.0,14.0,3.0,Mobile,5.0,Married,4.0,0.0,0.0,123.22,0.0,38.166000000000004,1,0,,30.805
24.0,31.0,4.0,Grocery,3.0,Married,5.0,1.0,6.0,264.73,0.0,88.219,1,1,Loyal,52.946000000000005
9.0,6.0,4.0,Mobile,5.0,Married,2.0,0.0,2.0,122.18,0.0,40.95400000000001,1,0,Regular,24.436
0.0,9.0,3.0,Laptop & Accessory,5.0,Divorced,2.0,1.0,3.0,141.94,0.0,43.782000000000004,1,1,,35.485
1.0,7.0,4.0,Mobile Phone,1.0,Married,11.0,1.0,3.0,172.87,0.0,53.760999999999996,1,1,New,34.574
4.0,18.0,3.0,Mobile Phone,1.0,Married,9.0,1.0,2.0,139.29,0.0,44.187000000000005,1,1,New,34.8225
18.0,7.0,4.0,Fashion,3.0,Married,4.0,0.0,4.0,207.48,0.0,69.244,1,0,Loyal,41.495999999999995
15.0,7.0,2.0,Fashion,5.0,Married,3.0,0.0,8.0,208.92,0.0,67.976,1,0,Loyal,69.64
17.0,21.0,4.0,Grocery,5.0,Married,8.0,0.0,1.0,269.57500000000005,0.0,87.5725,1,0,Loyal,53.915000000000006
9.0,7.0,4.0,Mobile,3.0,Married,2.0,0.0,0.0,120.08,0.0,40.324000000000005,1,0,Regular,24.016
4.0,15.0,4.0,Fashion,3.0,Married,7.0,0.0,8.0,197.64,0.0,62.092,1,0,New,39.528
5.0,9.0,4.0,Mobile Phone,1.0,Married,2.0,1.0,3.0,151.95,0.0,48.684999999999995,1,1,New,30.389999999999997
11.0,17.0,2.0,Mobile Phone,1.0,Single,5.0,0.0,1.0,171.8,0.0,55.63999999999999,1,0,Regular,57.26666666666667
24.0,6.0,4.0,Fashion,5.0,Single,4.0,0.0,8.0,174.84,0.0,61.251999999999995,1,0,Loyal,34.968
0.0,6.0,3.0,Laptop & Accessory,3.0,Divorced,2.0,0.0,7.0,152.96,0.0,47.088,1,0,,38.24
3.0,6.0,3.0,Laptop & Accessory,1.0,Single,2.0,0.0,7.0,140.11,0.0,44.133,1,0,New,35.0275
33.0,28.0,4.0,Grocery,1.0,Married,6.0,1.0,1.0,269.57500000000005,0.0,92.37250000000002,1,1,VIP,53.915000000000006
16.0,9.0,4.0,Fashion,1.0,Married,4.0,1.0,3.0,226.24,0.0,74.27199999999999,1,1,Loyal,45.248000000000005
25.0,10.0,3.0,Grocery,2.0,Divorced,3.0,0.0,4.0,265.55,0.0,88.36500000000001,1,0,VIP,66.3875
9.0,22.0,4.0,Laptop & Accessory,5.0,Married,5.0,0.0,2.0,156.47,0.0,51.241,1,0,Regular,31.294
8.0,8.0,4.0,Laptop & Accessory,1.0,Married,11.0,0.0,2.0,179.84,0.0,57.952,1,0,Regular,35.968
8.0,33.0,5.0,Mobile Phone,3.0,Married,3.0,0.0,1.0,145.29,0.0,47.986999999999995,1,0,Regular,24.215
0.0,14.0,4.0,Mobile,4.0,Married,2.0,0.0,3.0,123.68,0.0,38.704,1,0,,24.736
17.0,19.0,5.0,Grocery,4.0,Married,3.0,0.0,10.0,268.36,0.0,87.60799999999999,1,0,Loyal,44.72666666666667
8.0,26.0,5.0,Mobile Phone,1.0,Married,3.0,0.0,8.0,154.29,0.0,50.687,1,0,Regular,25.715
3.0,14.0,3.0,Mobile,1.0,Single,1.0,0.0,7.0,125.64,0.0,39.792,1,0,New,31.41
0.0,8.0,3.0,Laptop & Accessory,3.0,Single,2.0,1.0,4.0,144.78,0.0,44.634,1,1,,36.195
4.0,32.0,3.0,Mobile,3.0,Married,2.0,0.0,3.0,129.11,0.0,41.13300000000001,1,0,New,32.2775
1.0,10.0,4.0,Mobile Phone,5.0,Married,7.0,0.0,3.0,165.31,0.0,51.492999999999995,1,0,New,33.062
1.0,16.0,4.0,Mobile Phone,1.0,Single,3.0,0.0,1.0,135.81,0.0,42.643,1,0,New,27.162
1.0,31.0,5.5,Mobile Phone,1.0,Single,3.0,1.0,1.0,148.4,0.0,47.02,1,1,New,22.83076923076923
0.0,16.0,3.0,Laptop & Accessory,2.0,Single,1.0,0.0,1.0,149.5,0.0,46.050000000000004,1,0,,37.375
1.0,16.0,3.0,Laptop & Accessory,3.0,Single,4.0,0.0,7.0,136.6,0.0,42.48,1,0,New,34.15
13.0,21.0,4.0,Fashion,3.0,Married,2.0,0.0,12.0,204.35,0.0,66.80499999999999,1,0,Loyal,40.87
5.0,12.0,4.0,Laptop & Accessory,3.0,Married,3.0,0.0,3.0,208.46,0.0,65.63799999999999,1,0,New,41.692
1.0,11.0,4.0,Mobile Phone,5.0,Single,3.0,0.0,1.0,154.73,0.0,48.318999999999996,1,0,New,30.945999999999998
0.0,14.0,3.0,Mobile,3.0,Married,2.0,0.0,3.0,125.17,0.0,38.751000000000005,1,0,,31.2925
15.0,13.0,4.0,Fashion,3.0,Single,3.0,0.0,3.0,217.41,0.0,71.323,1,0,Loyal,43.482
24.0,14.0,4.0,Fashion,4.0,Divorced,6.0,0.0,3.0,224.9,0.0,76.27,1,0,Loyal,44.980000000000004
8.0,16.0,5.0,Fashion,4.0,Single,3.0,0.0,3.0,211.21,0.0,67.763,1,0,Regular,35.20166666666667
14.0,14.0,3.0,Laptop & Accessory,4.0,Married,6.0,0.0,4.0,143.93,0.0,48.57900000000001,1,0,Loyal,35.9825
5.0,15.0,5.0,Laptop & Accessory,1.0,Married,1.0,0.0,7.0,146.68,0.0,47.504,1,0,New,24.44666666666667
9.0,11.0,4.0,Laptop & Accessory,3.0,Single,3.0,1.0,2.0,167.49,0.0,54.547000000000004,1,1,Regular,33.498000000000005
1.0,31.0,4.0,Mobile Phone,2.0,Divorced,2.0,0.0,2.0,149.0,0.0,46.599999999999994,1,0,New,29.8
0.0,6.0,3.0,Laptop & Accessory,4.0,Divorced,1.0,1.0,4.0,163.49,0.0,50.24700000000001,1,1,,40.8725
7.0,8.0,3.0,Laptop & Accessory,5.0,Single,1.0,1.0,2.0,145.38,0.0,46.914,1,1,Regular,36.345
6.0,12.0,4.0,Laptop & Accessory,4.0,Married,3.0,0.0,4.0,190.24,0.0,60.472,1,0,New,38.048
1.0,10.0,4.0,Mobile Phone,1.0,Single,3.0,1.0,1.0,140.69,0.0,44.107,1,1,New,28.137999999999998
9.0,18.0,4.0,Fashion,2.0,Single,1.0,0.0,8.0,188.58,0.0,60.87400000000001,1,0,Regular,37.716
8.0,11.0,4.0,Fashion,1.0,Married,4.0,1.0,3.0,222.13,0.0,70.639,1,1,Regular,44.426
9.0,6.0,3.0,Mobile,1.0,Married,4.0,0.0,2.0,122.7,0.0,40.71000000000001,1,0,Regular,30.675
11.0,22.0,3.0,Laptop & Accessory,4.0,Single,3.0,0.0,2.0,141.98,0.0,47.093999999999994,1,0,Regular,35.495
4.0,10.0,4.0,Mobile Phone,1.0,Married,6.0,0.0,5.0,145.97,0.0,46.591,1,0,New,29.194
25.0,10.0,4.0,Grocery,4.0,Single,5.0,0.0,1.0,262.34,0.0,87.80199999999998,1,0,VIP,52.467999999999996
2.0,19.0,4.0,Laptop & Accessory,4.0,Married,5.0,1.0,3.0,140.25,0.0,44.275,1,1,New,28.05
30.0,6.0,3.0,Fashion,2.0,Divorced,4.0,1.0,3.0,219.04,0.0,75.91199999999999,1,1,VIP,54.76
18.0,10.0,5.0,Fashion,3.0,Married,5.0,0.0,3.0,197.56,0.0,66.668,1,0,Loyal,32.92666666666667
19.0,32.0,4.0,Laptop & Accessory,4.0,Single,9.0,0.0,2.0,179.91,0.0,61.273,1,0,Loyal,35.982
9.0,15.0,3.0,Mobile,1.0,Married,4.0,0.0,3.0,120.75,0.0,40.12500000000001,1,0,Regular,30.1875
8.0,23.0,3.0,Laptop & Accessory,5.0,Married,4.0,1.0,7.0,189.66,0.0,60.498,1,1,Regular,47.415
0.0,30.0,1.5,Mobile Phone,5.0,Single,2.0,0.0,0.0,110.91,0.0,33.873,1,0,,44.364
8.0,32.0,3.0,Fashion,1.0,Single,2.0,1.0,7.0,188.37,0.0,60.111000000000004,1,1,Regular,47.0925
4.0,15.0,2.0,Fashion,5.0,Married,2.0,1.0,8.0,239.16000000000005,0.0,73.74800000000002,1,1,New,79.72000000000001
0.0,35.0,4.0,Laptop & Accessory,3.0,Single,2.0,0.0,8.0,145.08,0.0,45.124,1,0,,29.016000000000002
2.0,23.0,4.0,Fashion,5.0,Single,2.0,0.0,9.0,179.88,0.0,56.164,1,0,New,35.976
4.0,8.0,5.0,Mobile,1.0,Married,5.0,1.0,0.0,127.78,0.0,41.534,1,1,New,21.296666666666667
19.0,21.0,3.0,Others,4.0,Married,6.0,0.0,3.0,269.57500000000005,0.0,87.77250000000002,1,0,Loyal,67.39375000000001
19.0,14.0,3.0,Mobile,3.0,Married,9.0,0.0,8.0,123.39,0.0,43.917,1,0,Loyal,30.8475
14.0,7.0,5.5,Laptop & Accessory,1.0,Married,4.0,1.0,3.0,199.57,0.0,66.271,1,1,Loyal,30.70307692307692
15.0,9.0,4.0,Grocery,5.0,Divorced,9.0,0.0,9.0,269.57500000000005,0.0,86.97250000000001,1,0,Loyal,53.915000000000006
5.0,11.0,3.0,Laptop & Accessory,4.0,Married,2.0,0.0,3.0,165.24,0.0,52.272000000000006,1,0,New,41.31
1.0,14.0,2.0,Mobile Phone,5.0,Single,2.0,0.0,8.0,160.78,0.0,49.333999999999996,1,0,New,53.593333333333334
8.0,14.0,3.0,Mobile,3.0,Married,2.0,0.0,0.0,124.04,0.0,40.812000000000005,1,0,Regular,31.01
21.0,11.0,4.0,Laptop & Accessory,3.0,Single,5.0,0.0,1.0,154.76,0.0,54.327999999999996,1,0,Loyal,30.951999999999998
1.0,7.0,5.0,Mobile Phone,3.0,Married,8.0,1.0,3.0,153.0,0.0,48.199999999999996,1,1,New,25.5
24.0,12.0,4.0,Mobile,3.0,Single,1.0,0.0,7.0,128.38,0.0,47.31399999999999,1,0,Loyal,25.676
14.0,16.0,3.0,Laptop & Accessory,1.0,Single,8.0,0.0,10.0,162.3,0.0,54.09000000000001,1,0,Loyal,40.575
13.0,14.0,3.0,Mobile,1.0,Married,9.0,0.0,0.0,124.06,0.0,42.318,1,0,Loyal,31.015
0.0,10.0,3.0,Laptop & Accessory,3.0,Divorced,2.0,1.0,3.0,141.62,0.0,43.686,1,1,,35.405
21.0,10.0,4.0,Grocery,3.0,Married,11.0,1.0,14.0,262.7,0.0,86.70999999999998,1,1,Loyal,52.54
29.0,9.0,5.0,Mobile Phone,1.0,Married,10.0,0.0,5.0,151.62,0.0,56.18599999999999,1,0,VIP,25.27
7.0,14.0,3.0,Laptop & Accessory,5.0,Married,4.0,0.0,0.0,151.21,0.0,48.663000000000004,1,0,Regular,37.8025
14.0,15.0,4.0,Laptop & Accessory,5.0,Married,4.0,1.0,1.0,190.16,0.0,62.848,1,1,Loyal,38.032
5.0,9.0,5.5,Mobile Phone,1.0,Married,6.0,1.0,1.0,152.78,0.0,49.534,1,1,New,23.504615384615384
5.0,14.0,5.0,Mobile Phone,3.0,Married,5.0,0.0,3.0,148.29,0.0,47.986999999999995,1,0,New,24.715
2.0,15.0,5.0,Mobile Phone,2.0,Married,3.0,0.0,5.0,174.36,0.0,54.908,1,0,New,29.060000000000002
3.0,7.0,5.5,Mobile Phone,2.0,Married,3.0,0.0,9.0,152.2,0.0,48.76,1,0,New,23.415384615384614
0.0,12.0,3.0,Mobile Phone,1.0,Married,2.0,1.0,2.0,71.37499999999997,0.0,22.61249999999999,1,1,,17.843749999999993
11.0,20.0,3.0,Laptop & Accessory,4.0,Married,1.0,0.0,7.0,199.24,0.0,64.272,1,0,Regular,49.81
6.0,6.0,1.5,Grocery,3.0,Married,5.0,0.0,5.0,261.84,0.0,80.95199999999998,1,0,New,104.73599999999999
2.0,15.0,5.0,Mobile Phone,1.0,Married,3.0,0.0,5.0,174.36,0.0,54.908,1,0,New,29.060000000000002
1.0,9.0,4.0,Mobile Phone,4.0,Married,6.0,0.0,3.0,146.87,0.0,45.961,1,0,New,29.374000000000002
14.0,15.0,3.0,Fashion,3.0,Married,4.0,1.0,7.0,181.89,0.0,59.967,1,1,Loyal,45.4725
1.0,10.0,4.0,Mobile Phone,1.0,Single,3.0,1.0,1.0,140.69,0.0,44.107,1,1,New,28.137999999999998
3.0,11.0,4.0,Mobile Phone,2.0,Married,10.0,0.0,3.0,137.61,0.0,43.783,1,0,New,27.522000000000002
26.0,9.0,5.0,Mobile Phone,2.0,Single,9.0,0.0,3.0,157.12,0.0,56.936,1,0,VIP,26.186666666666667
1.0,20.0,5.0,Laptop & Accessory,5.0,Married,7.0,1.0,3.0,186.34,0.0,58.202,1,1,New,31.05666666666667
5.0,16.0,3.0,Laptop & Accessory,1.0,Single,9.0,0.0,0.0,146.48,0.0,46.644,1,0,New,36.62
13.0,14.0,3.0,Laptop & Accessory,5.0,Married,3.0,1.0,0.0,165.16,0.0,54.647999999999996,1,1,Loyal,41.29
4.0,8.0,3.0,Laptop & Accessory,2.0,Single,5.0,1.0,5.0,165.82,0.0,52.146,1,1,New,41.455
0.0,14.0,3.0,Mobile,2.0,Divorced,1.0,0.0,1.0,124.0,0.0,38.4,1,0,,31.0
1.0,32.0,5.0,Mobile Phone,4.0,Single,6.0,1.0,3.0,148.13,0.0,46.739,1,1,New,24.688333333333333
30.0,11.0,4.0,Others,5.0,Married,6.0,0.0,3.0,269.57500000000005,0.0,91.47250000000001,1,0,VIP,53.915000000000006
0.0,26.0,5.0,Laptop & Accessory,3.0,Divorced,4.0,1.0,2.0,145.59,0.0,45.677,1,1,,24.265
9.0,8.0,4.0,Mobile,3.0,Single,7.0,1.0,0.0,120.9,0.0,40.57000000000001,1,1,Regular,24.18
17.0,11.0,5.0,Fashion,2.0,Single,5.0,0.0,3.0,227.31,0.0,75.29299999999999,1,0,Loyal,37.885
26.0,15.0,4.0,Mobile Phone,5.0,Divorced,11.0,0.0,5.0,154.5,0.0,55.75,1,0,VIP,30.9
5.0,25.0,1.5,Mobile,3.0,Married,7.0,1.0,2.0,127.59,0.0,40.377,1,1,New,51.036
0.0,14.0,4.0,Mobile,3.0,Divorced,2.0,0.0,2.0,125.39,0.0,39.217,1,0,,25.078
19.0,6.0,3.0,Fashion,5.0,Married,2.0,0.0,7.0,204.53,0.0,68.259,1,0,Loyal,51.1325
8.0,14.0,4.0,Mobile,5.0,Single,2.0,0.0,2.0,124.5,0.0,41.35,1,0,Regular,24.9
9.0,12.0,3.0,Laptop & Accessory,3.0,Married,3.0,1.0,5.0,123.06,0.0,40.818000000000005,1,1,Regular,30.765
9.0,9.0,3.0,Mobile Phone,1.0,Married,2.0,0.0,0.0,117.06,0.0,39.01800000000001,1,0,Regular,29.265
1.0,20.0,5.0,Mobile Phone,5.0,Married,6.0,1.0,1.0,148.35,0.0,46.80499999999999,1,1,New,24.724999999999998
9.0,13.0,3.0,Mobile Phone,2.0,Single,3.0,0.0,1.0,146.78,0.0,47.934000000000005,1,0,Regular,36.695
1.0,10.0,4.0,Mobile Phone,3.0,Single,3.0,0.0,8.0,165.84,0.0,51.652,1,0,New,33.168
8.0,11.0,4.0,Laptop & Accessory,3.0,Divorced,11.0,0.0,3.0,190.38,0.0,61.114,1,0,Regular,38.076
26.0,7.0,4.0,Grocery,3.0,Married,5.0,1.0,3.0,229.65,0.0,78.29499999999999,1,1,VIP,45.93
2.0,16.0,4.0,Mobile Phone,3.0,Married,7.0,0.0,3.0,148.77,0.0,46.831,1,0,New,29.754
9.0,22.0,3.0,Mobile,3.0,Single,2.0,0.0,4.0,121.44,0.0,40.332,1,0,Regular,30.36
4.0,14.0,4.0,Laptop & Accessory,3.0,Married,3.0,0.0,10.0,159.91,0.0,50.773,1,0,New,31.982
16.0,30.0,4.0,Grocery,2.0,Single,4.0,0.0,1.0,269.57500000000005,0.0,87.27250000000001,1,0,Loyal,53.915000000000006
1.0,12.0,4.0,Mobile Phone,4.0,Single,3.0,1.0,3.0,149.78,0.0,46.833999999999996,1,1,New,29.956
9.0,23.0,4.0,Fashion,3.0,Married,6.0,1.0,1.0,201.32,0.0,64.696,1,1,Regular,40.263999999999996
2.0,26.0,3.0,Mobile Phone,1.0,Married,2.0,0.0,10.0,138.12,0.0,43.236000000000004,1,0,New,34.53
10.0,14.0,3.0,Laptop & Accessory,4.0,Married,3.0,0.0,7.0,140.71,0.0,46.413000000000004,1,0,Regular,35.1775
1.0,14.0,5.0,Laptop & Accessory,3.0,Divorced,4.0,0.0,1.0,186.32,0.0,58.19599999999999,1,0,New,31.05333333333333
23.0,14.0,3.0,Mobile,1.0,Married,5.0,0.0,0.0,123.8,0.0,45.24,1,0,Loyal,30.95
21.0,9.0,2.0,Grocery,4.0,Married,8.0,0.0,3.0,269.57500000000005,0.0,87.97250000000001,1,0,Loyal,89.85833333333335
26.0,13.0,4.0,Fashion,1.0,Married,8.0,1.0,3.0,209.34,0.0,72.202,1,1,VIP,41.868
11.0,16.0,3.0,Laptop & Accessory,3.0,Married,4.0,0.0,2.0,160.77,0.0,52.731,1,0,Regular,40.1925
31.0,10.0,5.0,Laptop & Accessory,1.0,Single,7.0,0.0,6.0,176.71,0.0,64.313,1,0,VIP,29.451666666666668
14.0,12.0,5.0,Fashion,5.0,Divorced,7.0,1.0,3.0,229.75,0.0,75.125,1,1,Loyal,38.291666666666664
4.0,11.0,3.0,Laptop & Accessory,5.0,Single,1.0,0.0,7.0,199.36,0.0,62.208000000000006,1,0,New,49.84
17.0,34.0,3.0,Grocery,5.0,Divorced,4.0,0.0,14.5,263.28,0.0,85.28399999999999,1,0,Loyal,65.82
7.0,10.0,3.0,Laptop & Accessory,3.0,Married,10.0,0.0,2.0,165.38,0.0,52.914,1,0,Regular,41.345
20.0,8.0,3.0,Others,4.0,Single,8.0,1.0,8.0,269.57500000000005,0.0,88.07250000000002,1,1,Loyal,67.39375000000001
8.0,29.0,5.0,Laptop & Accessory,1.0,Married,3.0,1.0,12.0,182.47,0.0,59.141,1,1,Regular,30.411666666666665
1.0,16.0,5.5,Mobile Phone,4.0,Single,3.0,0.0,3.0,152.6,0.0,48.279999999999994,1,0,New,23.476923076923075
17.0,31.0,4.0,Fashion,5.0,Single,8.0,1.0,3.0,229.48,0.0,75.54399999999998,1,1,Loyal,45.896
27.0,13.0,4.0,Laptop & Accessory,3.0,Divorced,4.0,1.0,6.0,148.06,0.0,54.118,1,1,VIP,29.612000000000002
16.0,7.0,5.0,Laptop & Accessory,2.0,Divorced,11.0,1.0,3.0,185.62,0.0,62.486,1,1,Loyal,30.936666666666667
16.0,9.0,4.0,Laptop & Accessory,1.0,Married,3.0,0.0,3.0,165.89,0.0,56.166999999999994,1,0,Loyal,33.178
9.0,13.0,3.0,Mobile Phone,3.0,Married,2.0,0.0,0.0,112.74,0.0,37.722,1,0,Regular,28.185
10.0,33.0,4.0,Laptop & Accessory,3.0,Married,8.0,0.0,3.0,178.47,0.0,58.141,1,0,Regular,35.694
10.0,30.0,2.0,Laptop & Accessory,1.0,Married,6.0,0.0,4.0,150.71,0.0,49.013,1,0,Regular,50.23666666666667
3.0,11.0,3.0,Mobile,5.0,Married,6.0,0.0,14.5,132.04,0.0,41.711999999999996,1,0,New,33.01
0.0,24.0,1.5,Laptop & Accessory,3.0,Divorced,3.0,0.0,2.0,162.32,0.0,49.296,1,0,,64.928
12.0,16.0,3.0,Laptop & Accessory,5.0,Married,3.0,0.0,7.0,153.77,0.0,50.931000000000004,1,0,Regular,38.4425
6.0,17.0,4.0,Laptop & Accessory,1.0,Single,10.0,0.0,1.0,171.48,0.0,54.843999999999994,1,0,New,34.296
11.0,18.0,4.0,Laptop & Accessory,5.0,Married,3.0,0.0,2.0,162.88,0.0,53.763999999999996,1,0,Regular,32.576
6.0,7.0,5.0,Mobile Phone,4.0,Married,2.0,0.0,3.0,147.69,0.0,48.10699999999999,1,0,New,24.615
4.0,6.0,3.0,Laptop & Accessory,5.0,Married,2.0,0.0,3.0,141.48,0.0,44.844,1,0,New,35.37
17.0,9.0,4.0,Mobile Phone,1.0,Single,2.0,0.0,9.0,160.39,0.0,54.817,1,0,Loyal,32.077999999999996
7.0,21.0,3.0,Fashion,2.0,Divorced,2.0,0.0,5.0,179.78,0.0,57.234,1,0,Regular,44.945
8.0,15.0,4.0,Laptop & Accessory,5.0,Married,7.0,0.0,3.0,190.0,0.0,61.0,1,0,Regular,38.0
15.0,9.0,5.0,Laptop & Accessory,3.0,Single,4.0,1.0,8.0,193.11,0.0,64.43299999999999,1,1,Loyal,32.185
31.0,9.0,5.0,Grocery,2.0,Single,5.0,1.0,4.0,262.26,0.0,89.978,1,1,VIP,43.71
16.0,14.0,3.0,Laptop & Accessory,4.0,Married,5.0,0.0,0.0,147.65,0.0,50.295,1,0,Loyal,36.9125
18.0,26.0,3.0,Laptop & Accessory,3.0,Single,9.0,0.0,1.0,148.5,0.0,51.15,1,0,Loyal,37.125
3.0,12.0,4.0,Laptop & Accessory,1.0,Married,5.0,0.0,1.0,145.86,0.0,46.258,1,0,New,29.172000000000004
11.0,7.0,5.0,Mobile Phone,5.0,Divorced,4.0,0.0,3.0,164.2,0.0,54.559999999999995,1,0,Regular,27.366666666666664
0.0,5.0,4.0,Mobile,3.0,Single,2.0,0.0,2.0,130.33,0.0,40.699000000000005,1,0,,26.066000000000003
20.0,9.0,4.0,Fashion,1.0,Married,5.0,0.0,3.0,210.78,0.0,70.83399999999999,1,0,Loyal,42.156
11.0,11.0,4.0,Mobile Phone,3.0,Divorced,9.0,1.0,4.0,154.96,0.0,51.388,1,1,Regular,30.992
0.0,22.0,3.0,Fashion,5.0,Single,3.0,1.0,0.0,185.64,0.0,56.891999999999996,1,1,,46.41
10.0,13.0,2.0,Mobile Phone,1.0,Married,5.0,0.0,1.0,155.38,0.0,50.413999999999994,1,0,Regular,51.79333333333333
1.0,22.0,4.0,Mobile Phone,3.0,Married,3.0,0.0,3.0,151.1,0.0,47.23,1,0,New,30.22
9.0,24.0,4.0,Laptop & Accessory,5.0,Married,5.0,1.0,3.0,214.66,0.0,68.698,1,1,Regular,42.932
1.0,6.0,4.0,Laptop & Accessory,1.0,Married,2.0,1.0,7.0,168.34,0.0,52.402,1,1,New,33.668
9.0,9.0,4.0,Laptop & Accessory,1.0,Married,4.0,0.0,8.0,182.62,0.0,59.086000000000006,1,0,Regular,36.524
2.0,10.0,4.0,Mobile Phone,4.0,Married,3.0,0.0,1.0,153.56,0.0,48.268,1,0,New,30.712
30.0,15.0,4.0,Mobile Phone,5.0,Married,6.0,1.0,3.0,167.57,0.0,60.870999999999995,1,1,VIP,33.513999999999996
12.0,23.0,4.0,Laptop & Accessory,4.0,Single,4.0,0.0,3.0,166.98,0.0,55.294,1,0,Regular,33.396
8.0,22.0,3.0,Fashion,3.0,Married,5.0,1.0,0.0,176.32,0.0,56.495999999999995,1,1,Regular,44.08
22.0,26.0,3.0,Laptop & Accessory,5.0,Married,2.0,0.0,11.0,165.67,0.0,57.501,1,0,Loyal,41.4175
8.0,33.0,3.0,Laptop & Accessory,3.0,Married,3.0,0.0,7.0,168.83,0.0,54.249,1,0,Regular,42.2075
20.0,32.0,3.0,Others,3.0,Married,4.0,0.0,0.0,269.57500000000005,0.0,88.07250000000002,1,0,Loyal,67.39375000000001
9.0,9.0,4.0,Mobile Phone,3.0,Divorced,2.0,0.0,0.0,112.81,0.0,38.143,1,0,Regular,22.562
20.0,20.0,3.0,Laptop & Accessory,4.0,Married,9.0,0.0,7.0,154.67,0.0,53.601,1,0,Loyal,38.6675
0.0,10.0,3.0,Mobile,2.0,Single,2.0,1.0,2.0,128.75,0.0,39.825,1,1,,32.1875
28.0,24.0,4.0,Fashion,3.0,Married,10.0,0.0,9.0,232.39,0.0,79.717,1,0,VIP,46.477999999999994
22.0,7.0,2.0,Grocery,1.0,Single,4.0,0.0,2.0,269.57500000000005,0.0,88.27250000000001,1,0,Loyal,89.85833333333335
16.0,21.0,4.0,Grocery,3.0,Married,2.0,0.0,11.0,269.57500000000005,0.0,87.27250000000001,1,0,Loyal,53.915000000000006
7.0,9.0,5.0,Laptop & Accessory,1.0,Single,6.0,0.0,2.0,160.29,0.0,52.187,1,0,Regular,26.715
1.0,28.0,4.0,Mobile Phone,3.0,Married,3.0,0.0,1.0,148.77,0.0,46.531,1,0,New,29.754
9.0,16.0,3.0,Mobile,3.0,Divorced,2.0,1.0,0.0,122.2,0.0,40.56,1,1,Regular,30.55
9.0,14.0,4.0,Laptop & Accessory,4.0,Married,2.0,1.0,7.0,121.33,0.0,40.699000000000005,1,1,Regular,24.266
4.0,8.0,4.0,Laptop & Accessory,5.0,Divorced,4.0,0.0,0.0,164.1,0.0,52.03,1,0,New,32.82
25.0,13.0,5.0,Mobile Phone,3.0,Single,2.0,0.0,8.0,153.38,0.0,55.513999999999996,1,0,VIP,25.563333333333333
14.0,33.0,4.0,Laptop & Accessory,5.0,Married,3.0,0.0,6.0,208.96,0.0,68.488,1,0,Loyal,41.792
4.0,9.0,4.0,Mobile Phone,4.0,Divorced,3.0,0.0,1.0,149.76,0.0,47.728,1,0,New,29.951999999999998
18.0,15.0,4.0,Laptop & Accessory,3.0,Divorced,2.0,0.0,12.0,155.93,0.0,53.779,1,0,Loyal,31.186
10.0,10.0,5.0,Fashion,1.0,Married,6.0,0.0,3.0,221.99,0.0,71.597,1,0,Regular,36.998333333333335
18.0,27.0,4.0,Mobile Phone,4.0,Single,3.0,0.0,4.0,159.2,0.0,54.76,1,0,Loyal,31.839999999999996
11.0,17.0,4.0,Laptop & Accessory,4.0,Single,4.0,1.0,2.0,166.97,0.0,54.991,1,1,Regular,33.394
8.0,18.0,5.0,Laptop & Accessory,4.0,Married,6.0,0.0,9.0,169.9,0.0,55.37,1,0,Regular,28.316666666666666
22.0,14.0,3.0,Mobile,5.0,Married,5.0,1.0,2.0,125.87,0.0,45.56100000000001,1,1,Loyal,31.4675
4.0,27.0,4.0,Laptop & Accessory,5.0,Married,2.0,0.0,3.0,224.57,0.0,70.17099999999999,1,0,New,44.914
0.0,11.0,4.0,Fashion,2.0,Married,2.0,1.0,3.0,228.08,0.0,70.024,1,1,,45.616
18.0,35.0,4.0,Grocery,5.0,Married,5.0,0.0,14.5,269.57500000000005,0.0,87.87250000000002,1,0,Loyal,53.915000000000006
13.0,11.0,4.0,Laptop & Accessory,3.0,Single,2.0,0.0,9.0,175.42,0.0,58.126,1,0,Loyal,35.083999999999996
31.0,22.0,4.0,Grocery,3.0,Married,4.0,1.0,3.0,269.57500000000005,0.0,91.77250000000001,1,1,VIP,53.915000000000006
0.0,17.0,1.5,Laptop & Accessory,3.0,Married,9.0,0.0,2.0,147.07,0.0,44.721,1,0,,58.827999999999996
1.0,25.0,2.0,Mobile Phone,5.0,Married,2.0,0.0,1.0,154.56,0.0,47.467999999999996,1,0,New,51.52
1.0,14.0,4.0,Mobile Phone,4.0,Single,3.0,1.0,1.0,149.72,0.0,46.815999999999995,1,1,New,29.944
20.0,22.0,4.0,Others,4.0,Divorced,7.0,0.0,4.0,269.57500000000005,0.0,88.47250000000001,1,0,Loyal,53.915000000000006
4.0,11.0,3.0,Mobile Phone,1.0,Married,1.0,1.0,3.0,148.21,0.0,46.86300000000001,1,1,New,37.0525
1.0,7.0,3.0,Mobile Phone,5.0,Married,2.0,0.0,2.0,135.91,0.0,42.272999999999996,1,0,New,33.9775
8.0,22.0,4.0,Laptop & Accessory,4.0,Married,1.0,1.0,2.0,147.88,0.0,48.364,1,1,Regular,29.576
13.0,15.0,3.0,Laptop & Accessory,3.0,Married,4.0,0.0,7.0,139.75,0.0,47.025,1,0,Loyal,34.9375
1.0,16.0,4.0,Mobile Phone,4.0,Single,3.0,0.0,4.0,147.79,0.0,46.236999999999995,1,0,New,29.558
25.0,17.0,3.0,Laptop & Accessory,3.0,Divorced,9.0,0.0,4.0,131.49,0.0,48.147000000000006,1,0,VIP,32.8725
19.0,11.0,5.5,Fashion,3.0,Married,6.0,0.0,3.0,222.56,0.0,74.668,1,0,Loyal,34.24
24.0,17.0,5.0,Fashion,1.0,Single,8.0,0.0,3.0,229.96,0.0,78.188,1,0,Loyal,38.32666666666667
0.0,22.0,5.0,Mobile Phone,5.0,Single,2.0,1.0,7.0,139.19,0.0,43.757,1,1,,23.198333333333334
15.0,35.0,5.0,Grocery,4.0,Married,2.0,0.0,11.0,260.7,0.0,84.71,1,0,Loyal,43.449999999999996
7.0,16.0,3.0,Laptop & Accessory,3.0,Married,2.0,1.0,7.0,140.01,0.0,45.303,1,1,Regular,35.0025
19.0,6.0,3.0,Fashion,5.0,Married,2.0,0.0,7.0,204.53,0.0,68.259,1,0,Loyal,51.1325
11.0,6.0,4.0,Mobile,5.0,Single,5.0,0.0,0.0,128.58,0.0,43.474000000000004,1,0,Regular,25.716
24.0,7.0,4.0,Laptop & Accessory,3.0,Married,2.0,0.0,14.0,188.47,0.0,65.341,1,0,Loyal,37.694
29.0,21.0,2.0,Others,4.0,Single,10.0,0.0,14.5,269.57500000000005,0.0,90.37250000000002,1,0,VIP,89.85833333333335
15.0,12.0,3.0,Fashion,5.0,Married,10.0,0.0,7.0,233.48,0.0,75.744,1,0,Loyal,58.37
15.0,11.0,4.0,Fashion,3.0,Married,2.0,1.0,3.0,229.47,0.0,74.94099999999999,1,1,Loyal,45.894
4.0,14.0,3.0,Laptop & Accessory,1.0,Single,2.0,0.0,8.0,144.24,0.0,45.672000000000004,1,0,New,36.06
9.0,12.0,4.0,Mobile,3.0,Married,1.0,0.0,3.0,121.87,0.0,40.861000000000004,1,0,Regular,24.374000000000002
0.0,8.0,4.0,Mobile,1.0,Single,8.0,0.0,0.0,127.85,0.0,39.955,1,0,,25.57
7.0,6.0,1.5,Mobile,1.0,Single,3.0,0.0,3.0,132.8,0.0,42.540000000000006,1,0,Regular,53.120000000000005
2.0,11.0,4.0,Laptop & Accessory,3.0,Married,3.0,0.0,5.0,167.21,0.0,52.36300000000001,1,0,New,33.442
9.0,34.0,5.0,Mobile Phone,5.0,Single,3.0,0.0,2.0,150.59,0.0,49.877,1,0,Regular,25.098333333333333
4.0,8.0,3.0,Mobile,3.0,Married,1.0,0.0,2.0,130.67,0.0,41.601,1,0,New,32.6675
10.0,18.0,5.0,Laptop & Accessory,1.0,Married,6.0,0.0,1.0,191.52,0.0,62.456,1,0,Regular,31.92
9.0,26.0,3.0,Mobile,3.0,Divorced,5.0,0.0,0.0,122.59,0.0,40.67700000000001,1,0,Regular,30.6475
7.0,32.0,4.0,Laptop & Accessory,3.0,Divorced,3.0,0.0,2.0,170.39,0.0,54.817,1,0,Regular,34.077999999999996
1.0,7.0,5.5,Mobile Phone,4.0,Single,9.0,1.0,8.0,147.16,0.0,46.647999999999996,1,1,New,22.64
0.0,9.0,4.0,Fashion,1.0,Married,2.0,1.0,7.0,203.25,0.0,62.574999999999996,1,1,,40.65
19.0,11.0,4.0,Laptop & Accessory,4.0,Divorced,3.0,0.0,9.0,169.47,0.0,58.141000000000005,1,0,Loyal,33.894
16.0,32.0,3.0,Grocery,1.0,Married,2.0,1.0,12.0,269.57500000000005,0.0,86.87250000000002,1,1,Loyal,67.39375000000001
4.0,9.0,5.0,Mobile Phone,5.0,Single,2.0,0.0,8.0,174.68,0.0,55.604000000000006,1,0,New,29.113333333333333
16.0,36.0,4.0,Laptop & Accessory,3.0,Married,4.0,0.0,3.0,170.56,0.0,57.568,1,0,Loyal,34.112
0.0,12.0,3.0,Mobile,5.0,Single,3.0,0.0,3.0,129.6,0.0,40.08,1,0,,32.4
31.0,35.0,5.0,Fashion,5.0,Married,6.0,0.0,3.0,227.66,0.0,79.598,1,0,VIP,37.943333333333335
30.0,13.0,1.5,Laptop & Accessory,1.0,Married,1.0,1.0,9.0,152.2,0.0,55.26,1,1,VIP,60.879999999999995
15.0,7.0,4.0,Laptop & Accessory,5.0,Married,2.0,0.0,8.0,166.03,0.0,55.909,1,0,Loyal,33.206
6.0,9.0,4.0,Laptop & Accessory,3.0,Single,6.0,1.0,8.0,174.98,0.0,55.89399999999999,1,1,New,34.995999999999995
6.0,15.0,4.0,Fashion,2.0,Single,3.0,0.0,3.0,214.98,0.0,67.89399999999999,1,0,New,42.995999999999995
30.0,13.0,3.0,Others,5.0,Divorced,6.0,0.0,10.0,269.57500000000005,0.0,91.07250000000002,1,0,VIP,67.39375000000001
6.0,13.0,3.0,Fashion,3.0,Divorced,1.0,0.0,3.0,216.91000000000005,0.0,68.07300000000001,1,0,New,54.22750000000001
5.0,14.0,5.0,Mobile Phone,3.0,Divorced,5.0,0.0,3.0,148.29,0.0,47.986999999999995,1,0,New,24.715
1.0,27.0,3.0,Mobile,2.0,Divorced,2.0,0.0,2.0,127.13,0.0,39.638999999999996,1,0,New,31.7825
7.0,9.0,4.0,Laptop & Accessory,1.0,Married,3.0,0.0,5.0,180.05,0.0,57.715,1,0,Regular,36.010000000000005
9.0,28.0,3.0,Mobile,3.0,Married,5.0,1.0,1.0,121.32,0.0,40.296,1,1,Regular,30.33
1.0,13.0,4.0,Mobile Phone,1.0,Married,3.0,1.0,3.0,81.0,0.0,26.200000000000003,1,1,New,16.2
2.0,23.0,3.0,Laptop & Accessory,5.0,Single,2.0,0.0,8.0,181.61,0.0,56.28300000000001,1,0,New,45.4025
16.0,36.0,4.0,Laptop & Accessory,3.0,Married,4.0,0.0,3.0,170.56,0.0,57.568,1,0,Loyal,34.112
16.0,19.0,4.0,Mobile Phone,4.0,Married,10.0,0.0,5.0,152.66,0.0,52.19799999999999,1,0,Loyal,30.532
19.0,9.0,1.5,Grocery,5.0,Married,3.0,0.0,8.0,232.25,0.0,75.975,1,0,Loyal,92.9
16.0,14.0,2.0,Laptop & Accessory,4.0,Married,8.0,1.0,1.0,148.72,0.0,50.215999999999994,1,1,Loyal,49.57333333333333
11.0,9.0,3.0,Laptop & Accessory,2.0,Single,9.0,1.0,0.0,168.61,0.0,55.083000000000006,1,1,Regular,42.1525
10.0,21.0,4.0,Laptop & Accessory,1.0,Married,2.0,1.0,12.0,190.86,0.0,61.858000000000004,1,1,Regular,38.172000000000004
15.0,14.0,5.5,Others,3.0,Married,3.0,0.0,11.0,269.57500000000005,0.0,87.57250000000002,1,0,Loyal,41.47307692307693
14.0,14.0,4.0,Others,4.0,Single,3.0,0.0,9.0,269.57500000000005,0.0,86.67250000000001,1,0,Loyal,53.915000000000006
1.0,31.0,2.0,Mobile Phone,5.0,Single,3.0,0.0,1.0,135.91,0.0,41.87299999999999,1,0,New,45.303333333333335
23.0,8.0,3.0,Grocery,3.0,Married,6.0,0.0,3.0,269.57500000000005,0.0,88.97250000000003,1,0,Loyal,67.39375000000001
13.0,32.0,3.0,Laptop & Accessory,4.0,Married,2.0,0.0,13.0,156.05,0.0,51.915000000000006,1,0,Loyal,39.0125
0.0,6.0,3.0,Mobile,4.0,Single,2.0,1.0,4.0,132.02,0.0,40.806000000000004,1,1,,33.005
19.0,13.0,3.0,Laptop & Accessory,3.0,Married,3.0,0.0,0.0,152.58,0.0,52.67400000000001,1,0,Loyal,38.145
8.0,14.0,4.0,Mobile,1.0,Married,2.0,0.0,2.0,123.76,0.0,41.128,1,0,Regular,24.752000000000002
25.0,14.0,3.0,Mobile,5.0,Married,10.0,0.0,4.0,129.5,0.0,47.550000000000004,1,0,VIP,32.375
10.0,17.0,4.0,Fashion,2.0,Single,3.0,0.0,3.0,224.8,0.0,72.03999999999999,1,0,Regular,44.96
1.0,7.0,5.5,Laptop & Accessory,4.0,Single,8.0,0.0,1.0,192.35,0.0,60.205,1,0,New,29.592307692307692
19.0,14.0,3.0,Laptop & Accessory,3.0,Divorced,6.0,0.0,3.0,189.34,0.0,63.702000000000005,1,0,Loyal,47.335
6.0,31.0,3.0,Laptop & Accessory,3.0,Married,2.0,0.0,1.0,145.39,0.0,46.617,1,0,New,36.3475
1.0,32.0,4.0,Laptop & Accessory,5.0,Married,2.0,0.0,4.0,147.24,0.0,46.072,1,0,New,29.448
16.0,12.0,4.0,Mobile Phone,3.0,Married,6.0,0.0,1.0,145.93,0.0,50.179,1,0,Loyal,29.186
9.0,13.0,4.0,Mobile Phone,3.0,Divorced,2.0,1.0,3.0,160.06,0.0,52.318000000000005,1,1,Regular,32.012
1.0,26.0,3.0,Laptop & Accessory,2.0,Single,10.0,1.0,5.0,178.04,0.0,54.912,1,1,New,44.51
7.0,9.0,4.0,Mobile Phone,2.0,Single,2.0,0.0,3.0,150.0,0.0,48.7,1,0,Regular,30.0
1.0,25.0,2.0,Laptop & Accessory,3.0,Divorced,4.0,0.0,3.0,187.32,0.0,57.29599999999999,1,0,New,62.44
8.0,17.0,4.0,Mobile Phone,3.0,Divorced,3.0,1.0,1.0,147.2,0.0,48.16,1,1,Regular,29.439999999999998
9.0,21.0,3.0,Mobile Phone,1.0,Single,2.0,0.0,0.0,112.32,0.0,37.596000000000004,1,0,Regular,28.08
17.0,9.0,5.0,Fashion,1.0,Married,2.0,0.0,3.0,226.69,0.0,75.10699999999999,1,0,Loyal,37.781666666666666
9.0,15.0,4.0,Mobile,3.0,Single,2.0,0.0,8.0,122.06,0.0,40.918000000000006,1,0,Regular,24.412
7.0,12.0,5.0,Mobile Phone,1.0,Married,3.0,0.0,3.0,154.11,0.0,50.333000000000006,1,0,Regular,25.685000000000002
16.0,16.0,4.0,Mobile Phone,1.0,Single,3.0,0.0,9.0,161.73,0.0,54.919,1,0,Loyal,32.346
3.0,16.0,4.0,Laptop & Accessory,3.0,Married,2.0,0.0,4.0,165.78,0.0,52.234,1,0,New,33.156
11.0,8.0,3.0,Mobile Phone,1.0,Single,6.0,1.0,2.0,139.44,0.0,46.332,1,1,Regular,34.86
11.0,14.0,3.0,Mobile,5.0,Single,4.0,0.0,0.0,126.19,0.0,42.357,1,0,Regular,31.5475
13.0,11.0,4.0,Fashion,5.0,Divorced,6.0,1.0,12.0,204.75,0.0,66.925,1,1,Loyal,40.95
17.0,22.0,5.0,Grocery,3.0,Married,3.0,0.0,12.0,269.57500000000005,0.0,87.97250000000001,1,0,Loyal,44.929166666666674
11.0,12.0,5.0,Laptop & Accessory,1.0,Married,8.0,1.0,9.0,153.29,0.0,51.28699999999999,1,1,Regular,25.548333333333332
7.0,15.0,4.0,Laptop & Accessory,3.0,Single,4.0,1.0,1.0,188.88,0.0,60.364,1,1,Regular,37.775999999999996
6.0,12.0,5.0,Laptop & Accessory,4.0,Married,5.0,0.0,6.0,183.78,0.0,58.934,1,0,New,30.63
11.0,10.0,3.0,Mobile,3.0,Married,8.0,0.0,0.0,133.06,0.0,44.418,1,0,Regular,33.265
15.0,32.0,3.0,Fashion,5.0,Married,4.0,1.0,0.0,231.91000000000005,0.0,75.27300000000001,1,1,Loyal,57.97750000000001
13.0,35.0,5.0,Laptop & Accessory,5.0,Single,5.0,0.0,4.0,167.84,0.0,56.251999999999995,1,0,Loyal,27.973333333333333
6.0,12.0,4.0,Mobile Phone,4.0,Single,4.0,0.0,8.0,152.18,0.0,49.054,1,0,New,30.436
7.0,8.0,3.0,Laptop & Accessory,1.0,Single,2.0,0.0,4.0,162.74,0.0,52.12200000000001,1,0,Regular,40.685
0.0,13.0,5.0,Laptop & Accessory,3.0,Single,2.0,1.0,6.0,160.74,0.0,50.222,1,1,,26.790000000000003
16.0,9.0,5.0,Laptop & Accessory,2.0,Single,5.0,0.0,1.0,192.81,0.0,64.643,1,0,Loyal,32.135
5.0,17.0,4.0,Laptop & Accessory,1.0,Married,4.0,1.0,5.0,190.83,0.0,60.349000000000004,1,1,New,38.166000000000004
19.0,8.0,3.0,Fashion,1.0,Married,5.0,1.0,3.0,203.68,0.0,68.004,1,1,Loyal,50.92
9.0,22.0,3.0,Mobile,3.0,Single,2.0,0.0,4.0,121.44,0.0,40.332,1,0,Regular,30.36
0.0,13.0,4.0,Laptop & Accessory,5.0,Single,9.0,0.0,7.0,168.11,0.0,52.033,1,0,,33.622
20.0,31.0,4.0,Mobile Phone,1.0,Single,3.0,0.0,1.0,150.87,0.0,52.861000000000004,1,0,Loyal,30.174
8.0,7.0,4.0,Laptop & Accessory,4.0,Married,3.0,0.0,4.0,168.25,0.0,54.475,1,0,Regular,33.65
12.0,8.0,4.0,Laptop & Accessory,1.0,Married,9.0,0.0,4.0,152.04,0.0,50.812,1,0,Regular,30.407999999999998
1.0,8.0,4.0,Mobile Phone,3.0,Married,3.0,0.0,2.0,137.23,0.0,43.068999999999996,1,0,New,27.445999999999998
4.0,13.0,3.0,Fashion,5.0,Married,3.0,0.0,2.0,196.37,0.0,61.31100000000001,1,0,New,49.0925
9.0,7.0,5.0,Mobile Phone,5.0,Single,3.0,0.0,3.0,149.5,0.0,49.550000000000004,1,0,Regular,24.916666666666668
12.0,16.0,5.0,Mobile Phone,4.0,Divorced,2.0,0.0,3.0,153.99,0.0,51.797000000000004,1,0,Regular,25.665000000000003
25.0,7.0,4.0,Mobile Phone,2.0,Divorced,3.0,0.0,1.0,152.23,0.0,54.769,1,0,VIP,30.445999999999998
6.0,14.0,4.0,Laptop & Accessory,1.0,Married,6.0,0.0,3.0,217.04,0.0,68.51199999999999,1,0,New,43.408
21.0,9.0,4.0,Grocery,1.0,Married,3.0,1.0,1.0,269.57500000000005,0.0,88.77250000000001,1,1,Loyal,53.915000000000006
7.0,8.0,1.5,Mobile,1.0,Married,1.0,1.0,2.0,129.32,0.0,41.496,1,1,Regular,51.727999999999994
9.0,31.0,5.0,Mobile,3.0,Single,2.0,0.0,1.0,122.93,0.0,41.579,1,0,Regular,20.488333333333333
7.0,12.0,3.0,Laptop & Accessory,3.0,Single,2.0,0.0,10.0,148.09,0.0,47.727000000000004,1,0,Regular,37.0225
3.0,16.0,3.0,Fashion,3.0,Single,10.0,0.0,2.0,196.67,0.0,61.10099999999999,1,0,New,49.1675
0.0,9.0,3.0,Mobile,5.0,Single,1.0,0.0,4.0,131.02,0.0,40.50600000000001,1,0,,32.755
1.0,13.0,2.0,Mobile Phone,5.0,Married,3.0,1.0,1.0,141.01,0.0,43.40299999999999,1,1,New,47.00333333333333
13.0,8.0,3.0,Laptop & Accessory,4.0,Married,4.0,0.0,10.0,156.77,0.0,52.131,1,0,Loyal,39.1925
0.0,8.0,3.0,Mobile,4.0,Married,10.0,0.0,2.0,134.68,0.0,41.604000000000006,1,0,,33.67
9.0,30.0,3.0,Mobile,4.0,Single,2.0,0.0,4.0,121.77,0.0,40.431000000000004,1,0,Regular,30.4425
17.0,11.0,4.0,Mobile,3.0,Single,4.0,0.0,3.0,131.62,0.0,46.186,1,0,Loyal,26.324
8.0,14.0,4.0,Mobile,5.0,Single,2.0,0.0,2.0,124.5,0.0,41.35,1,0,Regular,24.9
0.0,14.0,5.0,Mobile,3.0,Married,1.0,0.0,0.0,123.51,0.0,39.053,1,0,,20.585
14.0,15.0,4.0,Laptop & Accessory,1.0,Married,5.0,1.0,3.0,165.69,0.0,55.507000000000005,1,1,Loyal,33.138
1.0,7.0,5.0,Fashion,3.0,Married,7.0,0.0,3.0,231.09,0.0,71.627,1,0,New,38.515
9.0,9.0,5.5,Others,4.0,Single,4.0,1.0,12.0,269.57500000000005,0.0,85.77250000000002,1,1,Regular,41.47307692307693
0.0,15.0,4.0,Mobile,5.0,Single,8.0,0.0,3.0,134.07,0.0,41.821,1,0,,26.814
20.0,33.0,5.0,Laptop & Accessory,4.0,Single,10.0,0.0,3.0,204.91,0.0,69.473,1,0,Loyal,34.151666666666664
17.0,16.0,3.0,Laptop & Accessory,1.0,Married,3.0,1.0,3.0,164.65,0.0,55.69500000000001,1,1,Loyal,41.1625
17.0,35.0,2.0,Mobile Phone,3.0,Single,6.0,0.0,3.0,172.39,0.0,57.61699999999999,1,0,Loyal,57.46333333333333
1.0,17.0,4.0,Fashion,3.0,Married,8.0,0.0,3.0,225.48,0.0,69.54399999999998,1,0,New,45.096
16.0,12.0,4.0,Fashion,4.0,Single,11.0,1.0,3.0,209.46,0.0,69.238,1,1,Loyal,41.892
0.0,10.0,5.0,Fashion,2.0,Divorced,2.0,0.0,8.0,204.0,0.0,63.199999999999996,1,0,,34.0
1.0,17.0,5.0,Mobile Phone,3.0,Single,3.0,0.0,3.0,151.25,0.0,47.675,1,0,New,25.208333333333332
0.0,6.0,3.0,Mobile Phone,4.0,Married,2.0,0.0,4.0,138.16,0.0,42.648,1,0,,34.54
20.0,7.0,4.0,Others,2.0,Married,11.0,0.0,3.0,269.57500000000005,0.0,88.47250000000001,1,0,Loyal,53.915000000000006
21.0,21.0,4.0,Laptop & Accessory,5.0,Single,4.0,0.0,8.0,174.6,0.0,60.279999999999994,1,0,Loyal,34.92
29.0,15.0,4.0,Grocery,3.0,Married,4.0,1.0,3.0,269.57500000000005,0.0,91.17250000000001,1,1,VIP,53.915000000000006
23.0,7.0,4.0,Mobile Phone,5.0,Married,4.0,0.0,3.0,160.8,0.0,56.74,1,0,Loyal,32.160000000000004
13.0,15.0,3.0,Fashion,3.0,Single,10.0,0.0,13.0,234.99,0.0,75.59700000000001,1,0,Loyal,58.7475
6.0,13.0,4.0,Mobile Phone,3.0,Single,5.0,0.0,5.0,155.38,0.0,50.013999999999996,1,0,New,31.076
4.0,14.0,4.0,Mobile Phone,5.0,Single,5.0,1.0,4.0,146.66,0.0,46.798,1,1,New,29.332
9.0,6.0,3.0,Mobile,4.0,Single,2.0,0.0,1.0,120.96,0.0,40.188,1,0,Regular,30.24
5.0,9.0,5.0,Laptop & Accessory,5.0,Divorced,5.0,0.0,1.0,189.1,0.0,60.23,1,0,New,31.516666666666666
6.0,15.0,5.0,Laptop & Accessory,3.0,Single,9.0,0.0,3.0,153.46,0.0,49.838,1,0,New,25.576666666666668
3.0,10.0,4.0,Laptop & Accessory,4.0,Married,2.0,1.0,7.0,152.09,0.0,48.127,1,1,New,30.418
5.0,14.0,1.5,Laptop & Accessory,3.0,Divorced,6.0,0.0,3.0,151.75,0.0,47.625,1,0,New,60.7
1.0,6.0,5.0,Mobile Phone,3.0,Single,3.0,0.0,3.0,155.33,0.0,48.899,1,0,New,25.888333333333335
11.0,17.0,4.0,Mobile Phone,5.0,Married,2.0,1.0,4.0,152.82,0.0,50.745999999999995,1,1,Regular,30.564
10.0,25.0,3.0,Fashion,4.0,Single,2.0,1.0,9.0,176.42,0.0,57.126,1,1,Regular,44.105
27.0,9.0,5.0,Grocery,1.0,Married,4.0,0.0,8.0,269.57500000000005,0.0,90.97250000000001,1,0,VIP,44.929166666666674
11.0,14.0,4.0,Mobile,4.0,Single,2.0,0.0,3.0,124.4,0.0,42.22,1,0,Regular,24.880000000000003
1.0,10.0,4.0,Mobile Phone,5.0,Single,2.0,0.0,5.0,156.02,0.0,48.706,1,0,New,31.204
27.0,13.0,4.0,Laptop & Accessory,1.0,Single,4.0,0.0,3.0,149.5,0.0,54.550000000000004,1,0,VIP,29.9
5.0,16.0,3.0,Laptop & Accessory,1.0,Single,2.0,0.0,8.0,153.96,0.0,48.888000000000005,1,0,New,38.49
17.0,6.0,4.0,Laptop & Accessory,3.0,Single,5.0,0.0,2.0,159.85,0.0,54.655,1,0,Loyal,31.97
28.0,14.0,4.0,Grocery,4.0,Married,2.0,1.0,0.0,235.77,0.0,80.731,1,1,VIP,47.154
6.0,17.0,4.0,Laptop & Accessory,1.0,Single,3.0,0.0,9.0,178.96,0.0,57.088,1,0,New,35.792
1.0,7.0,5.0,Mobile Phone,4.0,Single,3.0,0.0,1.0,153.36,0.0,48.308,1,0,New,25.560000000000002
3.0,28.0,3.0,Fashion,5.0,Married,1.0,0.0,8.0,184.12,0.0,57.336,1,0,New,46.03
9.0,23.0,5.0,Mobile,3.0,Married,2.0,0.0,2.0,123.05,0.0,41.615,1,0,Regular,20.508333333333333
16.0,12.0,4.0,Grocery,2.0,Married,5.0,1.0,0.0,266.27,0.0,86.28099999999998,1,1,Loyal,53.254
14.0,9.0,5.0,Mobile Phone,3.0,Single,4.0,0.0,3.0,153.09,0.0,52.127,1,0,Loyal,25.515
13.0,8.0,3.0,Mobile,5.0,Married,5.0,0.0,2.0,133.77,0.0,45.231,1,0,Loyal,33.4425
9.0,12.0,5.0,Mobile,3.0,Married,2.0,0.0,7.0,127.41,0.0,42.923,1,0,Regular,21.235
17.0,8.0,3.0,Fashion,3.0,Single,6.0,1.0,2.0,202.09,0.0,66.92699999999999,1,1,Loyal,50.5225
16.0,12.0,4.0,Grocery,1.0,Married,5.0,1.0,0.0,266.27,0.0,86.28099999999998,1,1,Loyal,53.254
19.0,9.0,3.0,Grocery,3.0,Divorced,4.0,0.0,9.0,269.57500000000005,0.0,87.77250000000002,1,0,Loyal,67.39375000000001
16.0,14.0,3.0,Mobile,2.0,Single,1.0,0.0,7.0,124.55,0.0,43.364999999999995,1,0,Loyal,31.1375
6.0,31.0,3.0,Laptop & Accessory,3.0,Divorced,2.0,0.0,1.0,145.39,0.0,46.617,1,0,New,36.3475
14.0,12.0,4.0,Laptop & Accessory,4.0,Single,7.0,1.0,2.0,160.32,0.0,53.896,1,1,Loyal,32.064
8.0,13.0,4.0,Mobile,1.0,Married,2.0,0.0,1.0,126.9,0.0,42.07,1,0,Regular,25.380000000000003
9.0,16.0,3.0,Fashion,1.0,Single,2.0,0.0,7.0,199.8,0.0,63.84,1,0,Regular,49.95
18.0,13.0,3.0,Fashion,5.0,Married,3.0,0.0,0.0,197.24,0.0,65.772,1,0,Loyal,49.31
0.0,8.0,3.0,Laptop & Accessory,1.0,Married,1.0,0.0,2.0,142.27,0.0,43.88100000000001,1,0,,35.5675
9.0,7.0,3.0,Mobile Phone,3.0,Married,2.0,0.0,1.0,112.23,0.0,37.569,1,0,Regular,28.0575
9.0,10.0,3.0,Mobile,1.0,Married,2.0,0.0,0.0,119.51,0.0,39.75300000000001,1,0,Regular,29.8775
3.0,13.0,5.0,Mobile Phone,4.0,Married,3.0,0.0,1.0,153.04,0.0,48.812,1,0,New,25.506666666666664
4.0,25.0,4.0,Mobile Phone,3.0,Single,3.0,0.0,5.0,151.32,0.0,48.196,1,0,New,30.264
11.0,7.0,5.0,Laptop & Accessory,3.0,Married,3.0,0.0,8.0,184.93,0.0,60.778999999999996,1,0,Regular,30.82166666666667
1.0,29.0,4.0,Mobile Phone,3.0,Divorced,6.0,1.0,2.0,146.32,0.0,45.79599999999999,1,1,New,29.264
16.0,30.0,3.0,Fashion,5.0,Single,7.0,1.0,2.0,204.48,0.0,67.344,1,1,Loyal,51.12
7.0,16.0,1.5,Laptop & Accessory,1.0,Married,2.0,0.0,2.0,147.24,0.0,46.87200000000001,1,0,Regular,58.896
5.0,19.0,4.0,Mobile Phone,1.0,Married,10.0,1.0,3.0,164.29,0.0,52.387,1,1,New,32.858
1.0,25.0,4.0,Laptop & Accessory,3.0,Divorced,2.0,1.0,3.0,171.14,0.0,53.24199999999999,1,1,New,34.227999999999994
4.0,10.0,4.0,Mobile Phone,3.0,Married,3.0,0.0,1.0,145.83,0.0,46.54900000000001,1,0,New,29.166000000000004
15.0,12.0,3.0,Fashion,5.0,Married,10.0,0.0,7.0,233.48,0.0,75.744,1,0,Loyal,58.37
9.0,16.0,3.0,Mobile,4.0,Married,2.0,0.0,0.0,120.08,0.0,39.92400000000001,1,0,Regular,30.02
8.0,10.0,3.0,Laptop & Accessory,3.0,Single,2.0,1.0,1.0,142.49,0.0,46.347,1,1,Regular,35.6225
0.0,14.0,3.0,Mobile,5.0,Married,2.0,1.0,0.0,123.98,0.0,38.394000000000005,1,1,,30.995
2.0,23.0,4.0,Fashion,5.0,Single,2.0,0.0,9.0,179.88,0.0,56.164,1,0,New,35.976
5.0,12.0,3.0,Laptop & Accessory,3.0,Single,2.0,0.0,7.0,150.1,0.0,47.73,1,0,New,37.525
0.0,26.0,3.0,Fashion,3.0,Married,4.0,0.0,0.0,198.24,0.0,60.672000000000004,1,0,,49.56
1.0,19.0,5.0,Mobile Phone,5.0,Married,3.0,0.0,1.0,145.33,0.0,45.899,1,0,New,24.221666666666668
11.0,31.0,4.0,Fashion,4.0,Divorced,4.0,0.0,3.0,220.61,0.0,71.083,1,0,Regular,44.122
2.0,9.0,3.0,Laptop & Accessory,3.0,Divorced,2.0,0.0,2.0,155.61,0.0,48.483000000000004,1,0,New,38.9025
11.0,9.0,3.0,Laptop & Accessory,3.0,Single,4.0,1.0,2.0,143.17,0.0,47.45099999999999,1,1,Regular,35.7925
11.0,7.0,4.0,Fashion,1.0,Married,4.0,1.0,3.0,261.03,0.0,83.20899999999997,1,1,Regular,52.205999999999996
15.0,8.0,3.0,Mobile,3.0,Married,1.0,1.0,0.0,126.96,0.0,43.788,1,1,Loyal,31.74
4.0,34.0,4.0,Laptop & Accessory,2.0,Married,9.0,0.0,8.0,178.04,0.0,56.212,1,0,New,35.608
19.0,9.0,4.0,Laptop & Accessory,4.0,Married,2.0,0.0,8.0,173.05,0.0,59.215,1,0,Loyal,34.61
0.0,14.0,3.0,Mobile,3.0,Divorced,2.0,0.0,2.0,126.1,0.0,39.03,1,0,,31.525
10.0,13.0,3.0,Fashion,3.0,Single,5.0,0.0,2.0,236.64,0.0,75.192,1,0,Regular,59.16
3.0,16.0,4.0,Mobile Phone,3.0,Married,11.0,0.0,3.0,154.74,0.0,48.922000000000004,1,0,New,30.948
7.0,30.0,4.0,Fashion,1.0,Single,3.0,1.0,13.0,259.58,0.0,81.57399999999998,1,1,Regular,51.916
21.0,12.0,4.0,Others,3.0,Married,6.0,0.0,2.0,269.57500000000005,0.0,88.77250000000001,1,0,Loyal,53.915000000000006
19.0,8.0,3.0,Grocery,3.0,Married,7.0,0.0,1.0,269.57500000000005,0.0,87.77250000000002,1,0,Loyal,67.39375000000001
4.0,9.0,5.0,Laptop & Accessory,1.0,Married,3.0,0.0,9.0,166.52,0.0,53.156000000000006,1,0,New,27.753333333333334
21.0,9.0,4.0,Laptop & Accessory,4.0,Married,9.0,0.0,1.0,174.78,0.0,60.333999999999996,1,0,Loyal,34.956
1.0,36.0,5.5,Laptop & Accessory,5.0,Single,10.0,0.0,3.0,174.69,0.0,54.907,1,0,New,26.875384615384615
19.0,24.0,3.0,Laptop & Accessory,3.0,Married,3.0,0.0,8.0,148.1,0.0,51.330000000000005,1,0,Loyal,37.025
33.0,7.0,2.0,Laptop & Accessory,3.0,Divorced,2.0,0.0,9.0,174.0,0.0,62.89999999999999,1,0,VIP,58.0
13.0,8.0,1.5,Laptop & Accessory,4.0,Divorced,2.0,0.0,7.0,142.44,0.0,47.232,1,0,Loyal,56.976
8.0,31.0,4.0,Laptop & Accessory,2.0,Single,5.0,0.0,2.0,136.81,0.0,45.043,1,0,Regular,27.362000000000002
12.0,7.0,5.0,Laptop & Accessory,1.0,Single,6.0,0.0,3.0,211.86,0.0,69.15799999999999,1,0,Regular,35.31
15.0,32.0,3.0,Grocery,4.0,Married,6.0,0.0,8.0,235.25,0.0,76.275,1,0,Loyal,58.8125
1.0,7.0,4.0,Mobile Phone,3.0,Single,2.0,0.0,6.0,145.58,0.0,45.574,1,0,New,29.116000000000003
0.0,11.0,3.0,Mobile Phone,1.0,Single,2.0,0.0,0.0,110.51,0.0,34.353,1,0,,27.6275
8.0,22.0,4.0,Fashion,4.0,Single,2.0,0.0,3.0,186.06,0.0,59.818,1,0,Regular,37.212
22.0,13.0,3.0,Fashion,4.0,Married,4.0,0.0,7.0,204.66,0.0,69.198,1,0,Loyal,51.165
1.0,16.0,3.0,Laptop & Accessory,3.0,Single,4.0,0.0,7.0,136.6,0.0,42.48,1,0,New,34.15
9.0,15.0,4.0,Laptop & Accessory,3.0,Married,3.0,0.0,10.0,166.48,0.0,54.244,1,0,Regular,33.296
3.0,9.0,4.0,Laptop & Accessory,1.0,Married,3.0,0.0,3.0,213.53,0.0,66.559,1,0,New,42.706
12.0,17.0,3.0,Fashion,2.0,Divorced,2.0,0.0,7.0,176.54,0.0,57.762,1,0,Regular,44.135
19.0,14.0,4.0,Mobile Phone,3.0,Divorced,6.0,1.0,3.0,169.77,0.0,58.23100000000001,1,1,Loyal,33.954
19.0,27.0,4.0,Laptop & Accessory,3.0,Single,10.0,0.0,2.0,173.5,0.0,59.35,1,0,Loyal,34.7
26.0,13.0,1.5,Grocery,3.0,Married,4.0,0.0,3.0,248.14,0.0,82.84199999999998,1,0,VIP,99.256
20.0,10.0,4.0,Fashion,4.0,Married,9.0,1.0,10.0,203.33,0.0,68.599,1,1,Loyal,40.666000000000004
9.0,14.0,4.0,Mobile Phone,3.0,Married,3.0,0.0,1.0,149.04,0.0,49.012,1,0,Regular,29.808
13.0,15.0,3.0,Laptop & Accessory,3.0,Married,4.0,0.0,7.0,139.75,0.0,47.025,1,0,Loyal,34.9375
17.0,30.0,5.0,Mobile Phone,3.0,Single,3.0,0.0,4.0,137.08,0.0,48.224000000000004,1,0,Loyal,22.846666666666668
8.0,17.0,4.0,Mobile Phone,3.0,Single,3.0,1.0,3.0,154.36,0.0,50.308,1,1,Regular,30.872000000000003
7.0,14.0,3.0,Mobile,4.0,Married,2.0,1.0,3.0,123.42,0.0,40.326,1,1,Regular,30.855
1.0,22.0,4.0,Mobile Phone,1.0,Single,3.0,0.0,1.0,137.32,0.0,43.096,1,0,New,27.464
12.0,24.0,3.0,Laptop & Accessory,3.0,Single,1.0,0.0,7.0,145.34,0.0,48.402,1,0,Regular,36.335
9.0,7.0,4.0,Fashion,4.0,Divorced,3.0,0.0,7.0,197.95,0.0,63.684999999999995,1,0,Regular,39.589999999999996
2.0,14.0,3.0,Mobile,3.0,Single,2.0,0.0,0.0,126.42,0.0,39.726000000000006,1,0,New,31.605
4.0,9.0,4.0,Mobile Phone,4.0,Married,3.0,0.0,1.0,149.76,0.0,47.728,1,0,New,29.951999999999998
29.0,8.0,2.0,Grocery,1.0,Married,4.0,0.0,1.0,269.57500000000005,0.0,90.37250000000002,1,0,VIP,89.85833333333335
1.0,14.0,4.0,Mobile Phone,3.0,Divorced,3.0,1.0,3.0,153.86,0.0,48.058,1,1,New,30.772000000000002
20.0,20.0,4.0,Laptop & Accessory,4.0,Single,8.0,0.0,10.0,180.62,0.0,61.786,1,0,Loyal,36.124
1.0,31.0,2.0,Mobile Phone,5.0,Single,3.0,0.0,1.0,135.91,0.0,41.87299999999999,1,0,New,45.303333333333335
10.0,7.0,4.0,Laptop & Accessory,1.0,Married,2.0,0.0,11.0,164.74,0.0,54.022000000000006,1,0,Regular,32.948
1.0,7.0,4.0,Laptop & Accessory,4.0,Divorced,2.0,1.0,5.0,188.49,0.0,58.447,1,1,New,37.698
9.0,9.0,5.0,Fashion,4.0,Married,4.0,0.0,3.0,227.74,0.0,73.022,1,0,Regular,37.95666666666667
4.0,30.0,4.0,Laptop & Accessory,5.0,Single,2.0,0.0,8.0,168.12,0.0,53.236000000000004,1,0,New,33.624
4.0,11.0,3.0,Laptop & Accessory,3.0,Married,2.0,0.0,2.0,183.46,0.0,57.43800000000001,1,0,New,45.865
10.0,6.0,4.0,Laptop & Accessory,3.0,Married,2.0,0.0,7.0,159.93,0.0,52.579,1,0,Regular,31.986
13.0,7.0,3.0,Grocery,5.0,Married,3.0,0.0,14.5,268.23,0.0,85.56900000000002,1,0,Loyal,67.0575
1.0,17.0,5.0,Mobile Phone,5.0,Single,8.0,1.0,1.0,149.04,0.0,47.01199999999999,1,1,New,24.84
8.0,6.0,3.0,Fashion,4.0,Married,2.0,0.0,6.0,172.95,0.0,55.485,1,0,Regular,43.2375
11.0,14.0,1.5,Mobile,3.0,Married,2.0,0.0,3.0,126.1,0.0,41.73,1,0,Regular,50.44
1.0,16.0,4.0,Mobile Phone,2.0,Single,3.0,0.0,3.0,151.1,0.0,47.23,1,0,New,30.22
15.0,15.0,3.0,Mobile Phone,1.0,Single,2.0,0.0,8.0,136.73,0.0,46.719,1,0,Loyal,34.1825
24.0,9.0,3.0,Fashion,3.0,Married,3.0,0.0,3.0,231.16000000000005,0.0,77.74800000000002,1,0,Loyal,57.79000000000001
30.0,7.0,4.0,Mobile Phone,5.0,Divorced,4.0,0.0,1.0,145.66,0.0,54.298,1,0,VIP,29.131999999999998
1.0,25.0,2.0,Laptop & Accessory,3.0,Married,4.0,0.0,3.0,187.32,0.0,57.29599999999999,1,0,New,62.44
1.0,16.0,4.0,Mobile Phone,5.0,Single,3.0,0.0,3.0,152.28,0.0,47.583999999999996,1,0,New,30.456
20.0,10.0,4.0,Grocery,3.0,Married,5.0,0.0,10.0,269.57500000000005,0.0,88.47250000000001,1,0,Loyal,53.915000000000006
0.0,18.0,3.0,Laptop & Accessory,1.0,Single,4.0,1.0,7.0,145.81,0.0,44.943000000000005,1,1,,36.4525
1.0,23.0,4.0,Mobile Phone,4.0,Married,4.0,1.0,3.0,148.73,0.0,46.51899999999999,1,1,New,29.746
6.0,22.0,3.0,Laptop & Accessory,1.0,Married,2.0,1.0,2.0,153.68,0.0,49.104,1,1,New,38.42
17.0,13.0,5.0,Laptop & Accessory,3.0,Single,3.0,1.0,9.0,165.81,0.0,56.843,1,1,Loyal,27.635
7.0,9.0,4.0,Mobile Phone,1.0,Single,2.0,0.0,3.0,150.0,0.0,48.7,1,0,Regular,30.0
17.0,22.0,5.0,Grocery,3.0,Married,3.0,0.0,12.0,269.57500000000005,0.0,87.97250000000001,1,0,Loyal,44.929166666666674
13.0,7.0,3.0,Laptop & Accessory,1.0,Married,5.0,0.0,3.0,165.13,0.0,54.638999999999996,1,0,Loyal,41.2825
5.0,14.0,4.0,Fashion,5.0,Married,4.0,0.0,3.0,221.37,0.0,69.511,1,0,New,44.274
0.0,8.0,4.0,Mobile Phone,1.0,Single,2.0,0.0,0.0,111.02,0.0,34.906,1,0,,22.204
16.0,33.0,3.0,Fashion,5.0,Divorced,9.0,0.0,1.0,208.2,0.0,68.46,1,0,Loyal,52.05
1.0,36.0,5.5,Laptop & Accessory,5.0,Single,10.0,0.0,3.0,174.69,0.0,54.907,1,0,New,26.875384615384615
17.0,17.0,5.0,Laptop & Accessory,3.0,Married,3.0,0.0,1.0,177.57,0.0,60.370999999999995,1,0,Loyal,29.595
9.0,7.0,5.5,Mobile Phone,1.0,Married,3.0,0.0,2.0,154.77,0.0,51.33100000000001,1,0,Regular,23.810769230769232
14.0,16.0,4.0,Mobile Phone,4.0,Married,10.0,1.0,1.0,161.17,0.0,54.150999999999996,1,1,Loyal,32.233999999999995
4.0,9.0,5.0,Mobile Phone,5.0,Single,2.0,0.0,8.0,174.68,0.0,55.604000000000006,1,0,New,29.113333333333333
9.0,23.0,4.0,Laptop & Accessory,4.0,Married,3.0,0.0,3.0,155.07,0.0,50.821,1,0,Regular,31.014
8.0,9.0,4.0,Laptop & Accessory,3.0,Single,4.0,0.0,3.0,165.33,0.0,53.599000000000004,1,0,Regular,33.066
7.0,7.0,3.0,Fashion,1.0,Single,2.0,0.0,1.0,198.88,0.0,62.964,1,0,Regular,49.72
1.0,30.0,5.0,Fashion,5.0,Married,3.0,0.0,11.0,198.36,0.0,61.808,1,0,New,33.06
19.0,33.0,5.0,Laptop & Accessory,5.0,Married,3.0,0.0,6.0,168.85,0.0,58.355,1,0,Loyal,28.141666666666666
1.0,33.0,4.0,Laptop & Accessory,1.0,Married,3.0,1.0,9.0,181.17,0.0,56.25099999999999,1,1,New,36.233999999999995
8.0,7.0,5.0,Fashion,5.0,Divorced,11.0,0.0,3.0,229.82,0.0,73.346,1,0,Regular,38.303333333333335
6.0,20.0,3.0,Mobile,4.0,Married,2.0,0.0,6.0,127.56,0.0,41.268,1,0,New,31.89
13.0,12.0,3.0,Grocery,3.0,Single,8.0,0.0,13.0,232.37,0.0,74.811,1,0,Loyal,58.0925
13.0,8.0,1.5,Laptop & Accessory,3.0,Married,6.0,0.0,8.0,163.77,0.0,53.631,1,0,Loyal,65.50800000000001
12.0,10.0,4.0,Fashion,3.0,Married,2.0,0.0,3.0,231.09,0.0,74.52699999999999,1,0,Regular,46.218
10.0,20.0,4.0,Mobile Phone,4.0,Divorced,5.0,0.0,5.0,146.43,0.0,48.529,1,0,Regular,29.286
1.0,30.0,5.0,Laptop & Accessory,3.0,Married,3.0,0.0,9.0,160.4,0.0,50.419999999999995,1,0,New,26.733333333333334
4.0,16.0,3.0,Fashion,3.0,Married,5.0,0.0,3.0,210.31,0.0,65.493,1,0,New,52.5775
8.0,31.0,4.0,Fashion,4.0,Married,4.0,0.0,8.0,209.03,0.0,66.709,1,0,Regular,41.806
6.0,11.0,4.0,Mobile Phone,4.0,Divorced,4.0,0.0,3.0,164.31,0.0,52.693,1,0,New,32.862
5.0,14.0,3.0,Mobile,5.0,Single,2.0,0.0,2.0,124.39,0.0,40.017,1,0,New,31.0975
17.0,32.0,5.0,Fashion,1.0,Married,7.0,0.0,1.0,232.98,0.0,76.99399999999999,1,0,Loyal,38.83
22.0,11.0,5.0,Fashion,3.0,Single,9.0,0.0,9.0,234.99,0.0,79.097,1,0,Loyal,39.165
8.0,16.0,3.0,Mobile Phone,2.0,Married,2.0,0.0,2.0,139.17,0.0,45.351,1,0,Regular,34.7925
7.0,14.0,3.0,Mobile,3.0,Married,2.0,1.0,6.0,125.79,0.0,41.037000000000006,1,1,Regular,31.4475
21.0,10.0,3.0,Fashion,1.0,Single,2.0,0.0,8.0,178.98,0.0,61.193999999999996,1,0,Loyal,44.745
0.0,16.0,4.0,Fashion,5.0,Married,10.0,0.0,0.0,203.06,0.0,62.518,1,0,,40.612
0.0,9.0,3.0,Laptop & Accessory,3.0,Married,1.0,0.0,2.0,149.99,0.0,46.197,1,0,,37.4975
0.0,7.0,4.0,Laptop & Accessory,3.0,Single,2.0,0.0,2.0,146.17,0.0,45.45099999999999,1,0,,29.233999999999998
16.0,12.0,4.0,Others,3.0,Divorced,8.0,0.0,1.0,269.57500000000005,0.0,87.27250000000001,1,0,Loyal,53.915000000000006
13.0,17.0,4.0,Fashion,3.0,Single,9.0,0.0,3.0,259.64,0.0,83.392,1,0,Loyal,51.928
9.0,13.0,3.0,Mobile,5.0,Single,4.0,1.0,3.0,121.66,0.0,40.398,1,1,Regular,30.415
19.0,32.0,4.0,Others,4.0,Single,5.0,0.0,1.0,269.57500000000005,0.0,88.17250000000001,1,0,Loyal,53.915000000000006
12.0,7.0,5.0,Laptop & Accessory,2.0,Single,6.0,0.0,3.0,211.86,0.0,69.15799999999999,1,0,Regular,35.31
1.0,28.0,2.0,Mobile Phone,2.0,Single,3.0,0.0,3.0,151.78,0.0,46.63399999999999,1,0,New,50.593333333333334
24.0,7.0,4.0,Others,4.0,Married,5.0,1.0,8.0,269.57500000000005,0.0,89.67250000000001,1,1,Loyal,53.915000000000006
18.0,27.0,4.0,Mobile Phone,4.0,Single,3.0,0.0,4.0,159.2,0.0,54.76,1,0,Loyal,31.839999999999996
18.0,15.0,2.0,Mobile Phone,2.0,Divorced,4.0,1.0,3.0,153.18,0.0,52.153999999999996,1,1,Loyal,51.06
9.0,30.0,4.0,Mobile,3.0,Single,6.0,1.0,3.0,120.28,0.0,40.384,1,1,Regular,24.056
16.0,11.0,4.0,Others,2.0,Divorced,3.0,0.0,14.5,269.57500000000005,0.0,87.27250000000001,1,0,Loyal,53.915000000000006
5.0,15.0,4.0,Fashion,1.0,Married,3.0,0.0,10.0,232.93,0.0,72.979,1,0,New,46.586
9.0,14.0,1.5,Laptop & Accessory,1.0,Married,5.0,0.0,3.0,125.71,0.0,41.013,1,0,Regular,50.284
10.0,9.0,4.0,Laptop & Accessory,4.0,Married,6.0,1.0,1.0,194.62,0.0,62.986,1,1,Regular,38.924
0.0,9.0,4.0,Mobile,3.0,Single,2.0,0.0,0.0,132.3,0.0,41.290000000000006,1,0,,26.46
20.0,14.0,4.0,Fashion,3.0,Married,8.0,0.0,8.0,233.45,0.0,77.63499999999999,1,0,Loyal,46.69
3.0,9.0,4.0,Mobile Phone,4.0,Married,2.0,0.0,5.0,152.03,0.0,48.109,1,0,New,30.406
3.0,17.0,5.0,Laptop & Accessory,3.0,Single,11.0,0.0,5.0,183.69,0.0,58.007,1,0,New,30.615
16.0,15.0,4.0,Mobile Phone,3.0,Single,6.0,0.0,1.0,164.68,0.0,55.804,1,0,Loyal,32.936
9.0,23.0,5.0,Fashion,4.0,Single,3.0,0.0,3.0,211.06,0.0,68.018,1,0,Regular,35.17666666666667
11.0,36.0,4.0,Fashion,4.0,Divorced,3.0,1.0,10.0,243.49,0.0,77.94699999999999,1,1,Regular,48.698
16.0,9.0,4.0,Grocery,5.0,Married,2.0,0.0,8.0,269.57500000000005,0.0,87.27250000000001,1,0,Loyal,53.915000000000006
1.0,7.0,2.0,Fashion,4.0,Single,3.0,0.0,8.0,199.46,0.0,60.937999999999995,1,0,New,66.48666666666666
1.0,7.0,4.0,Fashion,5.0,Divorced,3.0,0.0,8.0,199.12,0.0,61.635999999999996,1,0,New,39.824
15.0,12.0,2.0,Mobile Phone,3.0,Divorced,4.0,1.0,4.0,146.27,0.0,49.181,1,1,Loyal,48.75666666666667
5.0,11.0,3.0,Laptop & Accessory,4.0,Divorced,2.0,0.0,3.0,165.24,0.0,52.272000000000006,1,0,New,41.31
22.0,13.0,3.0,Fashion,4.0,Married,4.0,0.0,7.0,204.66,0.0,69.198,1,0,Loyal,51.165
1.0,9.0,4.0,Laptop & Accessory,3.0,Single,3.0,1.0,5.0,169.78,0.0,52.833999999999996,1,1,New,33.956
8.0,22.0,4.0,Laptop & Accessory,5.0,Single,3.0,0.0,7.0,186.25,0.0,59.875,1,0,Regular,37.25
1.0,11.0,5.0,Mobile Phone,1.0,Married,2.0,0.0,5.0,156.62,0.0,49.285999999999994,1,0,New,26.103333333333335
1.0,15.0,5.0,Mobile Phone,4.0,Single,3.0,0.0,1.0,137.61,0.0,43.583,1,0,New,22.935000000000002
1.0,24.0,4.0,Mobile Phone,3.0,Married,2.0,1.0,1.0,152.41,0.0,47.623,1,1,New,30.482
22.0,9.0,4.0,Laptop & Accessory,5.0,Divorced,5.0,0.0,2.0,147.89,0.0,52.567,1,0,Loyal,29.577999999999996
1.0,7.0,5.0,Mobile Phone,3.0,Married,3.0,0.0,4.0,145.07,0.0,45.82099999999999,1,0,New,24.17833333333333
11.0,31.0,4.0,Fashion,4.0,Married,4.0,0.0,3.0,220.61,0.0,71.083,1,0,Regular,44.122
1.0,14.0,4.0,Mobile Phone,4.0,Single,3.0,1.0,1.0,149.72,0.0,46.815999999999995,1,1,New,29.944
9.0,24.0,3.0,Laptop & Accessory,2.0,Single,3.0,0.0,9.0,177.79,0.0,57.237,1,0,Regular,44.4475
10.0,19.0,4.0,Laptop & Accessory,3.0,Married,11.0,1.0,2.0,171.63,0.0,56.089,1,1,Regular,34.326
0.0,6.0,3.0,Mobile,4.0,Single,2.0,1.0,4.0,132.02,0.0,40.806000000000004,1,1,,33.005
0.0,28.0,4.0,Mobile,4.0,Married,2.0,0.0,0.0,128.63,0.0,40.189,1,0,,25.726
5.0,7.0,5.0,Mobile Phone,5.0,Married,3.0,0.0,3.0,147.18,0.0,47.654,1,0,New,24.53
1.0,35.0,5.0,Laptop & Accessory,5.0,Single,5.0,0.0,4.0,167.84,0.0,52.651999999999994,1,0,New,27.973333333333333
10.0,25.0,4.0,Mobile Phone,1.0,Single,3.0,0.0,8.0,146.53,0.0,48.559,1,0,Regular,29.306
9.0,7.0,3.0,Mobile,5.0,Single,3.0,0.0,2.0,120.8,0.0,40.14,1,0,Regular,30.2
13.0,10.0,3.0,Others,3.0,Divorced,2.0,0.0,9.0,269.57500000000005,0.0,85.97250000000003,1,0,Loyal,67.39375000000001
5.0,18.0,4.0,Mobile Phone,1.0,Married,5.0,1.0,3.0,148.56,0.0,47.668,1,1,New,29.712
31.0,10.0,2.0,Mobile Phone,5.0,Married,6.0,1.0,1.0,151.7,0.0,55.60999999999999,1,1,VIP,50.56666666666666
13.0,22.0,3.0,Mobile,3.0,Married,10.0,0.0,0.0,135.44,0.0,45.732,1,0,Loyal,33.86
1.0,15.0,4.0,Mobile Phone,3.0,Single,3.0,0.0,1.0,144.04,0.0,45.111999999999995,1,0,New,28.808
0.0,6.0,3.0,Mobile,1.0,Single,2.0,1.0,8.0,126.86,0.0,39.258,1,1,,31.715
8.0,14.0,3.0,Mobile,3.0,Divorced,2.0,0.0,0.0,124.04,0.0,40.812000000000005,1,0,Regular,31.01
1.0,31.0,5.0,Mobile Phone,3.0,Single,7.0,1.0,4.0,145.28,0.0,45.88399999999999,1,1,New,24.213333333333335
15.0,10.0,5.0,Laptop & Accessory,4.0,Married,4.0,0.0,3.0,214.38,0.0,70.814,1,0,Loyal,35.73
18.0,16.0,4.0,Mobile Phone,5.0,Divorced,3.0,1.0,2.0,150.59,0.0,52.177,1,1,Loyal,30.118000000000002
13.0,25.0,4.0,Laptop & Accessory,3.0,Single,2.0,0.0,8.0,170.34,0.0,56.602,1,0,Loyal,34.068
23.0,6.0,3.0,Grocery,2.0,Married,10.0,0.0,3.0,269.57500000000005,0.0,88.97250000000003,1,0,Loyal,67.39375000000001
6.0,6.0,1.5,Laptop & Accessory,4.0,Divorced,2.0,1.0,2.0,154.88,0.0,48.864,1,1,New,61.952
16.0,8.0,3.0,Mobile,1.0,Single,1.0,0.0,8.0,135.39,0.0,46.617,1,0,Loyal,33.8475
5.0,9.0,4.0,Mobile Phone,3.0,Married,2.0,0.0,3.0,155.67,0.0,49.800999999999995,1,0,New,31.133999999999997
1.0,15.0,5.0,Laptop & Accessory,5.0,Single,8.0,0.0,3.0,178.26,0.0,55.77799999999999,1,0,New,29.709999999999997
11.0,13.0,2.0,Laptop & Accessory,5.0,Married,6.0,1.0,8.0,184.74,0.0,59.522,1,1,Regular,61.580000000000005
23.0,14.0,5.0,Fashion,3.0,Single,10.0,0.0,1.0,170.0,0.0,59.9,1,0,Loyal,28.333333333333332
1.0,36.0,4.0,Laptop & Accessory,3.0,Married,7.0,0.0,1.0,168.06,0.0,52.318,1,0,New,33.612
4.0,30.0,3.0,Laptop & Accessory,1.0,Single,3.0,0.0,4.0,152.38,0.0,48.114000000000004,1,0,New,38.095
9.0,17.0,3.0,Mobile,4.0,Divorced,2.0,0.0,2.0,122.44,0.0,40.632000000000005,1,0,Regular,30.61
26.0,14.0,3.0,Grocery,1.0,Married,6.0,0.0,3.0,218.36,0.0,74.508,1,0,VIP,54.59
10.0,19.0,5.0,Fashion,1.0,Single,2.0,0.0,3.0,213.58,0.0,69.074,1,0,Regular,35.59666666666667
3.0,9.0,4.0,Laptop & Accessory,3.0,Divorced,3.0,0.0,3.0,171.49,0.0,53.947,1,0,New,34.298
30.0,21.0,3.0,Grocery,3.0,Married,3.0,1.0,2.0,257.87,0.0,87.561,1,1,VIP,64.4675
0.0,14.0,3.0,Mobile,4.0,Single,1.0,0.0,2.0,124.22,0.0,38.466,1,0,,31.055
16.0,8.0,3.0,Laptop & Accessory,1.0,Married,2.0,0.0,7.0,156.75,0.0,53.025,1,0,Loyal,39.1875
6.0,19.0,3.0,Mobile,2.0,Single,4.0,0.0,2.0,134.52,0.0,43.356,1,0,New,33.63
13.0,15.0,3.0,Mobile Phone,4.0,Married,9.0,1.0,0.0,136.17,0.0,45.95099999999999,1,1,Loyal,34.0425
9.0,8.0,3.0,Mobile,1.0,Married,2.0,0.0,2.0,120.14,0.0,39.94200000000001,1,0,Regular,30.035
31.0,10.0,5.0,Mobile Phone,2.0,Divorced,5.0,0.0,1.0,146.77,0.0,55.330999999999996,1,0,VIP,24.46166666666667
1.0,16.0,4.0,Mobile Phone,5.0,Divorced,3.0,0.0,3.0,150.0,0.0,46.9,1,0,New,30.0
11.0,28.0,4.0,Mobile Phone,2.0,Divorced,7.0,0.0,1.0,154.73,0.0,51.318999999999996,1,0,Regular,30.945999999999998
16.0,33.0,1.5,Mobile Phone,4.0,Married,6.0,0.0,2.0,148.76,0.0,50.02799999999999,1,0,Loyal,59.504
25.0,7.0,5.0,Fashion,5.0,Single,5.0,0.0,9.0,199.84,0.0,69.452,1,0,VIP,33.306666666666665
8.0,24.0,3.0,Fashion,1.0,Single,3.0,0.0,2.0,193.62,0.0,61.686,1,0,Regular,48.405
4.0,13.0,3.0,Laptop & Accessory,2.0,Married,5.0,0.0,7.0,175.47,0.0,55.041000000000004,1,0,New,43.8675
2.0,8.0,4.0,Mobile Phone,1.0,Married,3.0,0.0,4.0,145.44,0.0,45.832,1,0,New,29.088
24.0,6.0,3.0,Mobile,2.0,Divorced,2.0,0.0,0.0,127.23,0.0,46.569,1,0,Loyal,31.8075
8.0,31.0,4.0,Mobile Phone,3.0,Married,5.0,1.0,1.0,156.61,0.0,50.983000000000004,1,1,Regular,31.322000000000003
14.0,16.0,3.0,Laptop & Accessory,2.0,Single,8.0,0.0,10.0,162.3,0.0,54.09000000000001,1,0,Loyal,40.575
22.0,14.0,4.0,Grocery,4.0,Married,7.0,0.0,3.0,231.2,0.0,77.55999999999999,1,0,Loyal,46.239999999999995
12.0,9.0,4.0,Fashion,4.0,Single,9.0,0.0,1.0,198.51,0.0,64.753,1,0,Regular,39.702
10.0,22.0,5.5,Laptop & Accessory,1.0,Married,3.0,0.0,12.0,179.06,0.0,58.918,1,0,Regular,27.54769230769231
4.0,14.0,3.0,Fashion,2.0,Married,2.0,0.0,9.0,207.93,0.0,64.779,1,0,New,51.9825
10.0,9.0,4.0,Mobile Phone,3.0,Single,6.0,0.0,10.0,150.19,0.0,49.657,1,0,Regular,30.038
10.0,14.0,3.0,Mobile,1.0,Married,2.0,1.0,2.0,123.26,0.0,41.178000000000004,1,1,Regular,30.815
0.0,16.0,3.0,Laptop & Accessory,5.0,Single,2.0,0.0,8.0,142.13,0.0,43.839,1,0,,35.5325
2.0,26.0,5.0,Mobile Phone,5.0,Divorced,3.0,0.0,4.0,156.96,0.0,49.688,1,0,New,26.16
11.0,15.0,3.0,Mobile Phone,1.0,Married,3.0,0.0,3.0,147.71,0.0,48.813,1,0,Regular,36.9275
21.0,35.0,3.0,Fashion,3.0,Married,4.0,0.0,3.0,225.04,0.0,75.012,1,0,Loyal,56.26
3.0,31.0,3.0,Laptop & Accessory,3.0,Divorced,8.0,1.0,2.0,147.36,0.0,46.30800000000001,1,1,New,36.84
22.0,12.0,4.0,Grocery,3.0,Married,3.0,1.0,12.0,239.66000000000005,0.0,80.098,1,1,Loyal,47.93200000000001
1.0,13.0,4.0,Mobile Phone,5.0,Single,4.0,0.0,4.0,154.6,0.0,48.279999999999994,1,0,New,30.919999999999998
11.0,12.0,4.0,Laptop & Accessory,2.0,Married,9.0,0.0,5.0,188.47,0.0,61.440999999999995,1,0,Regular,37.694
0.0,23.0,4.0,Laptop & Accessory,3.0,Married,2.0,0.0,2.0,143.77,0.0,44.731,1,0,,28.754
8.0,9.0,3.0,Fashion,2.0,Married,7.0,0.0,8.0,178.23,0.0,57.068999999999996,1,0,Regular,44.5575
25.0,13.0,5.0,Mobile Phone,3.0,Single,2.0,0.0,8.0,153.38,0.0,55.513999999999996,1,0,VIP,25.563333333333333
15.0,14.0,2.0,Mobile Phone,3.0,Divorced,3.0,0.0,9.0,158.76,0.0,52.92799999999999,1,0,Loyal,52.919999999999995
0.0,6.0,4.0,Mobile Phone,3.0,Single,1.0,1.0,2.0,137.3,0.0,42.790000000000006,1,1,,27.46
18.0,15.0,4.0,Laptop & Accessory,3.0,Married,2.0,0.0,12.0,155.93,0.0,53.779,1,0,Loyal,31.186
13.0,26.0,4.0,Laptop & Accessory,1.0,Married,10.0,0.0,3.0,164.02,0.0,54.706,1,0,Loyal,32.804
24.0,36.0,5.0,Grocery,3.0,Married,2.0,0.0,8.0,269.57500000000005,0.0,90.07250000000002,1,0,Loyal,44.929166666666674
9.0,8.0,3.0,Laptop & Accessory,4.0,Married,5.0,1.0,0.0,169.62,0.0,54.78600000000001,1,1,Regular,42.405
12.0,36.0,4.0,Laptop & Accessory,2.0,Divorced,5.0,0.0,8.0,187.61,0.0,61.483000000000004,1,0,Regular,37.522000000000006
5.0,14.0,3.0,Mobile,4.0,Divorced,2.0,0.0,7.0,123.7,0.0,39.81,1,0,New,30.925
0.0,26.0,3.0,Laptop & Accessory,3.0,Single,2.0,0.0,7.0,199.81,0.0,61.143,1,0,,49.9525
0.0,11.0,4.0,Laptop & Accessory,3.0,Single,2.0,1.0,3.0,157.44,0.0,48.832,1,1,,31.488
12.0,7.0,4.0,Mobile Phone,5.0,Single,5.0,0.0,1.0,151.19,0.0,50.557,1,0,Regular,30.238
0.0,24.0,1.5,Laptop & Accessory,3.0,Married,3.0,0.0,2.0,162.32,0.0,49.296,1,0,,64.928
9.0,25.0,2.0,Laptop & Accessory,5.0,Married,3.0,0.0,11.0,177.08,0.0,56.624,1,0,Regular,59.02666666666667
1.0,17.0,4.0,Fashion,3.0,Married,8.0,0.0,3.0,225.48,0.0,69.54399999999998,1,0,New,45.096
9.0,8.0,4.0,Fashion,3.0,Married,2.0,0.0,0.0,175.96,0.0,57.08800000000001,1,0,Regular,35.192
17.0,30.0,5.0,Mobile Phone,3.0,Single,3.0,0.0,4.0,137.08,0.0,48.224000000000004,1,0,Loyal,22.846666666666668
2.0,8.0,3.0,Grocery,2.0,Married,8.0,0.0,3.0,221.69,0.0,68.30699999999999,1,0,New,55.4225
5.0,6.0,3.0,Laptop & Accessory,5.0,Married,5.0,0.0,2.0,140.87,0.0,44.961000000000006,1,0,New,35.2175
11.0,6.0,3.0,Laptop & Accessory,1.0,Married,8.0,0.0,9.0,147.35,0.0,48.705,1,0,Regular,36.8375
5.0,16.0,3.0,Fashion,1.0,Single,3.0,0.0,3.0,212.44,0.0,66.432,1,0,New,53.11
19.0,9.0,5.0,Laptop & Accessory,1.0,Married,3.0,0.0,10.0,182.7,0.0,62.51,1,0,Loyal,30.45
0.0,13.0,3.0,Mobile,3.0,Married,4.0,1.0,7.0,133.39,0.0,41.217,1,1,,33.3475
3.0,6.0,4.0,Fashion,3.0,Single,2.0,0.0,8.0,184.74,0.0,57.922000000000004,1,0,New,36.948
7.0,23.0,4.0,Laptop & Accessory,1.0,Married,3.0,1.0,3.0,178.68,0.0,57.304,1,1,Regular,35.736000000000004
6.0,10.0,4.0,Laptop & Accessory,5.0,Married,3.0,0.0,4.0,192.25,0.0,61.074999999999996,1,0,New,38.45
15.0,34.0,4.0,Laptop & Accessory,2.0,Divorced,1.0,0.0,4.0,145.23,0.0,49.669,1,0,Loyal,29.046
11.0,7.0,5.0,Mobile Phone,5.0,Married,4.0,0.0,3.0,164.2,0.0,54.559999999999995,1,0,Regular,27.366666666666664
6.0,21.0,3.0,Laptop & Accessory,1.0,Married,1.0,1.0,1.0,71.37499999999997,0.0,24.41249999999999,1,1,New,17.843749999999993
0.0,30.0,4.0,Fashion,5.0,Single,2.0,0.0,9.0,187.22,0.0,57.766,1,0,,37.444
14.0,9.0,4.0,Laptop & Accessory,4.0,Married,5.0,0.0,11.0,181.77,0.0,60.331,1,0,Loyal,36.354
23.0,34.0,3.0,Grocery,5.0,Married,5.0,1.0,2.0,268.8,0.0,88.74000000000001,1,1,Loyal,67.2
27.0,30.0,4.0,Grocery,1.0,Single,8.0,0.0,9.0,267.75,0.0,90.02499999999999,1,0,VIP,53.55
5.0,25.0,2.0,Mobile,3.0,Married,7.0,1.0,2.0,127.59,0.0,40.577,1,1,New,42.53
13.0,7.0,3.0,Fashion,2.0,Married,2.0,0.0,3.0,221.13,0.0,71.43900000000001,1,0,Loyal,55.2825
18.0,31.0,3.0,Others,4.0,Single,4.0,0.0,0.0,269.57500000000005,0.0,87.47250000000003,1,0,Loyal,67.39375000000001
1.0,6.0,3.0,Mobile Phone,5.0,Married,2.0,0.0,2.0,135.91,0.0,42.272999999999996,1,0,New,33.9775
8.0,16.0,3.0,Laptop & Accessory,3.0,Single,4.0,1.0,4.0,161.42,0.0,52.025999999999996,1,1,Regular,40.355
15.0,18.0,3.0,Mobile,4.0,Married,9.0,0.0,4.0,127.66,0.0,43.998,1,0,Loyal,31.915
15.0,14.0,4.0,Laptop & Accessory,3.0,Single,8.0,0.0,2.0,175.03,0.0,58.609,1,0,Loyal,35.006
0.0,15.0,3.0,Mobile,5.0,Single,3.0,1.0,0.0,131.72,0.0,40.716,1,1,,32.93
11.0,17.0,4.0,Mobile Phone,5.0,Married,2.0,1.0,4.0,152.82,0.0,50.745999999999995,1,1,Regular,30.564
4.0,8.0,3.0,Mobile,3.0,Married,1.0,0.0,2.0,130.67,0.0,41.601,1,0,New,32.6675
3.0,16.0,5.0,Mobile Phone,2.0,Single,2.0,0.0,3.0,164.83,0.0,52.349000000000004,1,0,New,27.471666666666668
10.0,15.0,2.0,Fashion,5.0,Married,11.0,0.0,6.0,242.13,0.0,76.439,1,0,Regular,80.71
1.0,14.0,4.0,Mobile Phone,4.0,Single,3.0,0.0,1.0,151.79,0.0,47.437,1,0,New,30.357999999999997
28.0,26.0,4.0,Fashion,4.0,Divorced,4.0,0.0,2.0,232.25,0.0,79.675,1,0,VIP,46.45
3.0,13.0,3.0,Laptop & Accessory,3.0,Married,2.0,0.0,9.0,134.91,0.0,42.573,1,0,New,33.7275
9.0,8.0,3.0,Mobile,3.0,Married,7.0,0.0,2.0,122.31,0.0,40.593,1,0,Regular,30.5775
2.0,16.0,4.0,Laptop & Accessory,1.0,Single,3.0,0.0,8.0,177.53,0.0,55.459,1,0,New,35.506
14.0,27.0,4.0,Fashion,2.0,Divorced,6.0,0.0,3.0,228.22,0.0,74.26599999999999,1,0,Loyal,45.644
8.0,34.0,1.5,Laptop & Accessory,3.0,Married,2.0,0.0,8.0,134.07,0.0,43.221,1,0,Regular,53.628
10.0,7.0,4.0,Laptop & Accessory,1.0,Single,6.0,0.0,1.0,191.53,0.0,62.059,1,0,Regular,38.306
31.0,14.0,2.0,Laptop & Accessory,1.0,Married,2.0,1.0,10.0,177.2,0.0,63.25999999999999,1,1,VIP,59.06666666666666
1.0,15.0,3.0,Laptop & Accessory,2.0,Single,2.0,0.0,7.0,152.53,0.0,47.259,1,0,New,38.1325
10.0,33.0,4.0,Laptop & Accessory,3.0,Married,8.0,0.0,3.0,178.47,0.0,58.141,1,0,Regular,35.694
8.0,28.0,5.0,Mobile Phone,3.0,Single,1.0,0.0,3.0,142.3,0.0,47.09,1,0,Regular,23.71666666666667
10.0,31.0,3.0,Laptop & Accessory,3.0,Divorced,4.0,1.0,7.0,144.49,0.0,47.547000000000004,1,1,Regular,36.1225
14.0,7.0,5.0,Grocery,4.0,Married,3.0,0.0,12.0,260.03,0.0,84.20899999999999,1,0,Loyal,43.33833333333333
4.0,22.0,5.0,Fashion,5.0,Married,4.0,0.0,8.0,196.4,0.0,62.120000000000005,1,0,New,32.733333333333334
2.0,9.0,4.0,Laptop & Accessory,4.0,Divorced,3.0,1.0,6.0,172.79,0.0,54.037,1,1,New,34.558
4.0,24.0,4.0,Fashion,5.0,Divorced,3.0,1.0,9.0,244.16000000000005,0.0,76.04800000000002,1,1,New,48.83200000000001
0.0,14.0,3.0,Mobile,1.0,Married,1.0,0.0,1.0,125.23,0.0,38.769000000000005,1,0,,31.3075
3.0,13.0,3.0,Laptop & Accessory,5.0,Married,8.0,0.0,2.0,147.79,0.0,46.437,1,0,New,36.9475
9.0,9.0,4.0,Fashion,1.0,Married,5.0,0.0,12.0,196.99,0.0,63.397000000000006,1,0,Regular,39.398
0.0,14.0,3.0,Mobile,2.0,Divorced,6.0,1.0,4.0,124.36,0.0,38.508,1,1,,31.09
10.0,9.0,5.0,Fashion,3.0,Married,3.0,0.0,1.0,200.96,0.0,65.288,1,0,Regular,33.49333333333333
9.0,12.0,3.0,Mobile,5.0,Married,5.0,1.0,2.0,120.73,0.0,40.11900000000001,1,1,Regular,30.1825
24.0,15.0,3.0,Others,4.0,Married,5.0,1.0,10.0,269.57500000000005,0.0,89.27250000000002,1,1,Loyal,67.39375000000001
8.0,28.0,1.5,Fashion,4.0,Married,8.0,0.0,3.0,219.96,0.0,68.988,1,0,Regular,87.98400000000001
9.0,6.0,3.0,Mobile,3.0,Single,1.0,0.0,5.0,120.58,0.0,40.074000000000005,1,0,Regular,30.145
1.0,20.0,4.0,Laptop & Accessory,3.0,Single,5.0,1.0,3.0,223.54,0.0,68.96199999999999,1,1,New,44.708
0.0,8.0,3.0,Mobile Phone,1.0,Single,2.0,1.0,3.0,137.6,0.0,42.48,1,1,,34.4
24.0,7.0,4.0,Others,2.0,Married,5.0,0.0,7.0,269.57500000000005,0.0,89.67250000000001,1,0,Loyal,53.915000000000006
6.0,14.0,4.0,Mobile,4.0,Married,7.0,0.0,1.0,126.22,0.0,41.266,1,0,New,25.244
9.0,9.0,4.0,Fashion,2.0,Divorced,5.0,0.0,12.0,196.99,0.0,63.397000000000006,1,0,Regular,39.398
8.0,7.0,4.0,Laptop & Accessory,1.0,Married,1.0,0.0,0.0,153.63,0.0,50.089,1,0,Regular,30.726
7.0,14.0,4.0,Laptop & Accessory,3.0,Married,3.0,0.0,9.0,184.68,0.0,59.104000000000006,1,0,Regular,36.936
8.0,10.0,4.0,Mobile Phone,5.0,Divorced,6.0,0.0,3.0,148.62,0.0,48.586,1,0,Regular,29.724
4.0,15.0,2.0,Fashion,5.0,Divorced,2.0,1.0,8.0,239.16000000000005,0.0,73.74800000000002,1,1,New,79.72000000000001
10.0,11.0,1.5,Mobile,3.0,Single,1.0,0.0,3.0,135.0,0.0,44.1,1,0,Regular,54.0
23.0,28.0,5.0,Grocery,1.0,Single,2.0,1.0,9.0,244.11,0.0,82.13300000000001,1,1,Loyal,40.685
17.0,9.0,4.0,Laptop & Accessory,1.0,Married,3.0,1.0,9.0,203.47,0.0,67.741,1,1,Loyal,40.694
6.0,12.0,2.0,Mobile Phone,4.0,Married,2.0,1.0,6.0,157.98,0.0,49.99399999999999,1,1,New,52.66
5.0,11.0,4.0,Laptop & Accessory,1.0,Single,9.0,0.0,0.0,196.79,0.0,62.13699999999999,1,0,New,39.358
1.0,8.0,4.0,Mobile Phone,1.0,Married,11.0,1.0,3.0,172.87,0.0,53.760999999999996,1,1,New,34.574
19.0,27.0,4.0,Laptop & Accessory,3.0,Single,10.0,0.0,2.0,173.5,0.0,59.35,1,0,Loyal,34.7
9.0,6.0,4.0,Fashion,5.0,Married,3.0,0.0,3.0,215.69,0.0,69.00699999999999,1,0,Regular,43.138
9.0,16.0,3.0,Mobile,1.0,Married,1.0,0.0,1.0,121.45,0.0,40.33500000000001,1,0,Regular,30.3625
12.0,9.0,4.0,Mobile Phone,1.0,Single,7.0,1.0,3.0,164.44,0.0,54.532000000000004,1,1,Regular,32.888
1.0,11.0,5.0,Laptop & Accessory,2.0,Single,3.0,1.0,5.0,183.28,0.0,57.284,1,1,New,30.546666666666667
10.0,11.0,1.5,Mobile,3.0,Single,1.0,0.0,3.0,135.0,0.0,44.1,1,0,Regular,54.0
12.0,15.0,3.0,Laptop & Accessory,5.0,Married,2.0,0.0,9.0,151.51,0.0,50.253,1,0,Regular,37.8775
0.0,14.0,5.0,Mobile,2.0,Single,2.0,1.0,0.0,123.4,0.0,39.02,1,1,,20.566666666666666
24.0,10.0,4.0,Others,4.0,Married,3.0,0.0,8.0,269.57500000000005,0.0,89.67250000000001,1,0,Loyal,53.915000000000006
1.0,17.0,5.0,Fashion,5.0,Married,11.0,0.0,3.0,228.06,0.0,70.71799999999999,1,0,New,38.01
8.0,7.0,5.0,Mobile Phone,2.0,Divorced,3.0,1.0,4.0,161.22,0.0,52.766,1,1,Regular,26.87
10.0,10.0,4.0,Laptop & Accessory,4.0,Single,5.0,1.0,3.0,217.78,0.0,69.934,1,1,Regular,43.556
0.0,9.0,3.0,Mobile,5.0,Single,2.0,1.0,7.0,133.48,0.0,41.244,1,1,,33.37
16.0,36.0,4.0,Laptop & Accessory,4.0,Married,3.0,0.0,9.0,169.34,0.0,57.202,1,0,Loyal,33.868
4.0,8.0,4.0,Mobile Phone,3.0,Married,2.0,0.0,4.0,145.64,0.0,46.492,1,0,New,29.127999999999997
25.0,9.0,4.0,Grocery,5.0,Divorced,2.0,0.0,14.5,268.56,0.0,89.66799999999999,1,0,VIP,53.712
0.0,22.0,5.0,Mobile Phone,5.0,Single,2.0,1.0,7.0,139.19,0.0,43.757,1,1,,23.198333333333334
12.0,25.0,5.5,Laptop & Accessory,1.0,Married,5.0,1.0,1.0,183.11,0.0,60.733000000000004,1,1,Regular,28.17076923076923
9.0,6.0,4.0,Mobile,4.0,Single,2.0,1.0,2.0,120.7,0.0,40.510000000000005,1,1,Regular,24.14
7.0,7.0,5.0,Mobile Phone,5.0,Single,5.0,1.0,3.0,152.99,0.0,49.997,1,1,Regular,25.498333333333335
2.0,8.0,5.0,Laptop & Accessory,1.0,Married,3.0,1.0,8.0,193.34,0.0,60.602,1,1,New,32.223333333333336
9.0,14.0,3.0,Laptop & Accessory,2.0,Married,5.0,0.0,7.0,150.79,0.0,49.137,1,0,Regular,37.6975
23.0,18.0,4.0,Laptop & Accessory,1.0,Single,5.0,0.0,5.0,170.07,0.0,59.520999999999994,1,0,Loyal,34.013999999999996
1.0,9.0,5.0,Mobile Phone,1.0,Single,3.0,0.0,1.0,136.02,0.0,43.106,1,0,New,22.67
0.0,14.0,3.0,Mobile,1.0,Single,2.0,0.0,4.0,126.47,0.0,39.141,1,0,,31.6175
1.0,18.0,4.0,Laptop & Accessory,5.0,Divorced,3.0,1.0,4.0,172.41,0.0,53.623,1,1,New,34.482
1.0,9.0,3.0,Mobile,4.0,Married,2.0,0.0,0.0,128.56,0.0,40.068,1,0,New,32.14
1.0,11.0,2.0,Laptop & Accessory,4.0,Married,3.0,1.0,4.0,186.42,0.0,57.02599999999999,1,1,New,62.13999999999999
8.0,9.0,5.0,Laptop & Accessory,5.0,Married,8.0,0.0,10.0,184.57,0.0,59.770999999999994,1,0,Regular,30.761666666666667
13.0,32.0,3.0,Laptop & Accessory,5.0,Divorced,2.0,0.0,5.0,183.96,0.0,60.288000000000004,1,0,Loyal,45.99
0.0,6.0,4.0,Fashion,3.0,Divorced,6.0,0.0,7.0,206.09,0.0,63.427,1,0,,41.218
22.0,6.0,3.0,Grocery,3.0,Single,5.0,0.0,0.0,253.79,0.0,83.937,1,0,Loyal,63.4475
17.0,14.0,4.0,Fashion,5.0,Married,10.0,0.0,3.0,224.85,0.0,74.15499999999999,1,0,Loyal,44.97
0.0,8.0,3.0,Mobile Phone,3.0,Married,7.0,1.0,2.0,139.77,0.0,43.13100000000001,1,1,,34.9425
0.0,15.0,4.0,Laptop & Accessory,5.0,Single,8.0,0.0,3.0,134.07,0.0,41.821,1,0,,26.814
21.0,14.0,3.0,Mobile,5.0,Married,9.0,0.0,6.0,123.67,0.0,44.601,1,0,Loyal,30.9175
27.0,14.0,3.0,Laptop & Accessory,3.0,Single,8.0,0.0,0.0,137.8,0.0,50.64000000000001,1,0,VIP,34.45
4.0,18.0,3.0,Others,3.0,Divorced,2.0,0.0,8.0,269.57500000000005,0.0,83.27250000000002,1,0,New,67.39375000000001
0.0,22.0,3.0,Mobile,4.0,Married,10.0,0.0,2.0,128.11,0.0,39.633,1,0,,32.0275
10.0,13.0,5.5,Mobile Phone,3.0,Married,3.0,0.0,8.0,152.41,0.0,50.923,1,0,Regular,23.447692307692307
10.0,21.0,4.0,Laptop & Accessory,2.0,Divorced,2.0,1.0,12.0,190.86,0.0,61.858000000000004,1,1,Regular,38.172000000000004
20.0,22.0,1.5,Laptop & Accessory,3.0,Married,2.0,1.0,7.0,150.67,0.0,51.800999999999995,1,1,Loyal,60.267999999999994
11.0,16.0,4.0,Fashion,3.0,Married,1.0,1.0,7.0,187.4,0.0,61.12,1,1,Regular,37.480000000000004
0.0,8.0,1.5,Laptop & Accessory,3.0,Married,2.0,0.0,7.0,152.06,0.0,46.218,1,0,,60.824
9.0,13.0,3.0,Mobile,1.0,Married,2.0,1.0,2.0,122.75,0.0,40.725,1,1,Regular,30.6875
1.0,15.0,4.0,Laptop & Accessory,4.0,Married,3.0,0.0,8.0,187.14,0.0,58.041999999999994,1,0,New,37.428
9.0,11.0,3.0,Mobile Phone,4.0,Single,2.0,1.0,0.0,118.78,0.0,39.534000000000006,1,1,Regular,29.695
19.0,9.0,5.0,Laptop & Accessory,1.0,Married,3.0,0.0,10.0,182.7,0.0,62.51,1,0,Loyal,30.45
1.0,26.0,4.0,Mobile Phone,1.0,Married,3.0,0.0,3.0,148.23,0.0,46.36899999999999,1,0,New,29.645999999999997
9.0,17.0,4.0,Laptop & Accessory,3.0,Single,5.0,1.0,5.0,186.42,0.0,60.226,1,1,Regular,37.284
0.0,8.0,3.0,Mobile Phone,3.0,Single,7.0,0.0,1.0,143.82,0.0,44.346,1,0,,35.955
7.0,14.0,3.0,Laptop & Accessory,3.0,Single,4.0,0.0,3.0,161.42,0.0,51.726,1,0,Regular,40.355
10.0,14.0,4.0,Mobile Phone,4.0,Single,4.0,0.0,4.0,145.13,0.0,48.138999999999996,1,0,Regular,29.026
24.0,9.0,4.0,Others,3.0,Divorced,4.0,1.0,8.0,269.57500000000005,0.0,89.67250000000001,1,1,Loyal,53.915000000000006
1.0,31.0,5.0,Mobile Phone,3.0,Single,7.0,1.0,4.0,145.28,0.0,45.88399999999999,1,1,New,24.213333333333335
1.0,12.0,2.0,Mobile Phone,4.0,Married,3.0,1.0,3.0,148.28,0.0,45.583999999999996,1,1,New,49.42666666666667
5.0,8.0,5.5,Laptop & Accessory,5.0,Married,3.0,0.0,8.0,175.03,0.0,56.209,1,0,New,26.927692307692308
9.0,16.0,3.0,Fashion,3.0,Married,4.0,0.0,7.0,170.94,0.0,55.182,1,0,Regular,42.735
1.0,24.0,4.0,Mobile Phone,3.0,Single,3.0,1.0,8.0,148.94,0.0,46.581999999999994,1,1,New,29.788
21.0,28.0,3.0,Grocery,1.0,Married,4.0,0.0,7.0,269.57500000000005,0.0,88.37250000000002,1,0,Loyal,67.39375000000001
21.0,11.0,5.0,Fashion,4.0,Married,10.0,1.0,3.0,228.33,0.0,76.79899999999999,1,1,Loyal,38.055
21.0,32.0,4.0,Fashion,3.0,Single,4.0,0.0,3.0,211.33,0.0,71.29899999999999,1,0,Loyal,42.266000000000005
9.0,12.0,1.5,Laptop & Accessory,5.0,Married,4.0,1.0,2.0,155.62,0.0,49.986000000000004,1,1,Regular,62.248000000000005
1.0,36.0,4.0,Mobile Phone,5.0,Married,3.0,0.0,3.0,164.07,0.0,51.120999999999995,1,0,New,32.814
10.0,27.0,3.0,Mobile,1.0,Married,6.0,0.0,0.0,129.73,0.0,43.119,1,0,Regular,32.4325
0.0,10.0,3.0,Mobile,5.0,Single,2.0,0.0,0.0,129.73,0.0,40.119,1,0,,32.4325
0.0,14.0,5.0,Mobile,3.0,Married,1.0,0.0,0.0,123.51,0.0,39.053,1,0,,20.585
11.0,7.0,4.0,Mobile Phone,2.0,Single,3.0,0.0,8.0,146.15,0.0,48.745,1,0,Regular,29.23
8.0,12.0,5.0,Fashion,5.0,Single,4.0,0.0,9.0,241.31,0.0,76.793,1,0,Regular,40.218333333333334
27.0,8.0,5.0,Grocery,3.0,Married,6.0,1.0,3.0,254.65,0.0,86.49499999999999,1,1,VIP,42.44166666666667
16.0,11.0,4.0,Laptop & Accessory,5.0,Single,9.0,0.0,6.0,176.55,0.0,59.365,1,0,Loyal,35.31
6.0,8.0,3.0,Laptop & Accessory,1.0,Married,2.0,0.0,4.0,155.05,0.0,49.515,1,0,New,38.7625
11.0,18.0,4.0,Mobile Phone,3.0,Single,6.0,0.0,3.0,161.29,0.0,53.28699999999999,1,0,Regular,32.257999999999996
0.0,14.0,4.0,Mobile,5.0,Single,2.0,1.0,0.0,126.0,0.0,39.4,1,1,,25.2
3.0,13.0,3.0,Laptop & Accessory,3.0,Married,2.0,0.0,9.0,134.91,0.0,42.573,1,0,New,33.7275
9.0,6.0,4.0,Mobile,3.0,Married,2.0,0.0,3.0,120.07,0.0,40.321,1,0,Regular,24.014
15.0,13.0,4.0,Mobile Phone,5.0,Single,4.0,1.0,14.5,172.21,0.0,57.763000000000005,1,1,Loyal,34.442
12.0,14.0,3.0,Mobile Phone,3.0,Married,2.0,0.0,7.0,137.55,0.0,46.065000000000005,1,0,Regular,34.3875
8.0,11.0,3.0,Fashion,4.0,Single,1.0,0.0,13.0,180.95,0.0,57.885,1,0,Regular,45.2375
9.0,8.0,3.0,Mobile,4.0,Married,2.0,0.0,2.0,122.26,0.0,40.578,1,0,Regular,30.565
16.0,15.0,3.0,Laptop & Accessory,3.0,Married,4.0,1.0,7.0,156.79,0.0,53.037,1,1,Loyal,39.1975
25.0,14.0,5.0,Laptop & Accessory,3.0,Married,4.0,0.0,1.0,186.32,0.0,65.39599999999999,1,0,VIP,31.05333333333333
14.0,6.0,3.0,Laptop & Accessory,5.0,Married,1.0,0.0,7.0,141.03,0.0,47.709,1,0,Loyal,35.2575
3.0,27.0,4.0,Laptop & Accessory,2.0,Married,4.0,0.0,3.0,194.31,0.0,60.793,1,0,New,38.862
14.0,17.0,2.0,Mobile Phone,3.0,Married,5.0,1.0,8.0,147.13,0.0,49.138999999999996,1,1,Loyal,49.04333333333333
22.0,17.0,3.0,Laptop & Accessory,1.0,Single,4.0,0.0,4.0,145.07,0.0,51.321,1,0,Loyal,36.2675
23.0,30.0,3.0,Grocery,3.0,Divorced,4.0,1.0,5.0,239.73,0.0,80.019,1,1,Loyal,59.9325
6.0,15.0,3.0,Mobile,2.0,Divorced,1.0,0.0,10.0,127.81,0.0,41.342999999999996,1,0,New,31.9525
24.0,27.0,4.0,Grocery,3.0,Married,4.0,1.0,14.0,237.45,0.0,80.035,1,1,Loyal,47.489999999999995
14.0,14.0,3.0,Mobile,3.0,Divorced,10.0,1.0,7.0,124.61,0.0,42.783,1,1,Loyal,31.1525
18.0,29.0,3.0,Laptop & Accessory,5.0,Married,2.0,1.0,8.0,136.33,0.0,47.499,1,1,Loyal,34.0825
1.0,25.0,4.0,Mobile,5.0,Divorced,2.0,0.0,3.0,131.96,0.0,41.488,1,0,New,26.392000000000003
10.0,16.0,2.0,Mobile Phone,4.0,Married,3.0,0.0,3.0,153.1,0.0,49.73,1,0,Regular,51.03333333333333
9.0,11.0,3.0,Fashion,5.0,Married,5.0,0.0,2.0,180.08,0.0,57.92400000000001,1,0,Regular,45.02
0.0,13.0,1.5,Mobile Phone,5.0,Single,1.0,0.0,7.0,135.78,0.0,41.334,1,0,,54.312
31.0,14.0,4.0,Others,5.0,Married,7.0,0.0,11.0,269.57500000000005,0.0,91.77250000000001,1,0,VIP,53.915000000000006
19.0,9.0,5.0,Grocery,2.0,Divorced,11.0,0.0,9.0,269.57500000000005,0.0,88.57250000000002,1,0,Loyal,44.929166666666674
4.0,9.0,5.0,Laptop & Accessory,1.0,Single,7.0,1.0,1.0,193.77,0.0,61.331,1,1,New,32.295
6.0,31.0,4.0,Laptop & Accessory,4.0,Single,2.0,0.0,2.0,143.2,0.0,46.35999999999999,1,0,New,28.639999999999997
27.0,13.0,4.0,Laptop & Accessory,3.0,Married,4.0,1.0,6.0,148.06,0.0,54.118,1,1,VIP,29.612000000000002
4.0,13.0,5.0,Laptop & Accessory,2.0,Divorced,2.0,0.0,8.0,171.27,0.0,54.581,1,0,New,28.545
12.0,19.0,5.0,Laptop & Accessory,5.0,Married,4.0,0.0,3.0,187.88,0.0,61.964,1,0,Regular,31.313333333333333
20.0,20.0,3.0,Laptop & Accessory,5.0,Single,3.0,0.0,7.0,149.6,0.0,52.08,1,0,Loyal,37.4
13.0,10.0,4.0,Fashion,1.0,Married,8.0,0.0,11.0,208.55,0.0,68.065,1,0,Loyal,41.71
3.0,9.0,5.0,Laptop & Accessory,4.0,Married,4.0,0.0,1.0,191.44,0.0,60.331999999999994,1,0,New,31.906666666666666
17.0,11.0,3.0,Others,4.0,Divorced,8.0,0.0,10.0,269.57500000000005,0.0,87.17250000000001,1,0,Loyal,67.39375000000001
13.0,6.0,3.0,Laptop & Accessory,1.0,Married,5.0,0.0,3.0,165.13,0.0,54.638999999999996,1,0,Loyal,41.2825
1.0,9.0,4.0,Mobile Phone,5.0,Divorced,8.0,1.0,3.0,145.42,0.0,45.525999999999996,1,1,New,29.083999999999996
20.0,7.0,3.0,Mobile,1.0,Married,8.0,0.0,2.0,134.2,0.0,47.46,1,0,Loyal,33.55
4.0,26.0,3.0,Laptop & Accessory,3.0,Married,2.0,0.0,0.0,169.32,0.0,53.196000000000005,1,0,New,42.33
13.0,15.0,3.0,Laptop & Accessory,5.0,Married,1.0,0.0,1.0,154.73,0.0,51.519,1,0,Loyal,38.6825
14.0,8.0,4.0,Laptop & Accessory,1.0,Married,6.0,0.0,4.0,190.13,0.0,62.839,1,0,Loyal,38.025999999999996
11.0,10.0,4.0,Fashion,3.0,Divorced,3.0,0.0,3.0,219.34,0.0,70.70199999999998,1,0,Regular,43.868
18.0,32.0,4.0,Laptop & Accessory,5.0,Married,2.0,0.0,5.0,143.85,0.0,50.154999999999994,1,0,Loyal,28.77
24.0,27.0,3.0,Laptop & Accessory,1.0,Single,1.0,1.0,0.0,154.41,0.0,54.723,1,1,Loyal,38.6025
1.0,22.0,2.0,Laptop & Accessory,5.0,Single,1.0,0.0,7.0,156.61,0.0,48.083,1,0,New,52.20333333333334
29.0,14.0,3.0,Mobile Phone,5.0,Married,5.0,1.0,2.0,142.57,0.0,52.67099999999999,1,1,VIP,35.6425
9.0,15.0,3.0,Mobile,5.0,Single,4.0,0.0,0.0,120.18,0.0,39.95400000000001,1,0,Regular,30.045
10.0,9.0,3.0,Laptop & Accessory,4.0,Single,4.0,0.0,1.0,141.07,0.0,46.521,1,0,Regular,35.2675
28.0,10.0,4.0,Laptop & Accessory,5.0,Divorced,4.0,0.0,6.0,184.4,0.0,65.32000000000001,1,0,VIP,36.88
12.0,13.0,5.0,Laptop & Accessory,3.0,Married,4.0,0.0,8.0,178.21,0.0,59.063,1,0,Regular,29.701666666666668
1.0,28.0,5.0,Mobile Phone,4.0,Single,3.0,1.0,1.0,146.21,0.0,46.163,1,1,New,24.368333333333336
10.0,14.0,2.0,Laptop & Accessory,5.0,Married,4.0,0.0,14.0,171.39,0.0,55.21699999999999,1,0,Regular,57.129999999999995
1.0,20.0,4.0,Laptop & Accessory,5.0,Married,4.0,0.0,3.0,167.33,0.0,52.099000000000004,1,0,New,33.466
19.0,14.0,4.0,Fashion,5.0,Married,4.0,0.0,3.0,222.24,0.0,73.972,1,0,Loyal,44.448
7.0,15.0,4.0,Fashion,4.0,Single,2.0,0.0,7.0,186.21,0.0,59.563,1,0,Regular,37.242000000000004
4.0,26.0,3.0,Laptop & Accessory,3.0,Divorced,2.0,0.0,0.0,169.32,0.0,53.196000000000005,1,0,New,42.33
1.0,27.0,4.0,Laptop & Accessory,3.0,Single,3.0,0.0,3.0,224.81,0.0,69.34299999999999,1,0,New,44.962
8.0,7.0,5.0,Laptop & Accessory,5.0,Single,2.0,0.0,10.0,178.43,0.0,57.929,1,0,Regular,29.738333333333333
3.0,30.0,2.0,Mobile Phone,3.0,Divorced,3.0,0.0,8.0,152.0,0.0,47.3,1,0,New,50.666666666666664
11.0,23.0,5.0,Laptop & Accessory,3.0,Married,6.0,0.0,1.0,188.34,0.0,61.802,1,0,Regular,31.39
13.0,22.0,3.0,Fashion,1.0,Single,7.0,1.0,3.0,179.45,0.0,58.934999999999995,1,1,Loyal,44.8625
3.0,17.0,4.0,Mobile Phone,3.0,Single,3.0,0.0,1.0,151.42,0.0,47.925999999999995,1,0,New,30.284
31.0,16.0,5.0,Mobile Phone,4.0,Divorced,6.0,1.0,1.0,158.46,0.0,58.838,1,1,VIP,26.41
10.0,15.0,3.0,Fashion,4.0,Married,2.0,0.0,7.0,188.34,0.0,60.702000000000005,1,0,Regular,47.085
1.0,30.0,4.0,Fashion,5.0,Married,11.0,1.0,3.0,224.5,0.0,69.24999999999999,1,1,New,44.9
1.0,16.0,4.0,Mobile Phone,5.0,Single,4.0,1.0,1.0,156.72,0.0,48.916,1,1,New,31.344
9.0,15.0,4.0,Laptop & Accessory,4.0,Married,3.0,1.0,2.0,188.47,0.0,60.841,1,1,Regular,37.694
11.0,11.0,4.0,Mobile Phone,2.0,Married,6.0,0.0,9.0,71.37499999999997,0.0,26.312499999999993,1,0,Regular,14.274999999999995
28.0,10.0,4.0,Grocery,1.0,Married,5.0,0.0,10.0,269.57500000000005,0.0,90.87250000000002,1,0,VIP,53.915000000000006
11.0,6.0,1.5,Mobile,3.0,Married,2.0,0.0,0.0,128.44,0.0,42.431999999999995,1,0,Regular,51.376
10.0,10.0,2.0,Laptop & Accessory,5.0,Married,8.0,0.0,5.0,193.42,0.0,61.82599999999999,1,0,Regular,64.47333333333333
26.0,13.0,2.0,Grocery,3.0,Divorced,4.0,0.0,3.0,248.14,0.0,83.04199999999999,1,0,VIP,82.71333333333332
23.0,6.0,3.0,Others,4.0,Married,4.0,1.0,7.0,269.57500000000005,0.0,88.97250000000003,1,1,Loyal,67.39375000000001
22.0,6.0,4.0,Grocery,3.0,Single,8.0,1.0,7.0,239.64,0.0,80.09199999999998,1,1,Loyal,47.928
10.0,11.0,4.0,Laptop & Accessory,4.0,Married,9.0,0.0,3.0,176.31,0.0,57.493,1,0,Regular,35.262
1.0,21.0,5.0,Mobile Phone,4.0,Married,3.0,1.0,3.0,162.43,0.0,51.028999999999996,1,1,New,27.07166666666667
10.0,8.0,3.0,Laptop & Accessory,3.0,Divorced,5.0,1.0,0.0,196.02,0.0,63.006,1,1,Regular,49.005
4.0,13.0,4.0,Fashion,3.0,Divorced,2.0,0.0,9.0,189.43,0.0,59.629000000000005,1,0,New,37.886
8.0,6.0,3.0,Laptop & Accessory,3.0,Single,2.0,0.0,3.0,148.59,0.0,48.177,1,0,Regular,37.1475
12.0,8.0,5.0,Mobile Phone,5.0,Single,6.0,0.0,1.0,153.58,0.0,51.67400000000001,1,0,Regular,25.596666666666668
1.0,9.0,4.0,Mobile Phone,5.0,Married,9.0,0.0,8.0,152.07,0.0,47.520999999999994,1,0,New,30.413999999999998
7.0,21.0,4.0,Mobile Phone,4.0,Married,3.0,0.0,7.0,152.56,0.0,49.468,1,0,Regular,30.512
19.0,36.0,4.0,Fashion,1.0,Married,6.0,1.0,3.0,218.8,0.0,72.94,1,1,Loyal,43.760000000000005
1.0,9.0,4.0,Mobile Phone,1.0,Married,2.0,0.0,2.0,150.23,0.0,46.968999999999994,1,0,New,30.046
10.0,25.0,4.0,Laptop & Accessory,2.0,Single,4.0,0.0,10.0,202.79,0.0,65.437,1,0,Regular,40.558
12.0,9.0,2.0,Laptop & Accessory,4.0,Divorced,10.0,0.0,6.0,163.89,0.0,53.56699999999999,1,0,Regular,54.629999999999995
9.0,7.0,4.0,Laptop & Accessory,3.0,Single,3.0,0.0,4.0,173.59,0.0,56.377,1,0,Regular,34.718
8.0,15.0,2.0,Laptop & Accessory,3.0,Married,3.0,0.0,9.0,192.99,0.0,61.096999999999994,1,0,Regular,64.33
12.0,8.0,4.0,Laptop & Accessory,1.0,Married,9.0,0.0,10.0,172.35,0.0,56.905,1,0,Regular,34.47
1.0,15.0,5.5,Mobile Phone,3.0,Divorced,3.0,0.0,3.0,171.21,0.0,53.863,1,0,New,26.34
28.0,12.0,4.0,Others,5.0,Married,6.0,0.0,3.0,269.57500000000005,0.0,90.87250000000002,1,0,VIP,53.915000000000006
2.0,7.0,5.5,Laptop & Accessory,2.0,Divorced,2.0,0.0,6.0,191.74,0.0,60.322,1,0,New,29.49846153846154
3.0,6.0,3.0,Mobile Phone,4.0,Married,2.0,0.0,7.0,137.48,0.0,43.343999999999994,1,0,New,34.37
4.0,17.0,5.0,Laptop & Accessory,3.0,Divorced,3.0,0.0,5.0,190.78,0.0,60.434000000000005,1,0,New,31.796666666666667
0.0,14.0,4.0,Mobile,1.0,Single,2.0,1.0,1.0,123.89,0.0,38.767,1,1,,24.778
14.0,17.0,5.0,Fashion,4.0,Married,4.0,0.0,3.0,222.05,0.0,72.815,1,0,Loyal,37.00833333333333
17.0,13.0,4.0,Fashion,1.0,Married,4.0,0.0,14.5,202.48,0.0,67.44399999999999,1,0,Loyal,40.495999999999995
7.0,6.0,4.0,Fashion,3.0,Divorced,2.0,1.0,6.0,170.83,0.0,54.949000000000005,1,1,Regular,34.166000000000004
8.0,8.0,3.0,Laptop & Accessory,4.0,Single,6.0,0.0,2.0,144.25,0.0,46.875,1,0,Regular,36.0625
16.0,9.0,4.0,Grocery,5.0,Divorced,2.0,0.0,8.0,269.57500000000005,0.0,87.27250000000001,1,0,Loyal,53.915000000000006
20.0,8.0,2.0,Grocery,5.0,Single,3.0,0.0,13.0,269.57500000000005,0.0,87.67250000000001,1,0,Loyal,89.85833333333335
2.0,19.0,4.0,Laptop & Accessory,4.0,Married,5.0,1.0,3.0,140.25,0.0,44.275,1,1,New,28.05
10.0,14.0,3.0,Mobile,2.0,Divorced,2.0,1.0,2.0,123.26,0.0,41.178000000000004,1,1,Regular,30.815
29.0,33.0,2.0,Others,4.0,Married,6.0,1.0,5.0,269.57500000000005,0.0,90.37250000000002,1,1,VIP,89.85833333333335
1.0,7.0,5.0,Mobile Phone,4.0,Single,3.0,0.0,1.0,153.36,0.0,48.308,1,0,New,25.560000000000002
27.0,17.0,3.0,Grocery,1.0,Married,4.0,0.0,12.0,260.32,0.0,87.39599999999999,1,0,VIP,65.08
3.0,9.0,5.0,Mobile Phone,5.0,Single,4.0,1.0,1.0,161.46,0.0,51.338,1,1,New,26.91
0.0,10.0,1.5,Laptop & Accessory,4.0,Married,2.0,1.0,3.0,161.42,0.0,49.025999999999996,1,1,,64.568
0.0,14.0,3.0,Mobile,5.0,Married,2.0,0.0,2.0,125.0,0.0,38.7,1,0,,31.25
10.0,17.0,3.0,Fashion,2.0,Married,2.0,1.0,3.0,221.85,0.0,70.755,1,1,Regular,55.4625
3.0,14.0,3.0,Fashion,3.0,Married,6.0,0.0,7.0,172.64,0.0,53.891999999999996,1,0,New,43.16
4.0,29.0,5.0,Laptop & Accessory,3.0,Divorced,4.0,1.0,1.0,188.8,0.0,59.84,1,1,New,31.46666666666667
11.0,8.0,5.0,Laptop & Accessory,1.0,Married,3.0,1.0,3.0,154.05,0.0,51.515,1,1,Regular,25.675
5.0,33.0,4.0,Mobile Phone,3.0,Married,3.0,0.0,4.0,154.11,0.0,49.333000000000006,1,0,New,30.822000000000003
14.0,9.0,5.0,Laptop & Accessory,3.0,Married,8.0,0.0,1.0,159.48,0.0,54.044,1,0,Loyal,26.58
3.0,17.0,4.0,Mobile Phone,4.0,Married,2.0,0.0,2.0,157.91,0.0,49.873,1,0,New,31.582
9.0,12.0,3.0,Mobile,3.0,Married,9.0,0.0,2.0,122.67,0.0,40.70100000000001,1,0,Regular,30.6675
1.0,9.0,5.5,Mobile Phone,1.0,Married,7.0,1.0,3.0,159.64,0.0,50.391999999999996,1,1,New,24.56
31.0,10.0,5.0,Laptop & Accessory,2.0,Single,7.0,0.0,6.0,176.71,0.0,64.313,1,0,VIP,29.451666666666668
15.0,11.0,4.0,Mobile Phone,3.0,Divorced,11.0,1.0,8.0,149.61,0.0,50.983000000000004,1,1,Loyal,29.922000000000004
1.0,16.0,5.0,Laptop & Accessory,5.0,Single,9.0,0.0,4.0,159.07,0.0,50.020999999999994,1,0,New,26.511666666666667
14.0,12.0,3.0,Fashion,3.0,Single,2.0,0.0,7.0,192.41,0.0,63.123000000000005,1,0,Loyal,48.1025
10.0,17.0,4.0,Fashion,5.0,Married,9.0,1.0,8.0,208.21,0.0,67.063,1,1,Regular,41.642
1.0,22.0,4.0,Mobile Phone,3.0,Divorced,3.0,0.0,3.0,151.1,0.0,47.23,1,0,New,30.22
9.0,11.0,3.0,Mobile,3.0,Divorced,5.0,0.0,0.0,120.93,0.0,40.17900000000001,1,0,Regular,30.2325
13.0,7.0,4.0,Others,3.0,Married,3.0,1.0,7.0,269.57500000000005,0.0,86.37250000000002,1,1,Loyal,53.915000000000006
13.0,8.0,3.0,Others,3.0,Married,1.0,0.0,9.0,269.57500000000005,0.0,85.97250000000003,1,0,Loyal,67.39375000000001
23.0,35.0,4.0,Grocery,3.0,Married,1.0,0.0,7.0,269.57500000000005,0.0,89.37250000000002,1,0,Loyal,53.915000000000006
9.0,9.0,3.0,Mobile Phone,4.0,Single,2.0,0.0,0.0,114.83,0.0,38.349000000000004,1,0,Regular,28.7075
21.0,9.0,4.0,Mobile Phone,3.0,Single,6.0,0.0,1.0,149.79,0.0,52.836999999999996,1,0,Loyal,29.958
5.0,8.0,1.5,Laptop & Accessory,1.0,Single,8.0,0.0,7.0,150.55,0.0,47.265,1,0,New,60.220000000000006
30.0,35.0,4.0,Grocery,2.0,Married,4.0,0.0,0.0,241.18,0.0,82.954,1,0,VIP,48.236000000000004
1.0,10.0,4.0,Mobile Phone,3.0,Single,3.0,0.0,1.0,139.2,0.0,43.66,1,0,New,27.839999999999996
15.0,11.0,3.0,Others,3.0,Divorced,7.0,0.0,0.0,269.57500000000005,0.0,86.57250000000002,1,0,Loyal,67.39375000000001
20.0,7.0,4.0,Fashion,5.0,Married,9.0,0.0,3.0,218.96,0.0,73.288,1,0,Loyal,43.792
13.0,9.0,4.0,Fashion,3.0,Single,2.0,0.0,9.0,234.38,0.0,75.814,1,0,Loyal,46.876
27.0,28.0,3.0,Grocery,3.0,Married,4.0,0.0,7.0,269.57500000000005,0.0,90.17250000000001,1,0,VIP,67.39375000000001
9.0,14.0,3.0,Laptop & Accessory,1.0,Married,5.0,0.0,7.0,150.79,0.0,49.137,1,0,Regular,37.6975
11.0,7.0,4.0,Laptop & Accessory,4.0,Divorced,8.0,0.0,4.0,189.47,0.0,61.741,1,0,Regular,37.894
1.0,14.0,4.0,Laptop & Accessory,3.0,Married,3.0,0.0,2.0,173.83,0.0,54.049,1,0,New,34.766000000000005
1.0,32.0,5.5,Mobile Phone,3.0,Single,3.0,0.0,2.0,147.93,0.0,46.879,1,0,New,22.75846153846154
3.0,7.0,3.0,Mobile Phone,4.0,Married,1.0,1.0,7.0,135.79,0.0,42.836999999999996,1,1,New,33.9475
26.0,6.0,4.0,Grocery,3.0,Married,5.0,1.0,3.0,229.65,0.0,78.29499999999999,1,1,VIP,45.93
9.0,14.0,3.0,Mobile Phone,3.0,Single,2.0,0.0,0.0,119.04,0.0,39.61200000000001,1,0,Regular,29.76
2.0,8.0,3.0,Mobile,4.0,Married,1.0,0.0,2.0,131.8,0.0,41.34,1,0,New,32.95
6.0,8.0,3.0,Laptop & Accessory,4.0,Single,9.0,0.0,7.0,151.47,0.0,48.440999999999995,1,0,New,37.8675
22.0,36.0,4.0,Fashion,3.0,Married,5.0,0.0,1.0,250.04,0.0,83.21199999999999,1,0,Loyal,50.007999999999996
27.0,7.0,4.0,Laptop & Accessory,5.0,Single,9.0,0.0,11.0,208.81,0.0,72.34299999999999,1,0,VIP,41.762
23.0,7.0,5.0,Grocery,3.0,Single,9.0,1.0,8.0,264.64,0.0,88.292,1,1,Loyal,44.10666666666666
23.0,14.0,3.0,Mobile Phone,4.0,Divorced,8.0,0.0,2.0,138.75,0.0,49.725,1,0,Loyal,34.6875
4.0,11.0,5.0,Laptop & Accessory,4.0,Married,3.0,1.0,8.0,177.09,0.0,56.327000000000005,1,1,New,29.515
9.0,14.0,5.0,Mobile,5.0,Divorced,2.0,1.0,7.0,121.19,0.0,41.057,1,1,Regular,20.198333333333334
1.0,8.0,4.0,Mobile Phone,3.0,Single,2.0,0.0,3.0,158.75,0.0,49.525,1,0,New,31.75
1.0,12.0,5.0,Fashion,1.0,Married,3.0,1.0,9.0,253.08,0.0,78.224,1,1,New,42.18
19.0,9.0,5.5,Laptop & Accessory,3.0,Single,2.0,0.0,2.0,191.32,0.0,65.29599999999999,1,0,Loyal,29.433846153846154
14.0,16.0,4.0,Laptop & Accessory,3.0,Married,5.0,0.0,8.0,164.75,0.0,55.225,1,0,Loyal,32.95
9.0,16.0,4.0,Mobile Phone,5.0,Single,2.0,0.0,0.0,114.16,0.0,38.548,1,0,Regular,22.832
3.0,8.0,4.0,Mobile Phone,1.0,Married,3.0,0.0,3.0,162.6,0.0,51.279999999999994,1,0,New,32.519999999999996
9.0,16.0,4.0,Mobile Phone,3.0,Single,2.0,0.0,0.0,112.0,0.0,37.900000000000006,1,0,Regular,22.4
28.0,10.0,3.0,Laptop & Accessory,3.0,Divorced,1.0,1.0,2.0,140.35,0.0,51.705,1,1,VIP,35.0875
6.0,9.0,4.0,Mobile Phone,5.0,Single,3.0,0.0,3.0,149.39,0.0,48.21699999999999,1,0,New,29.877999999999997
16.0,19.0,4.0,Laptop & Accessory,1.0,Married,5.0,1.0,1.0,175.87,0.0,59.161,1,1,Loyal,35.174
0.0,7.0,4.0,Laptop & Accessory,5.0,Married,2.0,0.0,7.0,197.14,0.0,60.742,1,0,,39.428
5.0,18.0,3.0,Grocery,5.0,Single,1.0,1.0,14.0,237.58,0.0,73.974,1,1,New,59.395
26.0,30.0,1.5,Fashion,1.0,Married,4.0,0.0,2.0,170.05,0.0,59.415,1,0,VIP,68.02000000000001
26.0,13.0,3.0,Others,3.0,Married,4.0,0.0,7.0,269.57500000000005,0.0,89.87250000000002,1,0,VIP,67.39375000000001
5.0,11.0,3.0,Mobile,4.0,Single,3.0,0.0,7.0,127.18,0.0,40.854000000000006,1,0,New,31.795
9.0,7.0,3.0,Mobile,3.0,Married,1.0,0.0,3.0,120.64,0.0,40.092000000000006,1,0,Regular,30.16
0.0,14.0,5.0,Mobile,5.0,Single,1.0,0.0,0.0,123.25,0.0,38.975,1,0,,20.541666666666668
0.0,11.0,4.0,Fashion,1.0,Married,2.0,1.0,3.0,228.08,0.0,70.024,1,1,,45.616
13.0,29.0,4.0,Fashion,5.0,Single,3.0,1.0,9.0,233.8,0.0,75.64,1,1,Loyal,46.760000000000005
1.0,12.0,4.0,Mobile Phone,5.0,Single,3.0,1.0,3.0,148.8,0.0,46.54,1,1,New,29.76
21.0,6.0,4.0,Others,2.0,Single,7.0,0.0,0.0,269.57500000000005,0.0,88.77250000000001,1,0,Loyal,53.915000000000006
9.0,6.0,3.0,Mobile,3.0,Single,1.0,1.0,2.0,121.54,0.0,40.36200000000001,1,1,Regular,30.385
1.0,18.0,4.0,Mobile Phone,4.0,Divorced,3.0,0.0,3.0,147.44,0.0,46.132,1,0,New,29.488
22.0,8.0,5.0,Others,1.0,Single,8.0,0.0,1.0,269.57500000000005,0.0,89.47250000000001,1,0,Loyal,44.929166666666674
2.0,16.0,4.0,Mobile Phone,2.0,Divorced,3.0,0.0,5.0,145.7,0.0,45.91,1,0,New,29.139999999999997
9.0,28.0,5.0,Mobile Phone,3.0,Married,2.0,0.0,0.0,115.55,0.0,39.365,1,0,Regular,19.258333333333333
12.0,25.0,5.5,Laptop & Accessory,1.0,Married,5.0,1.0,1.0,183.11,0.0,60.733000000000004,1,1,Regular,28.17076923076923
9.0,19.0,3.0,Mobile,4.0,Divorced,2.0,0.0,0.0,120.33,0.0,39.999,1,0,Regular,30.0825
9.0,23.0,4.0,Mobile,4.0,Divorced,2.0,0.0,0.0,121.27,0.0,40.681000000000004,1,0,Regular,24.253999999999998
1.0,7.0,4.0,Laptop & Accessory,3.0,Divorced,3.0,0.0,8.0,177.96,0.0,55.288,1,0,New,35.592
15.0,14.0,3.0,Mobile,5.0,Married,4.0,0.0,2.0,125.76,0.0,43.428000000000004,1,0,Loyal,31.44
11.0,14.0,3.0,Mobile,5.0,Single,4.0,0.0,0.0,126.19,0.0,42.357,1,0,Regular,31.5475
12.0,7.0,5.0,Fashion,3.0,Single,11.0,1.0,1.0,178.81,0.0,59.243,1,1,Regular,29.801666666666666
21.0,11.0,4.0,Laptop & Accessory,3.0,Single,5.0,0.0,1.0,154.76,0.0,54.327999999999996,1,0,Loyal,30.951999999999998
3.0,35.0,5.0,Mobile Phone,5.0,Single,3.0,0.0,5.0,162.85,0.0,51.754999999999995,1,0,New,27.141666666666666
3.0,20.0,5.0,Laptop & Accessory,4.0,Married,6.0,1.0,4.0,165.25,0.0,52.474999999999994,1,1,New,27.541666666666668
17.0,13.0,3.0,Others,1.0,Married,1.0,1.0,10.0,269.57500000000005,0.0,87.17250000000001,1,1,Loyal,67.39375000000001
0.0,14.0,3.0,Mobile,1.0,Single,2.0,0.0,7.0,125.7,0.0,38.910000000000004,1,0,,31.425
24.0,11.0,4.0,Others,4.0,Married,5.0,0.0,7.0,269.57500000000005,0.0,89.67250000000001,1,0,Loyal,53.915000000000006
16.0,12.0,4.0,Mobile Phone,3.0,Divorced,6.0,0.0,1.0,145.93,0.0,50.179,1,0,Loyal,29.186
19.0,21.0,3.0,Others,4.0,Divorced,6.0,0.0,3.0,269.57500000000005,0.0,87.77250000000002,1,0,Loyal,67.39375000000001
11.0,8.0,3.0,Fashion,4.0,Single,8.0,0.0,0.0,173.51,0.0,56.553,1,0,Regular,43.3775
15.0,8.0,4.0,Mobile Phone,4.0,Married,5.0,0.0,0.0,148.41,0.0,50.623,1,0,Loyal,29.682
6.0,13.0,3.0,Laptop & Accessory,4.0,Divorced,1.0,0.0,2.0,143.02,0.0,45.906,1,0,New,35.755
5.0,14.0,4.0,Fashion,1.0,Single,3.0,1.0,11.0,196.43,0.0,62.029,1,1,New,39.286
15.0,12.0,2.0,Laptop & Accessory,4.0,Single,5.0,0.0,3.0,193.7,0.0,63.40999999999999,1,0,Loyal,64.56666666666666
1.0,15.0,3.0,Laptop & Accessory,1.0,Single,2.0,0.0,7.0,152.53,0.0,47.259,1,0,New,38.1325
1.0,18.0,5.0,Mobile Phone,5.0,Single,3.0,1.0,1.0,151.0,0.0,47.599999999999994,1,1,New,25.166666666666668
4.0,10.0,1.5,Mobile Phone,3.0,Married,9.0,0.0,2.0,139.78,0.0,43.734,1,0,New,55.912
28.0,14.0,4.0,Laptop & Accessory,1.0,Married,6.0,0.0,8.0,193.54,0.0,68.062,1,0,VIP,38.708
1.0,15.0,4.0,Fashion,3.0,Single,3.0,0.0,3.0,212.26,0.0,65.57799999999999,1,0,New,42.452
13.0,31.0,5.0,Grocery,1.0,Married,2.0,0.0,7.0,245.31,0.0,79.49300000000001,1,0,Loyal,40.885
9.0,15.0,2.0,Mobile Phone,1.0,Married,3.0,0.0,2.0,147.69,0.0,47.806999999999995,1,0,Regular,49.23
14.0,9.0,4.0,Mobile Phone,3.0,Married,4.0,0.0,3.0,148.45,0.0,50.335,1,0,Loyal,29.689999999999998
0.0,14.0,1.5,Mobile,1.0,Married,1.0,0.0,7.0,125.44,0.0,38.232,1,0,,50.176
1.0,5.0,5.0,Mobile Phone,4.0,Married,3.0,0.0,1.0,150.96,0.0,47.588,1,0,New,25.16
0.0,16.0,4.0,Fashion,5.0,Married,10.0,0.0,0.0,203.06,0.0,62.518,1,0,,40.612
3.0,30.0,4.0,Mobile Phone,2.0,Single,11.0,0.0,3.0,147.01,0.0,46.602999999999994,1,0,New,29.401999999999997
8.0,17.0,4.0,Mobile Phone,3.0,Married,3.0,1.0,1.0,163.15,0.0,52.945,1,1,Regular,32.63
11.0,14.0,4.0,Laptop & Accessory,5.0,Married,7.0,1.0,5.0,167.84,0.0,55.251999999999995,1,1,Regular,33.568
17.0,14.0,1.5,Mobile,2.0,Divorced,3.0,1.0,2.0,128.18,0.0,44.154,1,1,Loyal,51.272000000000006
17.0,33.0,4.0,Grocery,1.0,Married,3.0,1.0,13.0,269.57500000000005,0.0,87.5725,1,1,Loyal,53.915000000000006
7.0,14.0,3.0,Laptop & Accessory,5.0,Divorced,6.0,0.0,2.0,165.0,0.0,52.800000000000004,1,0,Regular,41.25
0.0,10.0,3.0,Mobile,4.0,Single,2.0,0.0,2.0,132.95,0.0,41.085,1,0,,33.2375
1.0,16.0,4.0,Mobile Phone,5.0,Single,9.0,0.0,5.0,167.0,0.0,52.0,1,0,New,33.4
19.0,9.0,3.0,Grocery,4.0,Divorced,9.0,0.0,1.0,266.06,0.0,86.718,1,0,Loyal,66.515
3.0,22.0,3.0,Laptop & Accessory,3.0,Divorced,9.0,0.0,2.0,153.01,0.0,48.003,1,0,New,38.2525
14.0,8.0,3.0,Grocery,5.0,Divorced,8.0,0.0,8.0,265.95,0.0,85.185,1,0,Loyal,66.4875
28.0,8.0,4.0,Grocery,1.0,Single,8.0,0.0,8.0,269.57500000000005,0.0,90.87250000000002,1,0,VIP,53.915000000000006
28.0,12.0,4.0,Others,5.0,Divorced,6.0,0.0,3.0,269.57500000000005,0.0,90.87250000000002,1,0,VIP,53.915000000000006
1.0,15.0,2.0,Laptop & Accessory,4.0,Married,2.0,0.0,3.0,173.51,0.0,53.15299999999999,1,0,New,57.836666666666666
25.0,6.0,3.0,Grocery,2.0,Divorced,3.0,0.0,8.0,269.57500000000005,0.0,89.57250000000002,1,0,VIP,67.39375000000001
1.0,8.0,3.0,Laptop & Accessory,4.0,Married,5.0,0.0,4.0,148.55,0.0,46.065000000000005,1,0,New,37.1375
3.0,16.0,4.0,Laptop & Accessory,3.0,Divorced,2.0,0.0,4.0,165.78,0.0,52.234,1,0,New,33.156
15.0,16.0,3.0,Mobile,3.0,Married,4.0,0.0,3.0,129.36,0.0,44.508,1,0,Loyal,32.34
9.0,32.0,3.0,Laptop & Accessory,3.0,Married,7.0,0.0,2.0,153.47,0.0,49.941,1,0,Regular,38.3675
12.0,17.0,4.0,Laptop & Accessory,3.0,Married,5.0,0.0,3.0,185.77,0.0,60.931000000000004,1,0,Regular,37.154
1.0,10.0,4.0,Laptop & Accessory,5.0,Divorced,3.0,1.0,4.0,166.94,0.0,51.982,1,1,New,33.388
5.0,9.0,4.0,Mobile Phone,2.0,Married,2.0,1.0,3.0,151.95,0.0,48.684999999999995,1,1,New,30.389999999999997
5.0,35.0,4.0,Mobile,4.0,Single,2.0,0.0,1.0,128.37,0.0,41.611000000000004,1,0,New,25.674
6.0,33.0,4.0,Laptop & Accessory,1.0,Married,2.0,0.0,3.0,169.65,0.0,54.295,1,0,New,33.93
18.0,14.0,4.0,Others,1.0,Married,2.0,1.0,11.0,269.57500000000005,0.0,87.87250000000002,1,1,Loyal,53.915000000000006
13.0,15.0,4.0,Laptop & Accessory,1.0,Married,10.0,0.0,2.0,148.76,0.0,50.12799999999999,1,0,Loyal,29.752
9.0,7.0,5.0,Mobile Phone,3.0,Married,8.0,0.0,8.0,147.58,0.0,48.974000000000004,1,0,Regular,24.596666666666668
9.0,32.0,5.0,Laptop & Accessory,2.0,Single,6.0,0.0,3.0,161.81,0.0,53.243,1,0,Regular,26.968333333333334
4.0,14.0,5.0,Mobile Phone,4.0,Married,3.0,0.0,2.0,146.41,0.0,47.123,1,0,New,24.401666666666667
8.0,14.0,3.0,Laptop & Accessory,3.0,Married,2.0,0.0,9.0,141.48,0.0,46.044,1,0,Regular,35.37
9.0,15.0,4.0,Laptop & Accessory,4.0,Married,3.0,1.0,2.0,188.47,0.0,60.841,1,1,Regular,37.694
1.0,7.0,4.0,Mobile Phone,1.0,Single,3.0,1.0,9.0,151.86,0.0,47.458,1,1,New,30.372000000000003
15.0,20.0,4.0,Laptop & Accessory,3.0,Single,8.0,0.0,3.0,162.44,0.0,54.832,1,0,Loyal,32.488
24.0,15.0,3.0,Others,4.0,Married,5.0,1.0,10.0,269.57500000000005,0.0,89.27250000000002,1,1,Loyal,67.39375000000001
24.0,13.0,4.0,Laptop & Accessory,3.0,Married,3.0,0.0,0.0,161.32,0.0,57.196,1,0,Loyal,32.263999999999996
2.0,6.0,3.0,Fashion,1.0,Married,2.0,0.0,1.0,179.18,0.0,55.554,1,0,New,44.795
19.0,7.0,1.5,Grocery,5.0,Single,2.0,0.0,12.0,269.57500000000005,0.0,87.17250000000001,1,0,Loyal,107.83000000000001
16.0,12.0,4.0,Laptop & Accessory,3.0,Single,2.0,1.0,8.0,140.81,0.0,48.643,1,1,Loyal,28.162
21.0,16.0,4.0,Others,4.0,Married,5.0,0.0,9.0,269.57500000000005,0.0,88.77250000000001,1,0,Loyal,53.915000000000006
2.0,8.0,3.0,Laptop & Accessory,1.0,Married,2.0,0.0,3.0,188.53,0.0,58.359,1,0,New,47.1325
6.0,6.0,2.0,Grocery,3.0,Married,5.0,0.0,5.0,261.84,0.0,81.15199999999999,1,0,New,87.27999999999999
12.0,34.0,4.0,Laptop & Accessory,5.0,Single,4.0,0.0,3.0,142.84,0.0,48.052,1,0,Regular,28.568
30.0,18.0,5.0,Laptop & Accessory,5.0,Married,6.0,0.0,1.0,178.8,0.0,64.64,1,0,VIP,29.8
12.0,11.0,4.0,Mobile Phone,3.0,Married,9.0,0.0,1.0,158.06,0.0,52.618,1,0,Regular,31.612000000000002
8.0,14.0,4.0,Mobile,3.0,Married,1.0,0.0,2.0,124.3,0.0,41.29,1,0,Regular,24.86
3.0,28.0,4.0,Laptop & Accessory,3.0,Married,3.0,1.0,0.0,163.8,0.0,51.64,1,1,New,32.760000000000005
11.0,32.0,5.0,Laptop & Accessory,1.0,Married,9.0,0.0,4.0,182.31,0.0,59.992999999999995,1,0,Regular,30.385
0.0,7.0,3.0,Mobile,3.0,Single,1.0,0.0,2.0,133.75,0.0,41.325,1,0,,33.4375
3.0,22.0,5.5,Mobile Phone,1.0,Married,2.0,1.0,4.0,146.68,0.0,47.104,1,1,New,22.566153846153846
1.0,16.0,4.0,Mobile Phone,5.0,Single,3.0,0.0,1.0,150.52,0.0,47.056,1,0,New,30.104000000000003
8.0,14.0,3.0,Mobile Phone,3.0,Single,2.0,0.0,4.0,143.23,0.0,46.568999999999996,1,0,Regular,35.8075
4.0,7.0,5.0,Fashion,3.0,Single,3.0,0.0,3.0,209.74,0.0,66.122,1,0,New,34.95666666666667
5.0,16.0,3.0,Mobile,3.0,Married,7.0,0.0,3.0,134.33,0.0,42.999,1,0,New,33.5825
31.0,22.0,4.0,Grocery,3.0,Married,4.0,1.0,3.0,269.57500000000005,0.0,91.77250000000001,1,1,VIP,53.915000000000006
4.0,14.0,3.0,Grocery,4.0,Single,4.0,0.0,0.0,264.22,0.0,81.66600000000001,1,0,New,66.055
12.0,21.0,3.0,Grocery,5.0,Single,1.0,0.0,10.0,233.41000000000005,0.0,74.82300000000001,1,0,Regular,58.35250000000001
7.0,6.0,4.0,Mobile Phone,2.0,Divorced,2.0,1.0,3.0,136.22,0.0,44.566,1,1,Regular,27.244
12.0,30.0,3.0,Laptop & Accessory,1.0,Single,8.0,0.0,7.0,141.08,0.0,47.12400000000001,1,0,Regular,35.27
0.0,8.0,1.5,Mobile,5.0,Single,8.0,0.0,1.0,134.24,0.0,40.872,1,0,,53.696000000000005
14.0,16.0,4.0,Laptop & Accessory,5.0,Married,2.0,0.0,2.0,179.73,0.0,59.719,1,0,Loyal,35.946
18.0,8.0,4.0,Grocery,2.0,Divorced,10.0,0.0,8.0,267.92,0.0,87.376,1,0,Loyal,53.584
9.0,15.0,3.0,Mobile Phone,5.0,Married,2.0,0.0,0.0,117.9,0.0,39.27,1,0,Regular,29.475
11.0,26.0,4.0,Laptop & Accessory,3.0,Married,5.0,0.0,3.0,182.68,0.0,59.704,1,0,Regular,36.536
21.0,14.0,5.0,Fashion,5.0,Married,9.0,1.0,3.0,225.08,0.0,75.824,1,1,Loyal,37.513333333333335
9.0,9.0,4.0,Laptop & Accessory,4.0,Single,7.0,0.0,3.0,169.25,0.0,55.075,1,0,Regular,33.85
10.0,12.0,3.0,Laptop & Accessory,1.0,Married,5.0,0.0,1.0,165.02,0.0,53.706,1,0,Regular,41.255
8.0,17.0,4.0,Mobile Phone,4.0,Married,3.0,0.0,1.0,145.08,0.0,47.524,1,0,Regular,29.016000000000002
25.0,6.0,4.0,Others,3.0,Married,1.0,0.0,9.0,269.57500000000005,0.0,89.97250000000001,1,0,VIP,53.915000000000006
14.0,8.0,3.0,Grocery,4.0,Single,2.0,0.0,4.0,260.15,0.0,83.445,1,0,Loyal,65.0375
0.0,6.0,4.0,Laptop & Accessory,5.0,Married,2.0,0.0,7.0,197.14,0.0,60.742,1,0,,39.428
1.0,16.0,5.0,Mobile Phone,3.0,Divorced,2.0,1.0,1.0,158.88,0.0,49.96399999999999,1,1,New,26.48
14.0,16.0,5.0,Laptop & Accessory,4.0,Single,2.0,0.0,9.0,161.51,0.0,54.653,1,0,Loyal,26.918333333333333
11.0,16.0,3.0,Laptop & Accessory,3.0,Married,4.0,0.0,2.0,160.77,0.0,52.731,1,0,Regular,40.1925
3.0,9.0,4.0,Mobile Phone,4.0,Married,2.0,0.0,3.0,156.8,0.0,49.54,1,0,New,31.360000000000003
0.0,28.0,4.0,Mobile,4.0,Married,2.0,0.0,0.0,128.63,0.0,40.189,1,0,,25.726
19.0,36.0,4.0,Mobile Phone,1.0,Single,7.0,0.0,4.0,159.52,0.0,55.156000000000006,1,0,Loyal,31.904000000000003
20.0,8.0,4.0,Mobile,1.0,Single,2.0,1.0,2.0,132.94,0.0,47.482,1,1,Loyal,26.588
9.0,7.0,4.0,Mobile,4.0,Married,1.0,0.0,2.0,122.69,0.0,41.107,1,0,Regular,24.538
28.0,29.0,4.0,Grocery,3.0,Married,5.0,0.0,8.0,269.57500000000005,0.0,90.87250000000002,1,0,VIP,53.915000000000006
9.0,20.0,3.0,Mobile,5.0,Divorced,2.0,1.0,8.0,122.35,0.0,40.605000000000004,1,1,Regular,30.5875
5.0,31.0,4.0,Laptop & Accessory,1.0,Single,4.0,0.0,5.0,177.38,0.0,56.314,1,0,New,35.476
0.0,6.0,3.0,Laptop & Accessory,3.0,Married,1.0,0.0,2.0,148.98,0.0,45.894,1,0,,37.245
9.0,30.0,4.0,Mobile,3.0,Single,6.0,1.0,3.0,120.28,0.0,40.384,1,1,Regular,24.056
15.0,14.0,1.5,Laptop & Accessory,4.0,Divorced,7.0,1.0,0.0,123.72,0.0,42.216,1,1,Loyal,49.488
0.0,30.0,5.0,Mobile Phone,2.0,Single,2.0,1.0,0.0,111.18,0.0,35.354,1,1,,18.53
5.0,15.0,2.0,Mobile Phone,4.0,Single,11.0,0.0,3.0,146.09,0.0,46.126999999999995,1,0,New,48.696666666666665
5.0,10.0,4.0,Mobile Phone,5.0,Married,3.0,1.0,4.0,155.65,0.0,49.795,1,1,New,31.130000000000003
15.0,8.0,3.0,Grocery,5.0,Divorced,1.0,0.0,7.0,269.57500000000005,0.0,86.57250000000002,1,0,Loyal,67.39375000000001
2.0,15.0,4.0,Mobile Phone,1.0,Single,3.0,0.0,3.0,158.1,0.0,49.63,1,0,New,31.619999999999997
1.0,15.0,3.0,Laptop & Accessory,4.0,Divorced,2.0,0.0,3.0,173.51,0.0,53.553,1,0,New,43.3775
24.0,9.0,4.0,Others,3.0,Married,4.0,1.0,8.0,269.57500000000005,0.0,89.67250000000001,1,1,Loyal,53.915000000000006
16.0,31.0,4.0,Fashion,5.0,Divorced,3.0,1.0,9.0,199.06,0.0,66.118,1,1,Loyal,39.812
1.0,14.0,5.5,Laptop & Accessory,3.0,Single,3.0,1.0,7.0,185.74,0.0,58.222,1,1,New,28.575384615384618
0.0,11.0,3.0,Mobile,3.0,Single,2.0,1.0,0.0,128.51,0.0,39.753,1,1,,32.1275
29.0,15.0,3.0,Grocery,2.0,Divorced,8.0,0.0,3.0,211.03,0.0,73.209,1,0,VIP,52.7575
20.0,14.0,4.0,Laptop & Accessory,3.0,Divorced,4.0,0.0,1.0,177.58,0.0,60.874,1,0,Loyal,35.516000000000005
20.0,11.0,3.0,Others,3.0,Divorced,5.0,0.0,1.0,269.57500000000005,0.0,88.07250000000002,1,0,Loyal,67.39375000000001
7.0,9.0,5.0,Laptop & Accessory,5.0,Single,4.0,0.0,12.0,147.59,0.0,48.377,1,0,Regular,24.598333333333333
19.0,13.0,3.0,Laptop & Accessory,3.0,Divorced,3.0,0.0,0.0,152.58,0.0,52.67400000000001,1,0,Loyal,38.145
9.0,10.0,4.0,Fashion,1.0,Married,8.0,0.0,9.0,203.23,0.0,65.26899999999999,1,0,Regular,40.646
13.0,8.0,1.5,Laptop & Accessory,4.0,Married,2.0,0.0,7.0,142.44,0.0,47.232,1,0,Loyal,56.976
6.0,7.0,4.0,Laptop & Accessory,4.0,Married,3.0,0.0,10.0,187.2,0.0,59.559999999999995,1,0,New,37.44
10.0,16.0,4.0,Laptop & Accessory,2.0,Married,3.0,1.0,0.0,166.94,0.0,54.682,1,1,Regular,33.388
9.0,9.0,4.0,Mobile Phone,1.0,Married,3.0,0.0,3.0,145.14,0.0,47.842,1,0,Regular,29.028
1.0,15.0,5.5,Mobile Phone,5.0,Married,3.0,0.0,2.0,149.51,0.0,47.352999999999994,1,0,New,23.00153846153846
1.0,8.0,4.0,Mobile,4.0,Divorced,1.0,0.0,4.0,132.01,0.0,41.50299999999999,1,0,New,26.401999999999997
12.0,16.0,3.0,Laptop & Accessory,5.0,Married,3.0,0.0,7.0,153.77,0.0,50.931000000000004,1,0,Regular,38.4425
5.0,7.0,3.0,Fashion,1.0,Married,2.0,0.0,7.0,204.22,0.0,63.966,1,0,New,51.055
8.0,14.0,4.0,Mobile Phone,3.0,Married,2.0,1.0,8.0,148.08,0.0,48.424,1,1,Regular,29.616000000000003
1.0,7.0,4.0,Laptop & Accessory,4.0,Married,3.0,0.0,5.0,188.97,0.0,58.590999999999994,1,0,New,37.794
0.0,14.0,1.5,Mobile,3.0,Married,8.0,0.0,2.0,135.17,0.0,41.150999999999996,1,0,,54.068
16.0,15.0,3.0,Laptop & Accessory,3.0,Married,4.0,1.0,7.0,156.79,0.0,53.037,1,1,Loyal,39.1975
18.0,35.0,2.0,Grocery,2.0,Divorced,5.0,1.0,12.0,258.2,0.0,83.66,1,1,Loyal,86.06666666666666
5.0,12.0,4.0,Laptop & Accessory,1.0,Married,3.0,0.0,3.0,179.76,0.0,57.028,1,0,New,35.952
6.0,10.0,3.0,Laptop & Accessory,4.0,Married,6.0,0.0,7.0,130.55,0.0,42.165,1,0,New,32.6375
9.0,11.0,3.0,Laptop & Accessory,1.0,Married,4.0,0.0,0.0,120.86,0.0,40.158,1,0,Regular,30.215
9.0,8.0,4.0,Fashion,3.0,Divorced,2.0,0.0,0.0,175.96,0.0,57.08800000000001,1,0,Regular,35.192
24.0,11.0,3.0,Grocery,4.0,Married,2.0,1.0,10.0,240.26,0.0,80.478,1,1,Loyal,60.065
10.0,7.0,5.0,Laptop & Accessory,3.0,Married,2.0,0.0,3.0,168.74,0.0,55.622,1,0,Regular,28.123333333333335
22.0,9.0,3.0,Laptop & Accessory,4.0,Divorced,5.0,0.0,3.0,206.2,0.0,69.66,1,0,Loyal,51.55
6.0,7.0,4.0,Mobile Phone,1.0,Married,2.0,0.0,3.0,148.14,0.0,47.84199999999999,1,0,New,29.627999999999997
3.0,9.0,4.0,Laptop & Accessory,3.0,Married,3.0,0.0,3.0,171.49,0.0,53.947,1,0,New,34.298
0.0,14.0,3.0,Mobile,4.0,Single,2.0,1.0,0.0,124.72,0.0,38.616,1,1,,31.18
0.0,14.0,3.0,Mobile,4.0,Married,3.0,1.0,2.0,123.73,0.0,38.319,1,1,,30.9325
1.0,16.0,4.0,Mobile Phone,5.0,Single,4.0,1.0,1.0,156.72,0.0,48.916,1,1,New,31.344
5.0,10.0,3.0,Mobile Phone,4.0,Married,3.0,0.0,2.0,139.31,0.0,44.493,1,0,New,34.8275
10.0,16.0,3.0,Laptop & Accessory,4.0,Single,3.0,1.0,1.0,141.97,0.0,46.791000000000004,1,1,Regular,35.4925
27.0,25.0,3.0,Fashion,4.0,Divorced,3.0,0.0,1.0,207.25,0.0,71.475,1,0,VIP,51.8125
0.0,8.0,3.0,Mobile Phone,3.0,Single,7.0,0.0,1.0,143.82,0.0,44.346,1,0,,35.955
15.0,8.0,4.0,Laptop & Accessory,2.0,Single,4.0,0.0,0.0,167.81,0.0,56.443,1,0,Loyal,33.562
5.0,8.0,3.0,Laptop & Accessory,4.0,Married,1.0,1.0,2.0,140.78,0.0,44.934000000000005,1,1,New,35.195
21.0,9.0,5.0,Mobile Phone,1.0,Married,11.0,1.0,1.0,148.8,0.0,52.94,1,1,Loyal,24.8
14.0,9.0,4.0,Mobile Phone,3.0,Married,4.0,0.0,3.0,145.01,0.0,49.303,1,0,Loyal,29.002
11.0,6.0,1.5,Mobile,3.0,Divorced,2.0,0.0,0.0,128.44,0.0,42.431999999999995,1,0,Regular,51.376
10.0,8.0,5.5,Fashion,5.0,Married,4.0,1.0,3.0,227.52,0.0,73.456,1,1,Regular,35.003076923076925
14.0,9.0,4.0,Others,3.0,Married,2.0,0.0,13.0,269.57500000000005,0.0,86.67250000000001,1,0,Loyal,53.915000000000006
0.0,10.0,4.0,Laptop & Accessory,2.0,Single,2.0,1.0,3.0,144.87,0.0,45.061,1,1,,28.974
19.0,31.0,4.0,Mobile Phone,4.0,Single,3.0,0.0,5.0,146.77,0.0,51.331,1,0,Loyal,29.354000000000003
3.0,21.0,4.0,Fashion,5.0,Married,3.0,0.0,7.0,171.4,0.0,53.92,1,0,New,34.28
11.0,6.0,4.0,Fashion,3.0,Single,10.0,1.0,0.0,153.81,0.0,51.043,1,1,Regular,30.762
3.0,18.0,3.0,Laptop & Accessory,3.0,Single,1.0,0.0,4.0,165.77,0.0,51.831,1,0,New,41.4425
10.0,15.0,4.0,Laptop & Accessory,4.0,Married,2.0,0.0,3.0,141.89,0.0,47.166999999999994,1,0,Regular,28.377999999999997
21.0,13.0,3.0,Laptop & Accessory,5.0,Married,5.0,0.0,2.0,154.86,0.0,53.958000000000006,1,0,Loyal,38.715
14.0,7.0,4.0,Laptop & Accessory,1.0,Married,6.0,0.0,4.0,190.13,0.0,62.839,1,0,Loyal,38.025999999999996
9.0,14.0,1.5,Fashion,5.0,Married,10.0,0.0,3.0,217.13,0.0,68.439,1,0,Regular,86.852
11.0,8.0,5.5,Laptop & Accessory,1.0,Married,3.0,0.0,3.0,220.25,0.0,71.575,1,0,Regular,33.88461538461539
5.0,6.0,3.0,Mobile,5.0,Single,2.0,0.0,0.0,129.56,0.0,41.568000000000005,1,0,New,32.39
9.0,15.0,4.0,Mobile Phone,3.0,Single,3.0,0.0,5.0,168.23,0.0,54.769,1,0,Regular,33.646
28.0,10.0,4.0,Laptop & Accessory,5.0,Married,4.0,0.0,6.0,184.4,0.0,65.32000000000001,1,0,VIP,36.88
9.0,28.0,4.0,Laptop & Accessory,1.0,Married,3.0,1.0,8.0,165.14,0.0,53.842,1,1,Regular,33.028
24.0,6.0,4.0,Others,3.0,Married,6.0,1.0,1.0,269.57500000000005,0.0,89.67250000000001,1,1,Loyal,53.915000000000006
0.0,31.0,4.0,Mobile,4.0,Single,5.0,1.0,2.0,123.13,0.0,38.539,1,1,,24.625999999999998
4.0,11.0,3.0,Laptop & Accessory,5.0,Single,1.0,0.0,7.0,199.36,0.0,62.208000000000006,1,0,New,49.84
2.0,15.0,3.0,Mobile,3.0,Married,10.0,0.0,2.0,129.74,0.0,40.72200000000001,1,0,New,32.435
8.0,9.0,5.0,Mobile Phone,5.0,Single,3.0,0.0,4.0,168.81,0.0,55.043,1,0,Regular,28.135
1.0,12.0,4.0,Mobile,2.0,Single,3.0,0.0,1.0,135.51,0.0,42.553,1,0,New,27.101999999999997
31.0,25.0,4.0,Fashion,2.0,Single,8.0,0.0,3.0,230.12,0.0,79.93599999999999,1,0,VIP,46.024
17.0,7.0,3.0,Mobile,1.0,Married,5.0,1.0,2.0,131.95,0.0,45.885,1,1,Loyal,32.9875
10.0,19.0,3.0,Laptop & Accessory,1.0,Married,2.0,0.0,7.0,142.85,0.0,47.055,1,0,Regular,35.7125
1.0,20.0,4.0,Laptop & Accessory,5.0,Married,4.0,0.0,3.0,167.33,0.0,52.099000000000004,1,0,New,33.466
12.0,6.0,2.0,Fashion,2.0,Married,1.0,0.0,7.0,196.13,0.0,63.239,1,0,Regular,65.37666666666667
16.0,7.0,4.0,Mobile Phone,5.0,Married,5.0,0.0,3.0,150.76,0.0,51.62799999999999,1,0,Loyal,30.151999999999997
6.0,15.0,5.0,Laptop & Accessory,4.0,Married,3.0,1.0,10.0,177.28,0.0,56.983999999999995,1,1,New,29.546666666666667
3.0,28.0,2.0,Fashion,5.0,Married,3.0,0.0,3.0,224.8,0.0,69.14,1,0,New,74.93333333333334
9.0,15.0,4.0,Mobile Phone,2.0,Divorced,3.0,0.0,3.0,150.72,0.0,49.516000000000005,1,0,Regular,30.144
17.0,17.0,4.0,Mobile Phone,1.0,Single,2.0,0.0,8.0,149.55,0.0,51.565000000000005,1,0,Loyal,29.910000000000004
12.0,17.0,3.0,Fashion,1.0,Married,2.0,0.0,7.0,176.54,0.0,57.762,1,0,Regular,44.135
16.0,33.0,3.0,Fashion,5.0,Married,9.0,0.0,1.0,208.2,0.0,68.46,1,0,Loyal,52.05
0.0,14.0,4.0,Mobile,1.0,Married,6.0,0.0,3.0,123.67,0.0,38.701,1,0,,24.734
25.0,8.0,4.0,Mobile,2.0,Single,8.0,0.0,2.0,132.12,0.0,48.736000000000004,1,0,VIP,26.424
20.0,33.0,5.0,Laptop & Accessory,4.0,Single,10.0,0.0,3.0,204.91,0.0,69.473,1,0,Loyal,34.151666666666664
12.0,12.0,1.5,Fashion,3.0,Married,3.0,0.0,6.0,182.37,0.0,58.911,1,0,Regular,72.94800000000001
7.0,9.0,3.0,Mobile Phone,2.0,Divorced,1.0,0.0,2.0,137.37,0.0,44.511,1,0,Regular,34.3425
12.0,12.0,4.0,Fashion,5.0,Married,5.0,0.0,7.0,199.91,0.0,65.173,1,0,Regular,39.982
1.0,31.0,4.0,Mobile Phone,4.0,Married,3.0,1.0,1.0,149.08,0.0,46.624,1,1,New,29.816000000000003
18.0,10.0,3.0,Laptop & Accessory,4.0,Married,2.0,0.0,8.0,144.47,0.0,49.941,1,0,Loyal,36.1175
7.0,9.0,3.0,Laptop & Accessory,1.0,Single,1.0,0.0,4.0,177.56,0.0,56.568000000000005,1,0,Regular,44.39
14.0,31.0,4.0,Laptop & Accessory,2.0,Married,3.0,0.0,8.0,158.19,0.0,53.257000000000005,1,0,Loyal,31.637999999999998
12.0,7.0,4.0,Fashion,5.0,Married,3.0,0.0,12.0,260.82,0.0,83.44599999999998,1,0,Regular,52.164
16.0,17.0,3.0,Fashion,3.0,Married,2.0,0.0,9.0,175.1,0.0,58.529999999999994,1,0,Loyal,43.775
30.0,11.0,4.0,Fashion,4.0,Married,3.0,1.0,4.0,205.52,0.0,72.256,1,1,VIP,41.104
25.0,9.0,5.5,Laptop & Accessory,4.0,Married,7.0,0.0,3.0,179.82,0.0,63.646,1,0,VIP,27.664615384615384
7.0,23.0,4.0,Laptop & Accessory,1.0,Married,3.0,1.0,3.0,178.68,0.0,57.304,1,1,Regular,35.736000000000004
29.0,7.0,4.0,Others,5.0,Single,2.0,1.0,14.0,269.57500000000005,0.0,91.17250000000001,1,1,VIP,53.915000000000006
13.0,8.0,3.0,Others,3.0,Married,1.0,0.0,9.0,269.57500000000005,0.0,85.97250000000003,1,0,Loyal,67.39375000000001
6.0,14.0,1.5,Mobile,5.0,Married,7.0,0.0,6.0,131.43,0.0,41.829,1,0,New,52.572
10.0,7.0,4.0,Laptop & Accessory,2.0,Single,6.0,0.0,1.0,191.53,0.0,62.059,1,0,Regular,38.306
1.0,36.0,5.0,Laptop & Accessory,3.0,Single,3.0,0.0,9.0,170.08,0.0,53.324,1,0,New,28.346666666666668
1.0,19.0,4.0,Mobile Phone,1.0,Single,3.0,0.0,5.0,151.47,0.0,47.340999999999994,1,0,New,30.294
23.0,23.0,4.0,Fashion,5.0,Married,6.0,0.0,11.0,232.69,0.0,78.307,1,0,Loyal,46.538
4.0,35.0,4.0,Laptop & Accessory,1.0,Married,2.0,0.0,7.0,154.68,0.0,49.20400000000001,1,0,New,30.936
13.0,8.0,3.0,Others,3.0,Married,1.0,0.0,12.0,269.57500000000005,0.0,85.97250000000003,1,0,Loyal,67.39375000000001
27.0,9.0,5.0,Fashion,4.0,Divorced,4.0,0.0,13.0,200.25,0.0,70.175,1,0,VIP,33.375
10.0,9.0,4.0,Laptop & Accessory,4.0,Married,6.0,1.0,1.0,194.62,0.0,62.986,1,1,Regular,38.924
31.0,13.0,4.0,Mobile Phone,3.0,Divorced,10.0,0.0,3.0,147.67,0.0,55.20099999999999,1,0,VIP,29.534
26.0,29.0,3.0,Grocery,1.0,Single,7.0,0.0,8.0,242.75,0.0,81.825,1,0,VIP,60.6875
5.0,14.0,4.0,Fashion,2.0,Single,3.0,1.0,11.0,196.43,0.0,62.029,1,1,New,39.286
0.0,8.0,1.5,Laptop & Accessory,3.0,Single,1.0,0.0,7.0,165.0,0.0,50.1,1,0,,66.0
9.0,13.0,2.0,Mobile,2.0,Married,5.0,0.0,2.0,120.89,0.0,39.766999999999996,1,0,Regular,40.29666666666667
9.0,26.0,3.0,Mobile,1.0,Married,2.0,0.0,2.0,121.57,0.0,40.371,1,0,Regular,30.3925
4.0,16.0,4.0,Laptop & Accessory,5.0,Married,3.0,0.0,11.0,155.72,0.0,49.516000000000005,1,0,New,31.144
7.0,14.0,1.5,Laptop & Accessory,3.0,Married,2.0,0.0,8.0,167.99,0.0,53.097,1,0,Regular,67.196
0.0,10.0,5.0,Fashion,1.0,Married,2.0,0.0,8.0,204.0,0.0,63.199999999999996,1,0,,34.0
11.0,14.0,1.5,Mobile,3.0,Married,2.0,0.0,3.0,126.1,0.0,41.73,1,0,Regular,50.44
21.0,11.0,4.0,Laptop & Accessory,1.0,Single,3.0,1.0,8.0,166.63,0.0,57.888999999999996,1,1,Loyal,33.326
33.0,27.0,3.0,Grocery,1.0,Married,5.0,1.0,0.0,269.57500000000005,0.0,91.97250000000003,1,1,VIP,67.39375000000001
16.0,14.0,3.0,Mobile,1.0,Single,1.0,0.0,7.0,124.55,0.0,43.364999999999995,1,0,Loyal,31.1375
1.0,32.0,5.0,Mobile Phone,4.0,Divorced,7.0,0.0,2.0,150.46,0.0,47.437999999999995,1,0,New,25.076666666666668
13.0,25.0,3.0,Laptop & Accessory,1.0,Married,9.0,1.0,7.0,127.41,0.0,43.323,1,1,Loyal,31.8525
20.0,20.0,3.0,Laptop & Accessory,3.0,Married,4.0,1.0,2.0,145.91,0.0,50.973,1,1,Loyal,36.4775
4.0,7.0,5.0,Fashion,3.0,Single,3.0,0.0,3.0,209.74,0.0,66.122,1,0,New,34.95666666666667
5.0,15.0,4.0,Grocery,4.0,Single,5.0,0.0,1.0,269.57500000000005,0.0,83.97250000000001,1,0,New,53.915000000000006
8.0,14.0,4.0,Mobile,3.0,Married,1.0,0.0,2.0,124.3,0.0,41.29,1,0,Regular,24.86
22.0,24.0,3.0,Laptop & Accessory,2.0,Married,2.0,1.0,7.0,168.04,0.0,58.212,1,1,Loyal,42.01
30.0,16.0,4.0,Mobile Phone,3.0,Divorced,4.0,0.0,4.0,154.42,0.0,56.925999999999995,1,0,VIP,30.883999999999997
14.0,12.0,3.0,Fashion,1.0,Single,4.0,1.0,0.0,235.91000000000005,0.0,76.17300000000002,1,1,Loyal,58.97750000000001
1.0,28.0,4.0,Mobile Phone,3.0,Married,3.0,0.0,1.0,148.77,0.0,46.531,1,0,New,29.754
10.0,17.0,4.0,Fashion,1.0,Single,3.0,0.0,3.0,224.8,0.0,72.03999999999999,1,0,Regular,44.96
1.0,11.0,3.0,Laptop & Accessory,1.0,Single,2.0,0.0,2.0,149.08,0.0,46.224000000000004,1,0,New,37.27
7.0,15.0,4.0,Laptop & Accessory,5.0,Married,4.0,0.0,3.0,188.92,0.0,60.376,1,0,Regular,37.784
0.0,13.0,4.0,Laptop & Accessory,5.0,Single,9.0,0.0,7.0,168.11,0.0,52.033,1,0,,33.622
5.0,9.0,4.0,Mobile Phone,3.0,Married,2.0,0.0,3.0,155.67,0.0,49.800999999999995,1,0,New,31.133999999999997
11.0,9.0,4.0,Laptop & Accessory,3.0,Divorced,6.0,1.0,3.0,221.02,0.0,71.20599999999999,1,1,Regular,44.204
11.0,12.0,4.0,Laptop & Accessory,1.0,Married,9.0,0.0,5.0,188.47,0.0,61.440999999999995,1,0,Regular,37.694
15.0,12.0,2.0,Mobile Phone,3.0,Married,4.0,1.0,4.0,146.27,0.0,49.181,1,1,Loyal,48.75666666666667
9.0,8.0,4.0,Mobile,3.0,Single,2.0,0.0,0.0,122.74,0.0,41.122,1,0,Regular,24.548
8.0,24.0,3.0,Laptop & Accessory,5.0,Married,1.0,0.0,4.0,71.37499999999997,0.0,25.01249999999999,1,0,Regular,17.843749999999993
9.0,17.0,3.0,Mobile,4.0,Married,2.0,0.0,2.0,122.44,0.0,40.632000000000005,1,0,Regular,30.61
10.0,9.0,5.0,Fashion,3.0,Divorced,3.0,0.0,1.0,200.96,0.0,65.288,1,0,Regular,33.49333333333333
0.0,14.0,3.0,Laptop & Accessory,3.0,Married,1.0,1.0,4.0,149.07,0.0,45.921,1,1,,37.2675
12.0,9.0,5.0,Mobile Phone,4.0,Single,3.0,0.0,4.0,149.4,0.0,50.42,1,0,Regular,24.900000000000002
6.0,19.0,3.0,Mobile,1.0,Single,4.0,0.0,2.0,134.52,0.0,43.356,1,0,New,33.63
31.0,31.0,2.0,Fashion,1.0,Married,5.0,1.0,3.0,219.39,0.0,75.91699999999999,1,1,VIP,73.13
10.0,33.0,1.5,Laptop & Accessory,3.0,Single,5.0,1.0,3.0,163.97,0.0,52.791,1,1,Regular,65.588
0.0,12.0,4.0,Mobile,2.0,Single,2.0,1.0,0.0,129.26,0.0,40.378,1,1,,25.851999999999997
30.0,8.0,4.0,Grocery,2.0,Single,4.0,1.0,3.0,237.26,0.0,81.77799999999999,1,1,VIP,47.452
20.0,21.0,4.0,Mobile Phone,4.0,Divorced,11.0,1.0,4.0,174.63,0.0,59.989,1,1,Loyal,34.926
17.0,14.0,3.0,Mobile,1.0,Single,7.0,1.0,2.0,124.36,0.0,43.608000000000004,1,1,Loyal,31.09
1.0,11.0,2.0,Mobile Phone,5.0,Married,4.0,0.0,3.0,153.19,0.0,47.056999999999995,1,0,New,51.06333333333333
29.0,15.0,3.0,Mobile,3.0,Married,3.0,0.0,3.0,129.42,0.0,48.726,1,0,VIP,32.355
0.0,14.0,3.0,Mobile,4.0,Single,1.0,0.0,2.0,124.22,0.0,38.466,1,0,,31.055
1.0,9.0,2.0,Laptop & Accessory,3.0,Married,3.0,0.0,8.0,177.06,0.0,54.217999999999996,1,0,New,59.02
11.0,9.0,5.0,Laptop & Accessory,1.0,Married,7.0,0.0,1.0,176.63,0.0,58.288999999999994,1,0,Regular,29.438333333333333
22.0,29.0,4.0,Grocery,1.0,Married,5.0,0.0,8.0,269.57500000000005,0.0,89.0725,1,0,Loyal,53.915000000000006
24.0,17.0,4.0,Grocery,4.0,Single,4.0,0.0,3.0,231.42,0.0,78.22599999999998,1,0,Loyal,46.284
0.0,14.0,3.0,Mobile,5.0,Single,2.0,1.0,2.0,123.8,0.0,38.34,1,1,,30.95
9.0,35.0,2.0,Laptop & Accessory,3.0,Married,3.0,0.0,9.0,159.07,0.0,51.221,1,0,Regular,53.02333333333333
19.0,27.0,5.5,Fashion,5.0,Married,4.0,1.0,8.0,233.51,0.0,77.953,1,1,Loyal,35.924615384615386
23.0,35.0,4.0,Grocery,3.0,Divorced,1.0,0.0,7.0,269.57500000000005,0.0,89.37250000000002,1,0,Loyal,53.915000000000006
1.0,7.0,4.0,Mobile Phone,4.0,Married,3.0,0.0,5.0,163.16,0.0,50.848,1,0,New,32.632
22.0,7.0,3.0,Grocery,3.0,Single,5.0,0.0,0.0,253.79,0.0,83.937,1,0,Loyal,63.4475
4.0,9.0,3.0,Mobile,5.0,Married,2.0,1.0,3.0,130.65,0.0,41.595000000000006,1,1,New,32.6625
4.0,32.0,5.0,Fashion,4.0,Single,4.0,1.0,3.0,215.94,0.0,67.982,1,1,New,35.99
13.0,8.0,3.0,Laptop & Accessory,4.0,Married,8.0,0.0,3.0,157.15,0.0,52.245000000000005,1,0,Loyal,39.2875
1.0,16.0,5.0,Mobile Phone,5.0,Divorced,5.0,0.0,3.0,169.0,0.0,52.99999999999999,1,0,New,28.166666666666668
6.0,14.0,3.0,Mobile,2.0,Single,1.0,0.0,2.0,125.0,0.0,40.5,1,0,New,31.25
5.0,36.0,5.0,Laptop & Accessory,1.0,Married,3.0,0.0,8.0,179.68,0.0,57.404,1,0,New,29.94666666666667
15.0,16.0,3.0,Grocery,5.0,Divorced,1.0,0.0,9.0,267.99,0.0,86.09700000000001,1,0,Loyal,66.9975
6.0,17.0,4.0,Mobile Phone,3.0,Married,8.0,0.0,4.0,159.33,0.0,51.199,1,0,New,31.866000000000003
15.0,8.0,3.0,Grocery,3.0,Married,1.0,1.0,10.0,269.57500000000005,0.0,86.57250000000002,1,1,Loyal,67.39375000000001
15.0,11.0,5.5,Laptop & Accessory,4.0,Married,8.0,0.0,3.0,189.3,0.0,63.49,1,0,Loyal,29.123076923076926
3.0,9.0,5.0,Laptop & Accessory,4.0,Divorced,4.0,0.0,1.0,191.44,0.0,60.331999999999994,1,0,New,31.906666666666666
11.0,9.0,3.0,Mobile,3.0,Married,4.0,0.0,2.0,128.21,0.0,42.963,1,0,Regular,32.0525
5.0,18.0,4.0,Laptop & Accessory,5.0,Married,3.0,1.0,2.0,193.33,0.0,61.099000000000004,1,1,New,38.666000000000004
3.0,13.0,4.0,Mobile Phone,5.0,Divorced,9.0,1.0,3.0,149.04,0.0,47.211999999999996,1,1,New,29.808
10.0,24.0,5.0,Laptop & Accessory,4.0,Married,4.0,0.0,4.0,180.07,0.0,59.020999999999994,1,0,Regular,30.011666666666667
19.0,9.0,5.5,Laptop & Accessory,3.0,Single,2.0,0.0,2.0,191.32,0.0,65.29599999999999,1,0,Loyal,29.433846153846154
9.0,9.0,4.0,Laptop & Accessory,5.0,Married,4.0,0.0,1.0,175.93,0.0,57.07900000000001,1,0,Regular,35.186
9.0,13.0,3.0,Mobile Phone,3.0,Married,2.0,0.0,0.0,112.74,0.0,37.722,1,0,Regular,28.185
9.0,18.0,4.0,Mobile,5.0,Divorced,2.0,0.0,0.0,120.33,0.0,40.399,1,0,Regular,24.066
29.0,9.0,5.0,Others,5.0,Married,10.0,0.0,1.0,269.57500000000005,0.0,91.57250000000002,1,0,VIP,44.929166666666674
13.0,14.0,4.0,Mobile,1.0,Single,1.0,1.0,3.0,123.42,0.0,42.525999999999996,1,1,Loyal,24.684
11.0,14.0,3.0,Mobile,3.0,Married,3.0,1.0,7.0,126.55,0.0,42.464999999999996,1,1,Regular,31.6375
18.0,19.0,1.5,Grocery,3.0,Single,7.0,1.0,8.0,236.95,0.0,77.085,1,1,Loyal,94.78
10.0,12.0,2.0,Laptop & Accessory,5.0,Married,5.0,1.0,7.0,159.74,0.0,51.722,1,1,Regular,53.24666666666667
8.0,16.0,3.0,Mobile Phone,1.0,Married,2.0,0.0,2.0,139.17,0.0,45.351,1,0,Regular,34.7925
1.0,9.0,4.0,Mobile Phone,4.0,Single,3.0,0.0,1.0,138.93,0.0,43.579,1,0,New,27.786
8.0,7.0,4.0,Fashion,1.0,Single,3.0,0.0,3.0,223.88,0.0,71.164,1,0,Regular,44.775999999999996
6.0,8.0,5.0,Mobile Phone,4.0,Married,2.0,0.0,3.0,147.69,0.0,48.10699999999999,1,0,New,24.615
1.0,27.0,4.0,Laptop & Accessory,3.0,Single,2.0,0.0,3.0,147.72,0.0,46.215999999999994,1,0,New,29.544
9.0,14.0,4.0,Fashion,5.0,Single,2.0,0.0,9.0,175.87,0.0,57.06100000000001,1,0,Regular,35.174
3.0,31.0,3.0,Laptop & Accessory,3.0,Married,8.0,1.0,2.0,147.36,0.0,46.30800000000001,1,1,New,36.84
9.0,11.0,3.0,Fashion,5.0,Married,5.0,0.0,2.0,180.08,0.0,57.92400000000001,1,0,Regular,45.02
30.0,6.0,3.0,Laptop & Accessory,3.0,Divorced,3.0,0.0,2.0,167.55,0.0,60.465,1,0,VIP,41.8875
25.0,9.0,4.0,Fashion,3.0,Married,3.0,1.0,4.0,179.69,0.0,63.007,1,1,VIP,35.938
23.0,8.0,3.0,Grocery,5.0,Married,2.0,0.0,7.0,269.57500000000005,0.0,88.97250000000003,1,0,Loyal,67.39375000000001
6.0,6.0,4.0,Laptop & Accessory,1.0,Single,1.0,0.0,4.0,169.49,0.0,54.247,1,0,New,33.898
9.0,8.0,4.0,Mobile,3.0,Single,7.0,1.0,0.0,120.9,0.0,40.57000000000001,1,1,Regular,24.18
13.0,10.0,5.0,Laptop & Accessory,3.0,Married,2.0,0.0,8.0,155.69,0.0,52.607,1,0,Loyal,25.948333333333334
14.0,8.0,3.0,Grocery,5.0,Married,8.0,0.0,8.0,265.95,0.0,85.185,1,0,Loyal,66.4875
0.0,14.0,4.0,Mobile,2.0,Single,2.0,0.0,0.0,125.64,0.0,39.292,1,0,,25.128
24.0,31.0,4.0,Grocery,3.0,Divorced,5.0,1.0,6.0,264.73,0.0,88.219,1,1,Loyal,52.946000000000005
6.0,7.0,4.0,Laptop & Accessory,5.0,Married,6.0,0.0,3.0,165.87,0.0,53.161,1,0,New,33.174
9.0,6.0,4.0,Mobile,3.0,Married,7.0,0.0,7.0,122.58,0.0,41.074000000000005,1,0,Regular,24.516
1.0,12.0,4.0,Mobile Phone,3.0,Single,3.0,1.0,1.0,153.51,0.0,47.952999999999996,1,1,New,30.701999999999998
6.0,21.0,3.0,Laptop & Accessory,1.0,Married,1.0,1.0,1.0,148.78,0.0,47.634,1,1,New,37.195
9.0,19.0,3.0,Mobile,3.0,Divorced,2.0,0.0,6.0,120.96,0.0,40.188,1,0,Regular,30.24
0.0,25.0,4.0,Mobile Phone,5.0,Married,2.0,0.0,7.0,140.66,0.0,43.798,1,0,,28.131999999999998
1.0,22.0,4.0,Mobile Phone,1.0,Single,3.0,0.0,1.0,153.71,0.0,48.013,1,0,New,30.742
1.0,10.0,5.0,Mobile Phone,3.0,Single,3.0,0.0,1.0,157.3,0.0,49.49,1,0,New,26.21666666666667
26.0,7.0,5.0,Others,3.0,Divorced,2.0,0.0,10.0,269.57500000000005,0.0,90.67250000000001,1,0,VIP,44.929166666666674
8.0,28.0,5.0,Mobile Phone,3.0,Single,1.0,0.0,3.0,142.3,0.0,47.09,1,0,Regular,23.71666666666667
28.0,27.0,4.0,Laptop & Accessory,3.0,Single,5.0,0.0,4.0,173.69,0.0,62.107,1,0,VIP,34.738
0.0,24.0,3.0,Laptop & Accessory,3.0,Divorced,1.0,1.0,2.0,146.14,0.0,45.041999999999994,1,1,,36.535
2.0,33.0,3.0,Laptop & Accessory,3.0,Married,5.0,0.0,1.0,143.35,0.0,44.805,1,0,New,35.8375
6.0,20.0,5.0,Mobile Phone,4.0,Divorced,3.0,0.0,3.0,152.43,0.0,49.528999999999996,1,0,New,25.405
6.0,13.0,3.0,Fashion,3.0,Married,1.0,0.0,3.0,216.91000000000005,0.0,68.07300000000001,1,0,New,54.22750000000001
1.0,15.0,5.0,Mobile Phone,3.0,Single,3.0,1.0,3.0,164.89,0.0,51.76699999999999,1,1,New,27.481666666666666
19.0,6.0,3.0,Fashion,5.0,Married,8.0,0.0,3.0,193.96,0.0,65.08800000000001,1,0,Loyal,48.49
1.0,16.0,5.0,Mobile Phone,3.0,Married,2.0,1.0,1.0,158.88,0.0,49.96399999999999,1,1,New,26.48
21.0,33.0,4.0,Others,3.0,Married,5.0,0.0,1.0,269.57500000000005,0.0,88.77250000000001,1,0,Loyal,53.915000000000006
1.0,17.0,5.0,Mobile Phone,3.0,Single,3.0,0.0,3.0,151.25,0.0,47.675,1,0,New,25.208333333333332
21.0,9.0,4.0,Laptop & Accessory,2.0,Married,7.0,0.0,5.0,175.7,0.0,60.60999999999999,1,0,Loyal,35.14
7.0,14.0,1.5,Laptop & Accessory,3.0,Married,3.0,0.0,2.0,144.04,0.0,45.912,1,0,Regular,57.616
16.0,9.0,4.0,Fashion,1.0,Married,4.0,1.0,3.0,226.24,0.0,74.27199999999999,1,1,Loyal,45.248000000000005
9.0,27.0,4.0,Mobile,5.0,Married,1.0,0.0,0.0,122.96,0.0,41.188,1,0,Regular,24.592
15.0,13.0,4.0,Fashion,1.0,Single,5.0,1.0,1.0,260.91,0.0,84.373,1,1,Loyal,52.182
20.0,9.0,3.0,Grocery,3.0,Married,10.0,1.0,13.0,237.7,0.0,78.50999999999999,1,1,Loyal,59.425
30.0,22.0,3.0,Laptop & Accessory,5.0,Single,9.0,0.0,2.0,154.05,0.0,56.415000000000006,1,0,VIP,38.5125
6.0,34.0,3.0,Laptop & Accessory,3.0,Married,2.0,1.0,7.0,152.07,0.0,48.620999999999995,1,1,New,38.0175
0.0,15.0,3.0,Mobile,3.0,Married,2.0,0.0,2.0,127.42,0.0,39.426,1,0,,31.855
8.0,8.0,5.0,Others,4.0,Single,3.0,1.0,11.0,269.57500000000005,0.0,85.27250000000002,1,1,Regular,44.929166666666674
5.0,35.0,3.0,Mobile Phone,3.0,Single,10.0,0.0,7.0,140.25,0.0,44.775,1,0,New,35.0625
9.0,13.0,3.0,Mobile,5.0,Single,4.0,1.0,3.0,121.66,0.0,40.398,1,1,Regular,30.415
1.0,8.0,5.5,Laptop & Accessory,4.0,Single,8.0,0.0,1.0,192.35,0.0,60.205,1,0,New,29.592307692307692
8.0,7.0,5.0,Mobile Phone,1.0,Married,3.0,1.0,4.0,161.22,0.0,52.766,1,1,Regular,26.87
19.0,10.0,4.0,Others,4.0,Divorced,3.0,0.0,8.0,269.57500000000005,0.0,88.17250000000001,1,0,Loyal,53.915000000000006
16.0,11.0,4.0,Laptop & Accessory,5.0,Single,9.0,0.0,6.0,176.55,0.0,59.365,1,0,Loyal,35.31
0.0,6.0,3.0,Mobile Phone,1.0,Married,10.0,1.0,2.0,147.87,0.0,45.561,1,1,,36.9675
0.0,11.0,3.0,Mobile,1.0,Single,2.0,0.0,2.0,131.17,0.0,40.550999999999995,1,0,,32.7925
18.0,11.0,5.0,Laptop & Accessory,5.0,Single,2.0,1.0,4.0,157.69,0.0,54.706999999999994,1,1,Loyal,26.281666666666666
15.0,29.0,3.0,Grocery,1.0,Single,3.0,0.0,0.0,259.92,0.0,83.676,1,0,Loyal,64.98
1.0,22.0,1.5,Laptop & Accessory,5.0,Single,1.0,0.0,7.0,156.61,0.0,47.883,1,0,New,62.644000000000005
23.0,15.0,3.0,Others,3.0,Married,5.0,1.0,0.0,269.57500000000005,0.0,88.97250000000003,1,1,Loyal,67.39375000000001
3.0,26.0,3.0,Laptop & Accessory,5.0,Divorced,1.0,0.0,2.0,199.57,0.0,61.971,1,0,New,49.8925
14.0,12.0,3.0,Mobile Phone,5.0,Single,3.0,1.0,14.5,147.21,0.0,49.56300000000001,1,1,Loyal,36.8025
26.0,29.0,3.0,Grocery,2.0,Single,7.0,0.0,8.0,242.75,0.0,81.825,1,0,VIP,60.6875
3.0,27.0,4.0,Mobile Phone,1.0,Married,3.0,0.0,11.0,163.12,0.0,51.436,1,0,New,32.624
8.0,22.0,3.0,Fashion,3.0,Divorced,5.0,1.0,0.0,176.32,0.0,56.495999999999995,1,1,Regular,44.08
0.0,14.0,4.0,Mobile,5.0,Single,8.0,0.0,0.0,125.61,0.0,39.283,1,0,,25.122
31.0,7.0,5.5,Laptop & Accessory,3.0,Married,4.0,1.0,3.0,181.6,0.0,65.98,1,1,VIP,27.93846153846154
18.0,13.0,3.0,Fashion,5.0,Married,2.0,0.0,11.0,152.1,0.0,52.23,1,0,Loyal,38.025
1.0,31.0,5.0,Fashion,5.0,Single,3.0,0.0,3.0,212.22,0.0,65.966,1,0,New,35.37
1.0,11.0,5.5,Fashion,2.0,Divorced,3.0,0.0,3.0,229.0,0.0,71.2,1,0,New,35.23076923076923
11.0,8.0,4.0,Fashion,3.0,Married,4.0,1.0,2.0,177.56,0.0,58.168,1,1,Regular,35.512
9.0,6.0,3.0,Laptop & Accessory,1.0,Single,5.0,0.0,0.0,166.53,0.0,53.859,1,0,Regular,41.6325
10.0,22.0,4.0,Laptop & Accessory,3.0,Married,5.0,0.0,0.0,163.34,0.0,53.602000000000004,1,0,Regular,32.668
28.0,24.0,3.0,Grocery,4.0,Single,4.0,0.0,7.0,268.35,0.0,90.10500000000002,1,0,VIP,67.0875
27.0,20.0,2.0,Laptop & Accessory,5.0,Married,3.0,0.0,4.0,169.5,0.0,59.75,1,0,VIP,56.5
0.0,15.0,3.0,Laptop & Accessory,5.0,Single,4.0,1.0,3.0,182.24,0.0,55.87200000000001,1,1,,45.56
19.0,11.0,4.0,Laptop & Accessory,5.0,Married,6.0,1.0,4.0,175.06,0.0,59.818000000000005,1,1,Loyal,35.012
0.0,14.0,3.0,Mobile,5.0,Single,2.0,1.0,2.0,123.8,0.0,38.34,1,1,,30.95
12.0,12.0,3.0,Fashion,4.0,Single,5.0,0.0,2.0,183.76,0.0,59.928,1,0,Regular,45.94
20.0,10.0,2.0,Grocery,5.0,Married,4.0,0.0,9.0,257.25,0.0,83.975,1,0,Loyal,85.75
29.0,25.0,4.0,Grocery,4.0,Single,5.0,0.0,8.0,269.57500000000005,0.0,91.17250000000001,1,0,VIP,53.915000000000006
13.0,18.0,3.0,Laptop & Accessory,5.0,Married,3.0,0.0,7.0,144.48,0.0,48.443999999999996,1,0,Loyal,36.12
1.0,11.0,5.0,Laptop & Accessory,5.0,Married,3.0,0.0,4.0,167.56,0.0,52.568,1,0,New,27.926666666666666
13.0,6.0,3.0,Laptop & Accessory,3.0,Single,4.0,1.0,0.0,147.28,0.0,49.284,1,1,Loyal,36.82
5.0,27.0,4.0,Laptop & Accessory,3.0,Married,3.0,0.0,3.0,166.97,0.0,53.191,1,0,New,33.394
23.0,17.0,3.0,Others,4.0,Single,4.0,0.0,4.0,269.57500000000005,0.0,88.97250000000003,1,0,Loyal,67.39375000000001
0.0,6.0,4.0,Mobile,4.0,Single,2.0,0.0,0.0,128.36,0.0,40.108000000000004,1,0,,25.672000000000004
20.0,9.0,4.0,Laptop & Accessory,2.0,Married,4.0,0.0,5.0,198.79,0.0,67.237,1,0,Loyal,39.757999999999996
18.0,8.0,4.0,Mobile Phone,1.0,Single,8.0,1.0,3.0,149.36,0.0,51.808,1,1,Loyal,29.872000000000003
12.0,15.0,3.0,Laptop & Accessory,4.0,Single,10.0,0.0,3.0,167.82,0.0,55.146,1,0,Regular,41.955
5.0,12.0,4.0,Mobile Phone,4.0,Married,3.0,0.0,3.0,152.89,0.0,48.967,1,0,New,30.577999999999996
7.0,8.0,4.0,Mobile Phone,5.0,Single,2.0,0.0,3.0,143.81,0.0,46.843,1,0,Regular,28.762
29.0,9.0,4.0,Fashion,4.0,Married,5.0,0.0,3.0,234.76,0.0,80.728,1,0,VIP,46.952
7.0,6.0,4.0,Laptop & Accessory,5.0,Single,1.0,0.0,9.0,153.43,0.0,49.729000000000006,1,0,Regular,30.686
4.0,34.0,4.0,Laptop & Accessory,1.0,Married,9.0,0.0,8.0,178.04,0.0,56.212,1,0,New,35.608
19.0,9.0,3.0,Grocery,3.0,Married,4.0,0.0,9.0,269.57500000000005,0.0,87.77250000000002,1,0,Loyal,67.39375000000001
21.0,14.0,3.0,Mobile,5.0,Married,9.0,0.0,6.0,123.67,0.0,44.601,1,0,Loyal,30.9175
20.0,31.0,3.0,Fashion,3.0,Single,3.0,0.0,11.0,186.33,0.0,63.099000000000004,1,0,Loyal,46.5825
29.0,7.0,2.0,Grocery,2.0,Married,4.0,0.0,1.0,269.57500000000005,0.0,90.37250000000002,1,0,VIP,89.85833333333335
1.0,13.0,5.0,Mobile Phone,4.0,Married,3.0,0.0,4.0,148.68,0.0,46.903999999999996,1,0,New,24.78
7.0,7.0,5.0,Mobile Phone,3.0,Married,3.0,0.0,1.0,145.08,0.0,47.624,1,0,Regular,24.180000000000003
1.0,17.0,4.0,Grocery,5.0,Married,3.0,1.0,11.0,269.57500000000005,0.0,82.77250000000001,1,1,New,53.915000000000006
1.0,32.0,4.0,Mobile Phone,3.0,Married,3.0,0.0,8.0,154.42,0.0,48.22599999999999,1,0,New,30.883999999999997
8.0,22.0,4.0,Laptop & Accessory,5.0,Single,3.0,0.0,7.0,186.25,0.0,59.875,1,0,Regular,37.25
5.0,9.0,5.5,Mobile Phone,2.0,Married,6.0,1.0,1.0,152.78,0.0,49.534,1,1,New,23.504615384615384
1.0,22.0,4.0,Laptop & Accessory,3.0,Married,9.0,0.0,1.0,173.34,0.0,53.902,1,0,New,34.668
25.0,13.0,3.0,Fashion,4.0,Single,8.0,0.0,0.0,204.45,0.0,70.035,1,0,VIP,51.1125
18.0,34.0,4.0,Grocery,4.0,Single,2.0,0.0,6.0,267.04,0.0,87.11200000000001,1,0,Loyal,53.408
20.0,10.0,4.0,Grocery,4.0,Divorced,10.0,0.0,2.0,269.57500000000005,0.0,88.47250000000001,1,0,Loyal,53.915000000000006
11.0,28.0,3.0,Mobile Phone,5.0,Divorced,3.0,1.0,8.0,160.64,0.0,52.69199999999999,1,1,Regular,40.16
2.0,15.0,3.0,Mobile,3.0,Married,10.0,0.0,2.0,129.74,0.0,40.72200000000001,1,0,New,32.435
4.0,12.0,4.0,Mobile,3.0,Married,2.0,1.0,2.0,127.03,0.0,40.909000000000006,1,1,New,25.406
9.0,18.0,4.0,Mobile,5.0,Married,2.0,0.0,0.0,120.33,0.0,40.399,1,0,Regular,24.066
5.0,11.0,3.0,Mobile,4.0,Single,3.0,0.0,7.0,127.18,0.0,40.854000000000006,1,0,New,31.795
15.0,13.0,5.0,Laptop & Accessory,4.0,Single,8.0,1.0,3.0,185.32,0.0,62.096,1,1,Loyal,30.886666666666667
17.0,6.0,3.0,Laptop & Accessory,5.0,Married,6.0,1.0,3.0,154.54,0.0,52.662,1,1,Loyal,38.635
5.0,6.0,3.0,Laptop & Accessory,1.0,Married,2.0,1.0,8.0,161.62,0.0,51.186,1,1,New,40.405
0.0,6.0,5.0,Laptop & Accessory,4.0,Single,7.0,0.0,0.0,167.35,0.0,52.205,1,0,,27.891666666666666
9.0,16.0,4.0,Mobile Phone,5.0,Single,2.0,0.0,0.0,114.16,0.0,38.548,1,0,Regular,22.832
10.0,15.0,5.0,Mobile Phone,5.0,Married,2.0,0.0,4.0,148.42,0.0,49.525999999999996,1,0,Regular,24.736666666666665
5.0,12.0,4.0,Laptop & Accessory,3.0,Married,3.0,0.0,3.0,208.46,0.0,65.63799999999999,1,0,New,41.692
1.0,15.0,5.0,Mobile Phone,4.0,Single,3.0,0.0,1.0,137.61,0.0,43.583,1,0,New,22.935000000000002
19.0,8.0,3.0,Fashion,1.0,Married,5.0,1.0,3.0,203.68,0.0,68.004,1,1,Loyal,50.92
1.0,27.0,4.0,Laptop & Accessory,3.0,Single,2.0,0.0,3.0,147.72,0.0,46.215999999999994,1,0,New,29.544
7.0,21.0,3.0,Laptop & Accessory,5.0,Single,2.0,0.0,6.0,161.25,0.0,51.675000000000004,1,0,Regular,40.3125
9.0,6.0,3.0,Mobile,3.0,Married,8.0,0.0,2.0,122.32,0.0,40.596000000000004,1,0,Regular,30.58
19.0,32.0,4.0,Others,4.0,Single,5.0,0.0,1.0,269.57500000000005,0.0,88.17250000000001,1,0,Loyal,53.915000000000006
16.0,17.0,4.0,Grocery,5.0,Married,2.0,0.0,10.0,269.57500000000005,0.0,87.27250000000001,1,0,Loyal,53.915000000000006
12.0,8.0,4.0,Laptop & Accessory,2.0,Divorced,9.0,0.0,4.0,152.04,0.0,50.812,1,0,Regular,30.407999999999998
7.0,9.0,4.0,Laptop & Accessory,4.0,Single,10.0,0.0,8.0,176.47,0.0,56.641,1,0,Regular,35.294
6.0,9.0,5.0,Laptop & Accessory,5.0,Single,6.0,0.0,5.0,146.76,0.0,47.827999999999996,1,0,New,24.459999999999997
1.0,25.0,4.0,Mobile Phone,3.0,Married,2.0,0.0,3.0,152.74,0.0,47.722,1,0,New,30.548000000000002
31.0,28.0,4.0,Grocery,1.0,Married,6.0,1.0,1.0,269.57500000000005,0.0,91.77250000000001,1,1,VIP,53.915000000000006
0.0,14.0,3.0,Fashion,3.0,Single,2.0,0.0,7.0,187.26,0.0,57.378,1,0,,46.815
14.0,6.0,4.0,Others,3.0,Divorced,2.0,0.0,10.0,269.57500000000005,0.0,86.67250000000001,1,0,Loyal,53.915000000000006
17.0,8.0,3.0,Fashion,3.0,Single,6.0,1.0,2.0,202.09,0.0,66.92699999999999,1,1,Loyal,50.5225
0.0,16.0,3.0,Laptop & Accessory,1.0,Single,2.0,0.0,2.0,146.84,0.0,45.252,1,0,,36.71
3.0,17.0,5.0,Laptop & Accessory,3.0,Single,11.0,0.0,5.0,183.69,0.0,58.007,1,0,New,30.615
30.0,13.0,1.5,Laptop & Accessory,2.0,Married,1.0,1.0,9.0,152.2,0.0,55.26,1,1,VIP,60.879999999999995
6.0,7.0,4.0,Fashion,1.0,Married,3.0,0.0,3.0,229.22,0.0,72.16599999999998,1,0,New,45.844
9.0,9.0,4.0,Mobile Phone,3.0,Married,2.0,0.0,0.0,112.81,0.0,38.143,1,0,Regular,22.562
7.0,17.0,4.0,Laptop & Accessory,3.0,Single,3.0,0.0,10.0,179.87,0.0,57.661,1,0,Regular,35.974000000000004
0.0,29.0,4.0,Fashion,5.0,Divorced,2.0,0.0,10.0,173.36,0.0,53.608000000000004,1,0,,34.672000000000004
0.0,9.0,4.0,Mobile,3.0,Single,2.0,0.0,0.0,132.3,0.0,41.290000000000006,1,0,,26.46
3.0,7.0,5.0,Grocery,2.0,Married,5.0,0.0,8.0,269.57500000000005,0.0,83.77250000000002,1,0,New,44.929166666666674
10.0,16.0,5.0,Laptop & Accessory,4.0,Married,4.0,1.0,3.0,213.47,0.0,69.041,1,1,Regular,35.57833333333333
8.0,22.0,3.0,Fashion,4.0,Divorced,1.0,0.0,9.0,180.2,0.0,57.66,1,0,Regular,45.05
5.0,10.0,4.0,Laptop & Accessory,3.0,Married,2.0,0.0,8.0,161.62,0.0,51.586,1,0,New,32.324
0.0,10.0,3.0,Mobile,5.0,Single,2.0,0.0,0.0,129.73,0.0,40.119,1,0,,32.4325
18.0,7.0,4.0,Mobile Phone,1.0,Married,6.0,1.0,3.0,156.95,0.0,54.084999999999994,1,1,Loyal,31.389999999999997
11.0,9.0,3.0,Laptop & Accessory,1.0,Single,9.0,1.0,0.0,168.61,0.0,55.083000000000006,1,1,Regular,42.1525
9.0,23.0,3.0,Mobile,4.0,Divorced,2.0,0.0,0.0,122.1,0.0,40.53,1,0,Regular,30.525
1.0,17.0,4.0,Mobile Phone,1.0,Married,2.0,0.0,2.0,146.45,0.0,45.834999999999994,1,0,New,29.29
7.0,24.0,5.0,Mobile Phone,3.0,Married,11.0,1.0,1.0,149.37,0.0,48.911,1,1,Regular,24.895
0.0,30.0,4.0,Fashion,5.0,Single,2.0,0.0,9.0,187.22,0.0,57.766,1,0,,37.444
9.0,9.0,5.0,Fashion,4.0,Married,4.0,0.0,3.0,227.74,0.0,73.022,1,0,Regular,37.95666666666667
13.0,12.0,3.0,Grocery,3.0,Single,8.0,0.0,13.0,232.37,0.0,74.811,1,0,Loyal,58.0925
1.0,10.0,5.0,Mobile Phone,3.0,Married,3.0,1.0,2.0,150.66,0.0,47.498,1,1,New,25.11
1.0,7.0,5.0,Laptop & Accessory,3.0,Single,3.0,0.0,3.0,171.17,0.0,53.65099999999999,1,0,New,28.528333333333332
9.0,15.0,1.5,Mobile,4.0,Married,2.0,0.0,2.0,128.1,0.0,41.730000000000004,1,0,Regular,51.239999999999995
12.0,23.0,4.0,Laptop & Accessory,4.0,Single,4.0,0.0,3.0,166.98,0.0,55.294,1,0,Regular,33.396
8.0,16.0,4.0,Fashion,2.0,Married,2.0,0.0,3.0,210.0,0.0,67.0,1,0,Regular,42.0
6.0,14.0,4.0,Mobile,3.0,Married,10.0,1.0,0.0,124.37,0.0,40.711,1,1,New,24.874000000000002
4.0,17.0,4.0,Fashion,3.0,Single,11.0,0.0,3.0,221.67,0.0,69.30099999999999,1,0,New,44.333999999999996
0.0,14.0,3.0,Mobile,5.0,Divorced,2.0,0.0,2.0,125.0,0.0,38.7,1,0,,31.25
14.0,35.0,5.5,Fashion,5.0,Married,5.0,0.0,2.0,234.32,0.0,76.696,1,0,Loyal,36.04923076923077
26.0,10.0,5.0,Grocery,5.0,Divorced,3.0,0.0,14.5,269.57500000000005,0.0,90.67250000000001,1,0,VIP,44.929166666666674
19.0,7.0,4.0,Mobile Phone,1.0,Married,5.0,0.0,3.0,147.7,0.0,51.61,1,0,Loyal,29.54
3.0,8.0,4.0,Laptop & Accessory,1.0,Single,6.0,1.0,0.0,168.77,0.0,53.131,1,1,New,33.754000000000005
24.0,35.0,4.0,Grocery,5.0,Divorced,6.0,1.0,3.0,269.57500000000005,0.0,89.67250000000001,1,1,Loyal,53.915000000000006
2.0,16.0,4.0,Mobile Phone,3.0,Married,7.0,0.0,3.0,148.77,0.0,46.831,1,0,New,29.754
20.0,9.0,4.0,Fashion,1.0,Married,6.0,1.0,3.0,228.68,0.0,76.204,1,1,Loyal,45.736000000000004
22.0,29.0,4.0,Grocery,1.0,Married,5.0,0.0,8.0,269.57500000000005,0.0,89.0725,1,0,Loyal,53.915000000000006
0.0,20.0,4.0,Mobile Phone,4.0,Married,2.0,1.0,2.0,137.43,0.0,42.829,1,1,,27.486
0.0,23.0,3.0,Mobile,3.0,Married,1.0,1.0,0.0,127.41,0.0,39.423,1,1,,31.8525
11.0,26.0,4.0,Fashion,4.0,Single,3.0,1.0,10.0,201.42,0.0,65.326,1,1,Regular,40.284
14.0,8.0,4.0,Mobile Phone,4.0,Married,5.0,0.0,4.0,148.87,0.0,50.461000000000006,1,0,Loyal,29.774
10.0,25.0,4.0,Laptop & Accessory,1.0,Single,4.0,0.0,10.0,202.79,0.0,65.437,1,0,Regular,40.558
2.0,16.0,4.0,Laptop & Accessory,3.0,Single,10.0,0.0,4.0,158.69,0.0,49.807,1,0,New,31.738
10.0,16.0,3.0,Mobile Phone,4.0,Married,2.0,0.0,7.0,139.36,0.0,46.008,1,0,Regular,34.84
6.0,16.0,1.5,Fashion,3.0,Married,1.0,1.0,8.0,183.8,0.0,57.54,1,1,New,73.52000000000001
0.0,15.0,3.0,Laptop & Accessory,1.0,Single,2.0,0.0,7.0,141.05,0.0,43.51500000000001,1,0,,35.2625
9.0,34.0,4.0,Laptop & Accessory,3.0,Married,4.0,0.0,8.0,193.83,0.0,62.449000000000005,1,0,Regular,38.766000000000005
9.0,6.0,3.0,Mobile,5.0,Married,5.0,0.0,2.0,121.94,0.0,40.482000000000006,1,0,Regular,30.485
1.0,21.0,4.0,Fashion,2.0,Single,2.0,1.0,8.0,200.53,0.0,62.059,1,1,New,40.106
6.0,11.0,4.0,Mobile,2.0,Divorced,2.0,0.0,2.0,129.11,0.0,42.133,1,0,New,25.822000000000003
2.0,13.0,3.0,Laptop & Accessory,2.0,Married,2.0,1.0,0.0,166.23,0.0,51.669,1,1,New,41.5575
3.0,35.0,3.0,Fashion,4.0,Married,4.0,0.0,3.0,192.5,0.0,59.85,1,0,New,48.125
9.0,7.0,4.0,Fashion,3.0,Single,3.0,0.0,3.0,212.89,0.0,68.16699999999999,1,0,Regular,42.577999999999996
10.0,7.0,5.5,Fashion,5.0,Married,4.0,1.0,3.0,227.52,0.0,73.456,1,1,Regular,35.003076923076925
8.0,23.0,3.0,Laptop & Accessory,5.0,Divorced,4.0,1.0,7.0,189.66,0.0,60.498,1,1,Regular,47.415
10.0,10.0,4.0,Mobile Phone,1.0,Married,7.0,0.0,1.0,153.35,0.0,50.605,1,0,Regular,30.669999999999998
1.0,15.0,5.0,Mobile Phone,1.0,Married,8.0,0.0,3.0,146.8,0.0,46.339999999999996,1,0,New,24.46666666666667
9.0,9.0,3.0,Mobile,1.0,Married,5.0,0.0,4.0,120.97,0.0,40.191,1,0,Regular,30.2425
26.0,9.0,5.0,Others,3.0,Single,3.0,1.0,13.0,269.57500000000005,0.0,90.67250000000001,1,1,VIP,44.929166666666674
1.0,36.0,4.0,Mobile Phone,5.0,Married,3.0,0.0,3.0,164.07,0.0,51.120999999999995,1,0,New,32.814
15.0,11.0,4.0,Fashion,3.0,Married,2.0,1.0,3.0,229.47,0.0,74.94099999999999,1,1,Loyal,45.894
3.0,16.0,3.0,Fashion,3.0,Single,10.0,0.0,2.0,196.67,0.0,61.10099999999999,1,0,New,49.1675
11.0,10.0,4.0,Laptop & Accessory,4.0,Single,5.0,0.0,2.0,166.07,0.0,54.721,1,0,Regular,33.214
3.0,6.0,4.0,Laptop & Accessory,1.0,Married,2.0,1.0,0.0,151.26,0.0,47.87799999999999,1,1,New,30.252
1.0,34.0,4.0,Fashion,2.0,Divorced,3.0,0.0,10.0,201.39,0.0,62.31699999999999,1,0,New,40.278
0.0,16.0,4.0,Mobile Phone,3.0,Single,2.0,0.0,0.0,112.0,0.0,35.2,1,0,,22.4
18.0,7.0,4.0,Mobile Phone,1.0,Single,8.0,1.0,3.0,149.36,0.0,51.808,1,1,Loyal,29.872000000000003
7.0,29.0,4.0,Laptop & Accessory,4.0,Married,2.0,0.0,8.0,186.46,0.0,59.638000000000005,1,0,Regular,37.292
1.0,21.0,4.0,Mobile Phone,5.0,Divorced,3.0,1.0,9.0,147.35,0.0,46.105,1,1,New,29.47
5.0,27.0,4.0,Laptop & Accessory,3.0,Divorced,3.0,0.0,1.0,194.32,0.0,61.395999999999994,1,0,New,38.864
9.0,24.0,3.0,Mobile,2.0,Single,2.0,0.0,7.0,121.53,0.0,40.359,1,0,Regular,30.3825
5.0,14.0,3.0,Mobile,5.0,Single,2.0,0.0,2.0,124.39,0.0,40.017,1,0,New,31.0975
24.0,12.0,4.0,Mobile,3.0,Single,1.0,0.0,7.0,128.38,0.0,47.31399999999999,1,0,Loyal,25.676
7.0,12.0,4.0,Laptop & Accessory,1.0,Married,8.0,0.0,3.0,224.98,0.0,71.19399999999999,1,0,Regular,44.995999999999995
11.0,13.0,3.0,Laptop & Accessory,5.0,Married,6.0,1.0,8.0,184.74,0.0,59.922000000000004,1,1,Regular,46.185
15.0,8.0,5.0,Others,1.0,Married,2.0,0.0,9.0,269.57500000000005,0.0,87.37250000000002,1,0,Loyal,44.929166666666674
13.0,11.0,4.0,Fashion,5.0,Married,6.0,1.0,12.0,204.75,0.0,66.925,1,1,Loyal,40.95
4.0,29.0,4.0,Laptop & Accessory,2.0,Divorced,1.0,0.0,8.0,155.82,0.0,49.546,1,0,New,31.163999999999998
23.0,7.0,5.0,Grocery,3.0,Single,9.0,1.0,8.0,264.64,0.0,88.292,1,1,Loyal,44.10666666666666
9.0,9.0,3.0,Mobile,4.0,Married,4.0,1.0,3.0,122.77,0.0,40.731,1,1,Regular,30.6925
7.0,13.0,4.0,Laptop & Accessory,2.0,Married,5.0,0.0,8.0,202.25,0.0,64.375,1,0,Regular,40.45
15.0,8.0,3.0,Others,3.0,Married,6.0,0.0,14.0,269.57500000000005,0.0,86.57250000000002,1,0,Loyal,67.39375000000001
13.0,16.0,4.0,Laptop & Accessory,5.0,Married,3.0,0.0,10.0,176.51,0.0,58.452999999999996,1,0,Loyal,35.302
9.0,9.0,1.5,Laptop & Accessory,5.0,Married,7.0,0.0,4.0,168.42,0.0,53.826,1,0,Regular,67.368
16.0,15.0,4.0,Others,1.0,Married,3.0,0.0,10.0,269.57500000000005,0.0,87.27250000000001,1,0,Loyal,53.915000000000006
12.0,17.0,4.0,Laptop & Accessory,1.0,Married,3.0,0.0,10.0,178.43,0.0,58.729000000000006,1,0,Regular,35.686
4.0,14.0,3.0,Mobile,4.0,Single,2.0,0.0,0.0,125.01,0.0,39.903000000000006,1,0,New,31.2525
0.0,10.0,4.0,Mobile,2.0,Divorced,1.0,0.0,4.0,131.62,0.0,41.086,1,0,,26.324
5.0,19.0,4.0,Others,3.0,Divorced,3.0,0.0,9.0,269.57500000000005,0.0,83.97250000000001,1,0,New,53.915000000000006
2.0,35.0,5.0,Laptop & Accessory,3.0,Married,9.0,0.0,6.0,163.84,0.0,51.752,1,0,New,27.30666666666667
15.0,35.0,5.0,Laptop & Accessory,1.0,Single,5.0,0.0,0.0,142.72,0.0,49.315999999999995,1,0,Loyal,23.786666666666665
0.0,25.0,3.0,Mobile Phone,1.0,Married,4.0,0.0,2.0,136.69,0.0,42.207,1,0,,34.1725
26.0,14.0,4.0,Fashion,4.0,Single,9.0,0.0,3.0,229.45,0.0,78.23499999999999,1,0,VIP,45.89
28.0,27.0,4.0,Laptop & Accessory,3.0,Single,5.0,0.0,4.0,173.69,0.0,62.107,1,0,VIP,34.738
8.0,8.0,5.0,Fashion,3.0,Married,3.0,1.0,7.0,195.83,0.0,63.149,1,1,Regular,32.638333333333335
14.0,19.0,4.0,Laptop & Accessory,5.0,Married,4.0,0.0,8.0,169.48,0.0,56.644,1,0,Loyal,33.896
0.0,31.0,1.5,Mobile,1.0,Single,2.0,1.0,1.0,129.94,0.0,39.582,1,1,,51.976
11.0,8.0,3.0,Laptop & Accessory,5.0,Married,4.0,0.0,7.0,168.93,0.0,55.179,1,0,Regular,42.2325
9.0,11.0,5.0,Mobile Phone,1.0,Married,3.0,0.0,3.0,148.76,0.0,49.327999999999996,1,0,Regular,24.793333333333333
4.0,13.0,3.0,Laptop & Accessory,5.0,Married,2.0,0.0,12.0,143.06,0.0,45.318000000000005,1,0,New,35.765
5.0,16.0,3.0,Laptop & Accessory,1.0,Single,9.0,0.0,0.0,146.48,0.0,46.644,1,0,New,36.62
9.0,6.0,4.0,Mobile,4.0,Single,2.0,1.0,2.0,121.74,0.0,40.822,1,1,Regular,24.348
1.0,15.0,5.5,Mobile Phone,3.0,Married,3.0,0.0,3.0,171.21,0.0,53.863,1,0,New,26.34
9.0,13.0,5.5,Laptop & Accessory,1.0,Single,3.0,0.0,9.0,191.46,0.0,62.33800000000001,1,0,Regular,29.455384615384617
17.0,17.0,5.0,Laptop & Accessory,3.0,Married,3.0,0.0,1.0,177.57,0.0,60.370999999999995,1,0,Loyal,29.595
9.0,14.0,4.0,Mobile Phone,4.0,Single,2.0,0.0,0.0,112.61,0.0,38.083000000000006,1,0,Regular,22.522
8.0,14.0,1.5,Mobile,4.0,Married,1.0,0.0,3.0,124.26,0.0,40.278,1,0,Regular,49.704
14.0,16.0,5.0,Laptop & Accessory,2.0,Divorced,11.0,0.0,3.0,173.76,0.0,58.327999999999996,1,0,Loyal,28.959999999999997
9.0,17.0,3.0,Fashion,1.0,Married,1.0,0.0,8.0,197.38,0.0,63.114000000000004,1,0,Regular,49.345
5.0,18.0,3.0,Grocery,5.0,Single,1.0,1.0,14.0,237.58,0.0,73.974,1,1,New,59.395
22.0,24.0,4.0,Others,3.0,Married,2.0,1.0,9.0,269.57500000000005,0.0,89.0725,1,1,Loyal,53.915000000000006
15.0,17.0,4.0,Laptop & Accessory,2.0,Single,9.0,0.0,11.0,187.3,0.0,62.290000000000006,1,0,Loyal,37.46
19.0,11.0,3.0,Laptop & Accessory,4.0,Married,2.0,1.0,2.0,150.21,0.0,51.96300000000001,1,1,Loyal,37.5525
22.0,14.0,4.0,Laptop & Accessory,5.0,Married,6.0,0.0,3.0,179.86,0.0,62.15800000000001,1,0,Loyal,35.972
2.0,8.0,5.5,Laptop & Accessory,1.0,Married,2.0,0.0,6.0,191.74,0.0,60.322,1,0,New,29.49846153846154
23.0,34.0,3.0,Grocery,5.0,Divorced,5.0,1.0,2.0,268.8,0.0,88.74000000000001,1,1,Loyal,67.2
9.0,9.0,3.0,Laptop & Accessory,4.0,Single,4.0,1.0,1.0,192.78,0.0,61.734,1,1,Regular,48.195
11.0,13.0,4.0,Laptop & Accessory,2.0,Single,1.0,0.0,5.0,140.28,0.0,46.983999999999995,1,0,Regular,28.056
1.0,16.0,4.0,Laptop & Accessory,5.0,Single,2.0,1.0,4.0,207.24,0.0,64.072,1,1,New,41.448
0.0,21.0,3.0,Fashion,3.0,Married,8.0,1.0,7.0,236.1,0.0,72.03,1,1,,59.025
7.0,7.0,3.0,Laptop & Accessory,1.0,Married,10.0,0.0,1.0,154.84,0.0,49.752,1,0,Regular,38.71
13.0,25.0,4.0,Laptop & Accessory,3.0,Single,2.0,0.0,8.0,170.34,0.0,56.602,1,0,Loyal,34.068
26.0,26.0,4.0,Mobile Phone,1.0,Married,2.0,0.0,3.0,167.58,0.0,59.674,1,0,VIP,33.516000000000005
10.0,17.0,5.0,Laptop & Accessory,3.0,Married,3.0,1.0,8.0,181.73,0.0,59.519,1,1,Regular,30.28833333333333
7.0,34.0,4.0,Laptop & Accessory,3.0,Married,2.0,0.0,7.0,167.12,0.0,53.836000000000006,1,0,Regular,33.424
13.0,22.0,4.0,Laptop & Accessory,3.0,Single,7.0,0.0,0.0,150.94,0.0,50.782,1,0,Loyal,30.188
7.0,12.0,4.0,Laptop & Accessory,2.0,Divorced,8.0,0.0,3.0,224.98,0.0,71.19399999999999,1,0,Regular,44.995999999999995
3.0,6.0,5.0,Mobile Phone,3.0,Divorced,4.0,0.0,2.0,138.33,0.0,44.399,1,0,New,23.055000000000003
23.0,6.0,3.0,Others,2.0,Married,4.0,0.0,6.0,269.57500000000005,0.0,88.97250000000003,1,0,Loyal,67.39375000000001
2.0,7.0,5.0,Laptop & Accessory,1.0,Married,3.0,1.0,8.0,193.34,0.0,60.602,1,1,New,32.223333333333336
15.0,32.0,3.0,Fashion,5.0,Divorced,4.0,1.0,0.0,231.91000000000005,0.0,75.27300000000001,1,1,Loyal,57.97750000000001
15.0,13.0,5.0,Laptop & Accessory,4.0,Single,8.0,1.0,3.0,185.32,0.0,62.096,1,1,Loyal,30.886666666666667
0.0,31.0,3.0,Mobile,1.0,Single,2.0,1.0,1.0,127.95,0.0,39.585,1,1,,31.9875
0.0,14.0,3.0,Mobile,5.0,Single,2.0,0.0,0.0,125.52,0.0,38.856,1,0,,31.38
28.0,14.0,4.0,Grocery,4.0,Married,2.0,1.0,0.0,235.77,0.0,80.731,1,1,VIP,47.154
1.0,16.0,4.0,Mobile Phone,5.0,Married,3.0,0.0,3.0,150.0,0.0,46.9,1,0,New,30.0
0.0,8.0,5.0,Laptop & Accessory,1.0,Single,4.0,0.0,0.0,150.71,0.0,47.213,1,0,,25.118333333333336
11.0,6.0,4.0,Fashion,3.0,Single,10.0,1.0,0.0,153.81,0.0,51.043,1,1,Regular,30.762
15.0,18.0,3.0,Mobile,4.0,Married,9.0,0.0,4.0,127.66,0.0,43.998,1,0,Loyal,31.915
15.0,17.0,5.5,Laptop & Accessory,4.0,Single,3.0,0.0,10.0,186.51,0.0,62.653,1,0,Loyal,28.693846153846152
3.0,16.0,2.0,Mobile Phone,3.0,Married,8.0,0.0,1.0,149.51,0.0,46.55299999999999,1,0,New,49.836666666666666
12.0,21.0,3.0,Grocery,5.0,Single,1.0,0.0,10.0,233.41000000000005,0.0,74.82300000000001,1,0,Regular,58.35250000000001
16.0,16.0,5.0,Others,1.0,Single,10.0,0.0,2.0,269.57500000000005,0.0,87.67250000000001,1,0,Loyal,44.929166666666674
0.0,14.0,3.0,Mobile,3.0,Married,2.0,0.0,0.0,123.77,0.0,38.331,1,0,,30.9425
9.0,13.0,4.0,Mobile,4.0,Married,2.0,0.0,1.0,121.41,0.0,40.723,1,0,Regular,24.282
4.0,16.0,3.0,Laptop & Accessory,1.0,Married,3.0,1.0,4.0,165.83,0.0,52.14900000000001,1,1,New,41.4575
9.0,19.0,3.0,Mobile,4.0,Married,5.0,0.0,4.0,121.43,0.0,40.32900000000001,1,0,Regular,30.3575
7.0,14.0,3.0,Laptop & Accessory,5.0,Married,4.0,0.0,0.0,151.21,0.0,48.663000000000004,1,0,Regular,37.8025
9.0,13.0,3.0,Mobile Phone,1.0,Single,3.0,0.0,1.0,146.78,0.0,47.934000000000005,1,0,Regular,36.695
12.0,30.0,5.0,Fashion,3.0,Single,2.0,0.0,3.0,220.26,0.0,71.67799999999998,1,0,Regular,36.71
17.0,16.0,4.0,Laptop & Accessory,3.0,Married,5.0,1.0,8.0,181.79,0.0,61.237,1,1,Loyal,36.358
3.0,10.0,4.0,Mobile Phone,5.0,Single,3.0,1.0,6.0,172.23,0.0,54.169,1,1,New,34.446
1.0,15.0,5.0,Mobile Phone,3.0,Single,3.0,1.0,3.0,164.89,0.0,51.76699999999999,1,1,New,27.481666666666666
2.0,14.0,4.0,Laptop & Accessory,2.0,Divorced,2.0,1.0,2.0,150.56,0.0,47.368,1,1,New,30.112000000000002
7.0,16.0,3.0,Mobile Phone,3.0,Married,2.0,1.0,0.0,138.15,0.0,44.745000000000005,1,1,Regular,34.5375
29.0,33.0,2.0,Others,4.0,Married,6.0,1.0,5.0,269.57500000000005,0.0,90.37250000000002,1,1,VIP,89.85833333333335
16.0,14.0,3.0,Mobile,3.0,Single,5.0,0.0,2.0,124.38,0.0,43.314,1,0,Loyal,31.095
7.0,9.0,3.0,Laptop & Accessory,2.0,Single,1.0,0.0,4.0,177.56,0.0,56.568000000000005,1,0,Regular,44.39
10.0,8.0,5.0,Laptop & Accessory,3.0,Married,2.0,0.0,3.0,168.74,0.0,55.622,1,0,Regular,28.123333333333335
9.0,17.0,3.0,Mobile,5.0,Married,1.0,0.0,4.0,120.99,0.0,40.197,1,0,Regular,30.2475
18.0,6.0,2.0,Others,2.0,Divorced,1.0,0.0,7.0,269.57500000000005,0.0,87.07250000000002,1,0,Loyal,89.85833333333335
9.0,35.0,2.0,Laptop & Accessory,3.0,Married,3.0,0.0,9.0,159.07,0.0,51.221,1,0,Regular,53.02333333333333
9.0,6.0,4.0,Mobile,5.0,Divorced,2.0,0.0,2.0,122.18,0.0,40.95400000000001,1,0,Regular,24.436
18.0,7.0,4.0,Laptop & Accessory,1.0,Married,6.0,1.0,3.0,182.43,0.0,61.729,1,1,Loyal,36.486000000000004
0.0,11.0,3.0,Mobile,3.0,Single,2.0,1.0,2.0,134.41,0.0,41.523,1,1,,33.6025
13.0,13.0,4.0,Fashion,4.0,Single,6.0,0.0,3.0,208.76,0.0,68.128,1,0,Loyal,41.751999999999995
4.0,23.0,4.0,Laptop & Accessory,3.0,Divorced,10.0,0.0,3.0,178.01,0.0,56.203,1,0,New,35.602
9.0,10.0,3.0,Mobile,2.0,Single,12.0,1.0,0.0,122.85,0.0,40.755,1,1,Regular,30.7125
0.0,14.0,3.0,Mobile,4.0,Married,3.0,1.0,2.0,123.73,0.0,38.319,1,1,,30.9325
3.0,17.0,4.0,Mobile Phone,4.0,Married,3.0,0.0,3.0,147.97,0.0,46.891,1,0,New,29.594
1.0,28.0,2.0,Mobile Phone,1.0,Single,3.0,0.0,3.0,151.78,0.0,46.63399999999999,1,0,New,50.593333333333334
15.0,9.0,4.0,Grocery,4.0,Single,3.0,0.0,5.0,269.57500000000005,0.0,86.97250000000001,1,0,Loyal,53.915000000000006
30.0,30.0,4.0,Grocery,4.0,Married,6.0,1.0,10.0,259.02,0.0,88.30599999999998,1,1,VIP,51.803999999999995
21.0,23.0,2.0,Laptop & Accessory,3.0,Married,3.0,1.0,8.0,175.67,0.0,59.80099999999999,1,1,Loyal,58.556666666666665
1.0,7.0,5.5,Mobile Phone,4.0,Single,9.0,1.0,8.0,147.16,0.0,46.647999999999996,1,1,New,22.64
25.0,10.0,4.0,Grocery,4.0,Single,5.0,0.0,1.0,262.34,0.0,87.80199999999998,1,0,VIP,52.467999999999996
13.0,19.0,4.0,Laptop & Accessory,4.0,Married,6.0,0.0,1.0,177.95,0.0,58.885,1,0,Loyal,35.589999999999996
10.0,11.0,3.0,Laptop & Accessory,2.0,Married,8.0,0.0,4.0,163.47,0.0,53.241,1,0,Regular,40.8675
14.0,25.0,3.0,Laptop & Accessory,5.0,Married,3.0,0.0,0.0,130.72,0.0,44.61600000000001,1,0,Loyal,32.68
14.0,14.0,3.0,Laptop & Accessory,4.0,Married,6.0,0.0,4.0,143.93,0.0,48.57900000000001,1,0,Loyal,35.9825
0.0,14.0,2.0,Laptop & Accessory,4.0,Divorced,1.0,0.0,2.0,148.51,0.0,45.352999999999994,1,0,,49.50333333333333
9.0,12.0,3.0,Laptop & Accessory,3.0,Divorced,3.0,1.0,5.0,123.06,0.0,40.818000000000005,1,1,Regular,30.765
1.0,10.0,4.0,Mobile Phone,5.0,Single,7.0,1.0,5.0,151.57,0.0,47.370999999999995,1,1,New,30.314
19.0,8.0,3.0,Laptop & Accessory,2.0,Married,3.0,0.0,4.0,173.79,0.0,59.037,1,0,Loyal,43.4475
19.0,24.0,3.0,Fashion,3.0,Married,6.0,0.0,2.0,205.27,0.0,68.48100000000001,1,0,Loyal,51.3175
1.0,14.0,4.0,Mobile Phone,1.0,Married,3.0,1.0,3.0,147.75,0.0,46.224999999999994,1,1,New,29.55
9.0,8.0,4.0,Mobile,3.0,Single,2.0,0.0,0.0,122.74,0.0,41.122,1,0,Regular,24.548
23.0,12.0,4.0,Laptop & Accessory,3.0,Married,4.0,0.0,3.0,191.51,0.0,65.953,1,0,Loyal,38.302
18.0,24.0,5.5,Mobile Phone,3.0,Single,4.0,0.0,1.0,147.9,0.0,51.97,1,0,Loyal,22.753846153846155
4.0,29.0,5.0,Laptop & Accessory,3.0,Married,4.0,1.0,1.0,188.8,0.0,59.84,1,1,New,31.46666666666667
18.0,26.0,5.0,Fashion,5.0,Married,3.0,1.0,7.0,208.51,0.0,69.953,1,1,Loyal,34.751666666666665
16.0,25.0,4.0,Laptop & Accessory,5.0,Married,8.0,1.0,3.0,179.1,0.0,60.129999999999995,1,1,Loyal,35.82
17.0,15.0,4.0,Laptop & Accessory,4.0,Married,6.0,0.0,1.0,172.65,0.0,58.495000000000005,1,0,Loyal,34.53
1.0,7.0,4.0,Mobile Phone,4.0,Single,3.0,0.0,2.0,145.96,0.0,45.688,1,0,New,29.192
24.0,14.0,4.0,Fashion,4.0,Married,6.0,0.0,3.0,224.9,0.0,76.27,1,0,Loyal,44.980000000000004
19.0,8.0,3.0,Fashion,1.0,Married,4.0,0.0,7.0,185.78,0.0,62.63400000000001,1,0,Loyal,46.445
1.0,27.0,4.0,Fashion,3.0,Married,5.0,0.0,3.0,223.24,0.0,68.87199999999999,1,0,New,44.648
17.0,13.0,3.0,Others,1.0,Married,1.0,1.0,10.0,269.57500000000005,0.0,87.17250000000001,1,1,Loyal,67.39375000000001
1.0,9.0,5.0,Mobile Phone,3.0,Single,3.0,0.0,3.0,145.44,0.0,45.931999999999995,1,0,New,24.24
25.0,5.0,3.0,Fashion,4.0,Single,8.0,0.0,0.0,204.45,0.0,70.035,1,0,VIP,51.1125
8.0,14.0,3.0,Mobile Phone,3.0,Single,2.0,0.0,4.0,143.23,0.0,46.568999999999996,1,0,Regular,35.8075
12.0,27.0,4.0,Laptop & Accessory,1.0,Married,4.0,1.0,4.0,161.2,0.0,53.559999999999995,1,1,Regular,32.239999999999995
19.0,13.0,4.0,Fashion,5.0,Married,6.0,1.0,1.0,257.45,0.0,84.535,1,1,Loyal,51.489999999999995
9.0,27.0,4.0,Mobile,4.0,Single,2.0,1.0,0.0,121.21,0.0,40.663000000000004,1,1,Regular,24.241999999999997
14.0,21.0,4.0,Laptop & Accessory,5.0,Married,3.0,0.0,3.0,171.39,0.0,57.217,1,0,Loyal,34.278
9.0,25.0,2.0,Laptop & Accessory,5.0,Married,3.0,0.0,11.0,177.08,0.0,56.624,1,0,Regular,59.02666666666667
17.0,26.0,3.0,Mobile,4.0,Single,2.0,0.0,3.0,134.2,0.0,46.56,1,0,Loyal,33.55
1.0,15.0,4.0,Mobile Phone,3.0,Single,3.0,0.0,1.0,144.04,0.0,45.111999999999995,1,0,New,28.808
13.0,15.0,3.0,Laptop & Accessory,5.0,Married,1.0,0.0,1.0,154.73,0.0,51.519,1,0,Loyal,38.6825
1.0,9.0,3.0,Mobile,4.0,Married,2.0,0.0,0.0,128.56,0.0,40.068,1,0,New,32.14
12.0,22.0,5.0,Fashion,1.0,Married,2.0,1.0,10.0,240.1,0.0,77.63,1,1,Regular,40.016666666666666
21.0,13.0,3.0,Laptop & Accessory,5.0,Married,5.0,0.0,2.0,154.86,0.0,53.958000000000006,1,0,Loyal,38.715
7.0,10.0,4.0,Mobile Phone,4.0,Married,5.0,1.0,4.0,147.77,0.0,48.031000000000006,1,1,Regular,29.554000000000002
6.0,9.0,4.0,Laptop & Accessory,3.0,Single,6.0,1.0,8.0,174.98,0.0,55.89399999999999,1,1,New,34.995999999999995
5.0,7.0,4.0,Laptop & Accessory,5.0,Divorced,3.0,0.0,4.0,166.48,0.0,53.044,1,0,New,33.296
5.0,7.0,4.0,Laptop & Accessory,2.0,Single,10.0,1.0,6.0,184.93,0.0,58.579,1,1,New,36.986000000000004
6.0,10.0,4.0,Mobile Phone,4.0,Married,9.0,0.0,2.0,138.38,0.0,44.913999999999994,1,0,New,27.676
29.0,9.0,4.0,Grocery,1.0,Single,4.0,1.0,3.0,269.57500000000005,0.0,91.17250000000001,1,1,VIP,53.915000000000006
8.0,14.0,4.0,Mobile,2.0,Divorced,2.0,0.0,2.0,123.76,0.0,41.128,1,0,Regular,24.752000000000002
0.0,6.0,4.0,Mobile Phone,5.0,Married,2.0,0.0,3.0,139.55,0.0,43.465,1,0,,27.910000000000004
12.0,17.0,4.0,Laptop & Accessory,1.0,Married,3.0,0.0,10.0,178.43,0.0,58.729000000000006,1,0,Regular,35.686
19.0,14.0,4.0,Laptop & Accessory,5.0,Married,9.0,1.0,7.0,146.15,0.0,51.145,1,1,Loyal,29.23
0.0,11.0,3.0,Mobile,1.0,Single,2.0,0.0,2.0,131.17,0.0,40.550999999999995,1,0,,32.7925
11.0,16.0,3.0,Mobile,3.0,Divorced,1.0,0.0,2.0,126.84,0.0,42.552,1,0,Regular,31.71
9.0,11.0,3.0,Laptop & Accessory,2.0,Divorced,4.0,0.0,0.0,120.86,0.0,40.158,1,0,Regular,30.215
0.0,18.0,3.0,Laptop & Accessory,1.0,Single,4.0,1.0,7.0,145.81,0.0,44.943000000000005,1,1,,36.4525
10.0,8.0,4.0,Laptop & Accessory,1.0,Married,6.0,0.0,0.0,151.63,0.0,50.089,1,0,Regular,30.326
13.0,13.0,2.0,Fashion,3.0,Married,4.0,0.0,7.0,207.37,0.0,66.911,1,0,Loyal,69.12333333333333
1.0,25.0,4.0,Mobile Phone,2.0,Single,3.0,0.0,1.0,151.93,0.0,47.479,1,0,New,30.386000000000003
2.0,9.0,3.0,Mobile Phone,5.0,Single,2.0,1.0,5.0,147.23,0.0,45.969,1,1,New,36.8075
21.0,11.0,5.0,Fashion,4.0,Married,10.0,1.0,3.0,228.33,0.0,76.79899999999999,1,1,Loyal,38.055
14.0,33.0,5.0,Laptop & Accessory,1.0,Married,5.0,1.0,1.0,169.22,0.0,56.966,1,1,Loyal,28.203333333333333
3.0,27.0,4.0,Laptop & Accessory,1.0,Married,4.0,0.0,3.0,194.31,0.0,60.793,1,0,New,38.862
19.0,15.0,4.0,Laptop & Accessory,1.0,Married,11.0,0.0,9.0,161.97,0.0,55.891000000000005,1,0,Loyal,32.394
26.0,7.0,4.0,Grocery,2.0,Divorced,4.0,0.0,9.0,269.57500000000005,0.0,90.27250000000001,1,0,VIP,53.915000000000006
19.0,14.0,4.0,Laptop & Accessory,5.0,Married,9.0,1.0,7.0,146.15,0.0,51.145,1,1,Loyal,29.23
3.0,27.0,4.0,Mobile Phone,1.0,Married,3.0,0.0,11.0,163.12,0.0,51.436,1,0,New,32.624
19.0,20.0,3.0,Mobile Phone,4.0,Married,10.0,1.0,3.0,149.63,0.0,51.789,1,1,Loyal,37.4075
27.0,9.0,5.0,Fashion,4.0,Married,4.0,0.0,13.0,200.25,0.0,70.175,1,0,VIP,33.375
3.0,15.0,3.0,Laptop & Accessory,5.0,Married,2.0,0.0,10.0,130.72,0.0,41.316,1,0,New,32.68
0.0,10.0,4.0,Mobile Phone,3.0,Single,6.0,0.0,2.0,138.94,0.0,43.282,1,0,,27.788
22.0,11.0,3.0,Laptop & Accessory,3.0,Divorced,3.0,0.0,2.0,166.51,0.0,57.753,1,0,Loyal,41.6275
13.0,31.0,5.0,Grocery,1.0,Married,2.0,0.0,7.0,245.31,0.0,79.49300000000001,1,0,Loyal,40.885
0.0,8.0,3.0,Mobile,3.0,Single,3.0,0.0,0.0,134.85,0.0,41.655,1,0,,33.7125
15.0,8.0,3.0,Others,3.0,Married,6.0,0.0,14.0,269.57500000000005,0.0,86.57250000000002,1,0,Loyal,67.39375000000001
20.0,20.0,3.0,Laptop & Accessory,4.0,Married,9.0,0.0,7.0,154.67,0.0,53.601,1,0,Loyal,38.6675
11.0,18.0,4.0,Laptop & Accessory,5.0,Married,3.0,0.0,2.0,162.88,0.0,53.763999999999996,1,0,Regular,32.576
1.0,11.0,5.0,Mobile Phone,3.0,Single,7.0,0.0,3.0,163.94,0.0,51.48199999999999,1,0,New,27.323333333333334
1.0,9.0,4.0,Mobile Phone,5.0,Divorced,9.0,0.0,8.0,152.07,0.0,47.520999999999994,1,0,New,30.413999999999998
1.0,11.0,5.0,Laptop & Accessory,1.0,Single,3.0,1.0,4.0,169.87,0.0,53.260999999999996,1,1,New,28.311666666666667
9.0,9.0,4.0,Mobile,1.0,Married,4.0,0.0,0.0,121.77,0.0,40.831,1,0,Regular,24.354
8.0,10.0,4.0,Mobile Phone,2.0,Divorced,2.0,0.0,3.0,162.37,0.0,52.711,1,0,Regular,32.474000000000004
19.0,24.0,3.0,Fashion,3.0,Divorced,6.0,0.0,2.0,205.27,0.0,68.48100000000001,1,0,Loyal,51.3175
1.0,24.0,5.0,Mobile Phone,1.0,Married,7.0,0.0,4.0,148.67,0.0,46.90099999999999,1,0,New,24.778333333333332
3.0,17.0,4.0,Mobile Phone,3.0,Single,3.0,0.0,1.0,151.42,0.0,47.925999999999995,1,0,New,30.284
14.0,14.0,4.0,Others,4.0,Single,3.0,0.0,9.0,269.57500000000005,0.0,86.67250000000001,1,0,Loyal,53.915000000000006
7.0,17.0,5.0,Laptop & Accessory,1.0,Single,5.0,0.0,2.0,171.82,0.0,55.646,1,0,Regular,28.636666666666667
8.0,26.0,5.0,Mobile Phone,1.0,Married,3.0,0.0,8.0,154.29,0.0,50.687,1,0,Regular,25.715
14.0,11.0,5.0,Fashion,1.0,Married,9.0,0.0,12.0,233.55,0.0,76.265,1,0,Loyal,38.925000000000004
28.0,26.0,4.0,Laptop & Accessory,5.0,Married,11.0,1.0,5.0,179.85,0.0,63.955,1,1,VIP,35.97
9.0,16.0,4.0,Laptop & Accessory,3.0,Married,2.0,1.0,7.0,156.73,0.0,51.319,1,1,Regular,31.345999999999997
1.0,13.0,3.0,Laptop & Accessory,5.0,Single,1.0,0.0,3.0,148.98,0.0,46.193999999999996,1,0,New,37.245
10.0,10.0,5.0,Fashion,1.0,Married,2.0,0.0,5.0,201.44,0.0,65.43199999999999,1,0,Regular,33.57333333333333
6.0,12.0,4.0,Mobile Phone,4.0,Single,4.0,0.0,8.0,152.18,0.0,49.054,1,0,New,30.436
30.0,16.0,4.0,Mobile Phone,3.0,Married,4.0,0.0,4.0,154.42,0.0,56.925999999999995,1,0,VIP,30.883999999999997
4.0,17.0,5.0,Laptop & Accessory,3.0,Married,3.0,0.0,5.0,190.78,0.0,60.434000000000005,1,0,New,31.796666666666667
15.0,9.0,1.5,Laptop & Accessory,2.0,Divorced,3.0,1.0,3.0,152.31,0.0,50.793,1,1,Loyal,60.924
28.0,8.0,3.0,Grocery,1.0,Single,3.0,1.0,2.0,266.59,0.0,89.577,1,1,VIP,66.6475
1.0,13.0,5.5,Mobile Phone,3.0,Married,2.0,0.0,1.0,148.51,0.0,47.053,1,0,New,22.847692307692306
9.0,15.0,5.0,Fashion,2.0,Divorced,6.0,1.0,3.0,228.77,0.0,73.331,1,1,Regular,38.12833333333334
9.0,14.0,4.0,Fashion,3.0,Single,5.0,0.0,3.0,227.21,0.0,72.463,1,0,Regular,45.442
9.0,8.0,1.5,Mobile,2.0,Divorced,2.0,0.0,7.0,120.11,0.0,39.333000000000006,1,0,Regular,48.044
6.0,14.0,3.0,Mobile,1.0,Single,5.0,0.0,0.0,124.96,0.0,40.488,1,0,New,31.24
16.0,14.0,3.0,Mobile,3.0,Single,5.0,0.0,2.0,124.38,0.0,43.314,1,0,Loyal,31.095
9.0,19.0,3.0,Mobile,4.0,Divorced,4.0,0.0,4.0,121.43,0.0,40.32900000000001,1,0,Regular,30.3575
15.0,19.0,1.5,Laptop & Accessory,5.0,Married,6.0,0.0,0.0,155.38,0.0,51.714,1,0,Loyal,62.152
1.0,9.0,4.0,Mobile Phone,3.0,Single,4.0,0.0,1.0,159.85,0.0,49.855,1,0,New,31.97
1.0,7.0,4.0,Mobile Phone,3.0,Single,2.0,0.0,6.0,145.58,0.0,45.574,1,0,New,29.116000000000003
9.0,25.0,4.0,Laptop & Accessory,3.0,Married,3.0,0.0,1.0,171.01,0.0,55.603,1,0,Regular,34.202
7.0,35.0,4.0,Laptop & Accessory,3.0,Married,3.0,1.0,8.0,177.07,0.0,56.821,1,1,Regular,35.414
9.0,9.0,4.0,Laptop & Accessory,4.0,Single,7.0,0.0,3.0,169.25,0.0,55.075,1,0,Regular,33.85
7.0,10.0,3.0,Laptop & Accessory,3.0,Divorced,10.0,0.0,2.0,165.38,0.0,52.914,1,0,Regular,41.345
0.0,8.0,1.5,Laptop & Accessory,3.0,Married,2.0,0.0,7.0,152.06,0.0,46.218,1,0,,60.824
20.0,7.0,5.0,Fashion,5.0,Married,4.0,1.0,6.0,231.73,0.0,77.51899999999999,1,1,Loyal,38.62166666666666
3.0,13.0,4.0,Mobile Phone,2.0,Divorced,3.0,0.0,9.0,156.31,0.0,49.393,1,0,New,31.262
1.0,8.0,4.0,Mobile Phone,3.0,Married,5.0,0.0,3.0,154.09,0.0,48.126999999999995,1,0,New,30.818
1.0,10.0,4.0,Mobile Phone,1.0,Married,3.0,0.0,1.0,145.61,0.0,45.583,1,0,New,29.122000000000003
9.0,12.0,3.0,Mobile,3.0,Divorced,9.0,0.0,2.0,122.67,0.0,40.70100000000001,1,0,Regular,30.6675
24.0,27.0,4.0,Grocery,3.0,Married,4.0,1.0,14.0,237.45,0.0,80.035,1,1,Loyal,47.489999999999995
11.0,12.0,2.0,Mobile Phone,3.0,Single,2.0,0.0,4.0,160.0,0.0,52.099999999999994,1,0,Regular,53.333333333333336
1.0,27.0,4.0,Fashion,3.0,Divorced,5.0,0.0,3.0,223.24,0.0,68.87199999999999,1,0,New,44.648
20.0,9.0,4.0,Others,1.0,Married,9.0,1.0,3.0,269.57500000000005,0.0,88.47250000000001,1,1,Loyal,53.915000000000006
25.0,35.0,3.0,Mobile,1.0,Married,3.0,0.0,0.0,134.82,0.0,49.146,1,0,VIP,33.705
0.0,10.0,4.0,Laptop & Accessory,5.0,Married,2.0,0.0,3.0,142.56,0.0,44.368,1,0,,28.512
14.0,10.0,5.0,Laptop & Accessory,4.0,Married,7.0,0.0,2.0,164.3,0.0,55.49,1,0,Loyal,27.383333333333336
1.0,15.0,2.0,Mobile Phone,3.0,Married,9.0,0.0,3.0,160.17,0.0,49.15099999999999,1,0,New,53.38999999999999
19.0,9.0,4.0,Laptop & Accessory,1.0,Single,6.0,0.0,4.0,176.6,0.0,60.28,1,0,Loyal,35.32
31.0,23.0,4.0,Laptop & Accessory,5.0,Single,10.0,0.0,3.0,179.05,0.0,64.61500000000001,1,0,VIP,35.81
8.0,9.0,4.0,Mobile Phone,3.0,Married,8.0,0.0,3.0,147.31,0.0,48.193,1,0,Regular,29.462
7.0,6.0,1.5,Laptop & Accessory,2.0,Married,1.0,0.0,9.0,197.25,0.0,61.875,1,0,Regular,78.9
1.0,11.0,3.0,Mobile Phone,5.0,Divorced,4.0,0.0,3.0,153.19,0.0,47.457,1,0,New,38.2975
8.0,6.0,4.0,Mobile,3.0,Single,2.0,0.0,4.0,128.59,0.0,42.577,1,0,Regular,25.718
6.0,15.0,4.0,Fashion,1.0,Single,3.0,0.0,3.0,214.98,0.0,67.89399999999999,1,0,New,42.995999999999995
4.0,26.0,1.5,Mobile,2.0,Divorced,1.0,0.0,2.0,127.91,0.0,40.173,1,0,New,51.164
4.0,7.0,5.5,Mobile Phone,3.0,Married,5.0,0.0,3.0,163.33,0.0,52.39900000000001,1,0,New,25.12769230769231
9.0,7.0,5.0,Laptop & Accessory,2.0,Divorced,2.0,0.0,1.0,178.63,0.0,58.289,1,0,Regular,29.771666666666665
2.0,8.0,3.0,Laptop & Accessory,3.0,Married,2.0,0.0,2.0,146.49,0.0,45.74700000000001,1,0,New,36.6225
30.0,7.0,5.0,Fashion,1.0,Married,4.0,0.0,0.0,208.83,0.0,73.649,1,0,VIP,34.805
1.0,23.0,4.0,Fashion,3.0,Married,4.0,0.0,1.0,206.61,0.0,63.883,1,0,New,41.322
30.0,14.0,3.0,Mobile,3.0,Married,2.0,0.0,2.0,123.72,0.0,47.316,1,0,VIP,30.93
23.0,18.0,3.0,Fashion,1.0,Single,5.0,0.0,1.0,192.08,0.0,65.724,1,0,Loyal,48.02
9.0,6.0,3.0,Mobile,1.0,Married,2.0,0.0,3.0,120.44,0.0,40.032000000000004,1,0,Regular,30.11
9.0,13.0,3.0,Mobile,1.0,Married,2.0,1.0,2.0,122.75,0.0,40.725,1,1,Regular,30.6875
2.0,7.0,4.0,Mobile Phone,1.0,Married,3.0,0.0,3.0,152.06,0.0,47.818000000000005,1,0,New,30.412
18.0,35.0,3.0,Fashion,1.0,Divorced,5.0,1.0,2.0,193.8,0.0,64.74000000000001,1,1,Loyal,48.45
17.0,11.0,3.0,Others,4.0,Married,8.0,0.0,10.0,269.57500000000005,0.0,87.17250000000001,1,0,Loyal,67.39375000000001
19.0,16.0,4.0,Laptop & Accessory,4.0,Married,10.0,0.0,14.5,148.48,0.0,51.844,1,0,Loyal,29.695999999999998
5.0,8.0,3.0,Laptop & Accessory,4.0,Married,1.0,0.0,6.0,154.7,0.0,49.11,1,0,New,38.675
10.0,9.0,5.0,Laptop & Accessory,1.0,Single,3.0,0.0,9.0,163.86,0.0,54.158,1,0,Regular,27.310000000000002
0.0,32.0,3.0,Laptop & Accessory,2.0,Single,2.0,0.0,4.0,161.8,0.0,49.74,1,0,,40.45
26.0,36.0,4.0,Mobile Phone,1.0,Married,4.0,0.0,1.0,159.82,0.0,57.346,1,0,VIP,31.964
0.0,14.0,5.0,Mobile,5.0,Divorced,2.0,0.0,1.0,124.51,0.0,39.353,1,0,,20.75166666666667
10.0,15.0,4.0,Laptop & Accessory,4.0,Married,2.0,0.0,3.0,141.89,0.0,47.166999999999994,1,0,Regular,28.377999999999997
8.0,14.0,4.0,Mobile Phone,3.0,Married,2.0,1.0,8.0,148.08,0.0,48.424,1,1,Regular,29.616000000000003
24.0,18.0,4.0,Others,4.0,Single,5.0,0.0,5.0,269.57500000000005,0.0,89.67250000000001,1,0,Loyal,53.915000000000006
1.0,13.0,5.5,Laptop & Accessory,3.0,Divorced,6.0,1.0,8.0,186.72,0.0,58.516,1,1,New,28.726153846153846
10.0,15.0,3.0,Fashion,5.0,Divorced,11.0,0.0,6.0,242.13,0.0,76.839,1,0,Regular,60.5325
9.0,15.0,3.0,Mobile,2.0,Divorced,2.0,0.0,4.0,120.7,0.0,40.11000000000001,1,0,Regular,30.175
14.0,13.0,4.0,Grocery,3.0,Single,9.0,0.0,14.0,257.37,0.0,83.011,1,0,Loyal,51.474000000000004
31.0,23.0,4.0,Laptop & Accessory,5.0,Single,10.0,0.0,3.0,179.05,0.0,64.61500000000001,1,0,VIP,35.81
9.0,13.0,3.0,Mobile,4.0,Single,3.0,0.0,3.0,120.13,0.0,39.939,1,0,Regular,30.0325
8.0,14.0,4.0,Mobile Phone,1.0,Single,3.0,0.0,1.0,154.72,0.0,50.416,1,0,Regular,30.944
9.0,33.0,3.0,Laptop & Accessory,3.0,Married,7.0,0.0,7.0,152.37,0.0,49.611000000000004,1,0,Regular,38.0925
4.0,14.0,4.0,Mobile Phone,4.0,Single,2.0,0.0,3.0,154.83,0.0,49.24900000000001,1,0,New,30.966
9.0,9.0,3.0,Mobile,1.0,Married,2.0,0.0,0.0,120.61,0.0,40.083000000000006,1,0,Regular,30.1525
2.0,12.0,4.0,Laptop & Accessory,2.0,Single,3.0,0.0,3.0,174.08,0.0,54.42400000000001,1,0,New,34.816
17.0,34.0,1.5,Grocery,1.0,Married,4.0,1.0,11.0,233.2,0.0,75.65999999999998,1,1,Loyal,93.28
5.0,13.0,2.0,Laptop & Accessory,1.0,Married,6.0,0.0,8.0,179.6,0.0,56.17999999999999,1,0,New,59.86666666666667
14.0,16.0,4.0,Laptop & Accessory,3.0,Married,5.0,0.0,8.0,164.75,0.0,55.225,1,0,Loyal,32.95
0.0,14.0,3.0,Mobile,3.0,Married,2.0,0.0,0.0,123.77,0.0,38.331,1,0,,30.9425
1.0,27.0,4.0,Mobile Phone,4.0,Married,2.0,1.0,5.0,146.48,0.0,45.843999999999994,1,1,New,29.296
5.0,11.0,4.0,Laptop & Accessory,4.0,Single,3.0,0.0,3.0,218.55,0.0,68.66499999999999,1,0,New,43.71
3.0,15.0,5.0,Laptop & Accessory,2.0,Divorced,3.0,1.0,3.0,175.56,0.0,55.568,1,1,New,29.26
24.0,6.0,3.0,Mobile,1.0,Married,2.0,0.0,0.0,127.23,0.0,46.569,1,0,Loyal,31.8075
1.0,17.0,5.0,Mobile Phone,3.0,Single,3.0,0.0,1.0,137.0,0.0,43.4,1,0,New,22.833333333333332
12.0,14.0,3.0,Laptop & Accessory,5.0,Married,3.0,1.0,8.0,181.05,0.0,59.11500000000001,1,1,Regular,45.2625
1.0,33.0,4.0,Laptop & Accessory,1.0,Married,3.0,1.0,9.0,181.17,0.0,56.25099999999999,1,1,New,36.233999999999995
20.0,6.0,3.0,Fashion,4.0,Married,1.0,0.0,3.0,219.57,0.0,73.071,1,0,Loyal,54.8925
0.0,14.0,5.0,Mobile,1.0,Single,2.0,1.0,0.0,123.4,0.0,39.02,1,1,,20.566666666666666
20.0,9.0,4.0,Grocery,3.0,Married,8.0,0.0,2.0,269.57500000000005,0.0,88.47250000000001,1,0,Loyal,53.915000000000006
18.0,12.0,5.0,Mobile Phone,3.0,Single,5.0,0.0,4.0,156.62,0.0,54.385999999999996,1,0,Loyal,26.103333333333335
10.0,16.0,2.0,Mobile Phone,4.0,Married,3.0,0.0,3.0,153.1,0.0,49.73,1,0,Regular,51.03333333333333
12.0,9.0,4.0,Mobile Phone,4.0,Married,7.0,0.0,9.0,150.92,0.0,50.476,1,0,Regular,30.183999999999997
15.0,14.0,3.0,Others,2.0,Married,2.0,0.0,9.0,269.57500000000005,0.0,86.57250000000002,1,0,Loyal,67.39375000000001
28.0,8.0,3.0,Grocery,2.0,Single,3.0,1.0,2.0,266.59,0.0,89.577,1,1,VIP,66.6475
10.0,10.0,4.0,Laptop & Accessory,4.0,Single,6.0,0.0,8.0,169.85,0.0,55.555,1,0,Regular,33.97
27.0,25.0,3.0,Laptop & Accessory,5.0,Married,10.0,1.0,4.0,154.85,0.0,55.755,1,1,VIP,38.7125
20.0,8.0,3.0,Laptop & Accessory,2.0,Married,6.0,0.0,4.0,150.7,0.0,52.41,1,0,Loyal,37.675
0.0,33.0,3.0,Laptop & Accessory,1.0,Single,2.0,1.0,7.0,158.13,0.0,48.639,1,1,,39.5325
6.0,17.0,4.0,Mobile Phone,3.0,Married,8.0,0.0,4.0,159.33,0.0,51.199,1,0,New,31.866000000000003
13.0,6.0,3.0,Laptop & Accessory,3.0,Single,4.0,1.0,0.0,147.28,0.0,49.284,1,1,Loyal,36.82
0.0,33.0,3.0,Fashion,1.0,Married,2.0,0.0,9.0,176.39,0.0,54.117,1,0,,44.0975
9.0,8.0,3.0,Mobile,3.0,Married,3.0,0.0,2.0,120.01,0.0,39.903000000000006,1,0,Regular,30.0025
7.0,7.0,4.0,Laptop & Accessory,5.0,Single,1.0,0.0,9.0,153.43,0.0,49.729000000000006,1,0,Regular,30.686
10.0,16.0,4.0,Fashion,1.0,Married,6.0,0.0,3.0,225.96,0.0,72.38799999999999,1,0,Regular,45.192
8.0,34.0,4.0,Mobile Phone,4.0,Single,4.0,0.0,3.0,148.11,0.0,48.433,1,0,Regular,29.622000000000003
1.0,7.0,5.5,Mobile Phone,5.0,Single,2.0,0.0,1.0,148.25,0.0,46.975,1,0,New,22.807692307692307
14.0,14.0,3.0,Mobile,3.0,Married,5.0,0.0,8.0,124.51,0.0,42.75300000000001,1,0,Loyal,31.1275
1.0,9.0,2.0,Laptop & Accessory,3.0,Single,2.0,0.0,8.0,190.0,0.0,58.099999999999994,1,0,New,63.333333333333336
1.0,35.0,3.0,Laptop & Accessory,5.0,Married,8.0,1.0,0.0,166.73,0.0,51.519,1,1,New,41.6825
4.0,6.0,5.0,Laptop & Accessory,5.0,Married,2.0,0.0,7.0,150.03,0.0,48.209,1,0,New,25.005
14.0,9.0,4.0,Laptop & Accessory,2.0,Single,3.0,0.0,9.0,171.61,0.0,57.28300000000001,1,0,Loyal,34.322
6.0,11.0,3.0,Laptop & Accessory,2.0,Divorced,7.0,0.0,2.0,199.98,0.0,62.99399999999999,1,0,New,49.995
19.0,32.0,5.0,Laptop & Accessory,1.0,Married,2.0,0.0,9.0,184.06,0.0,62.918,1,0,Loyal,30.676666666666666
18.0,34.0,4.0,Grocery,4.0,Single,2.0,0.0,6.0,267.04,0.0,87.11200000000001,1,0,Loyal,53.408
0.0,14.0,3.0,Mobile,4.0,Single,2.0,1.0,2.0,124.78,0.0,38.634,1,1,,31.195
19.0,9.0,4.0,Laptop & Accessory,3.0,Married,6.0,0.0,8.0,176.54,0.0,60.262,1,0,Loyal,35.308
11.0,21.0,4.0,Mobile Phone,5.0,Married,3.0,0.0,14.5,155.34,0.0,51.501999999999995,1,0,Regular,31.068
1.0,21.0,4.0,Mobile Phone,2.0,Divorced,7.0,1.0,5.0,149.36,0.0,46.708,1,1,New,29.872000000000003
15.0,19.0,4.0,Mobile Phone,2.0,Divorced,5.0,1.0,1.0,172.66,0.0,57.897999999999996,1,1,Loyal,34.532
13.0,19.0,4.0,Laptop & Accessory,4.0,Married,6.0,0.0,1.0,177.95,0.0,58.885,1,0,Loyal,35.589999999999996
1.0,26.0,2.0,Laptop & Accessory,1.0,Single,10.0,1.0,5.0,178.04,0.0,54.51199999999999,1,1,New,59.346666666666664
13.0,15.0,4.0,Mobile Phone,3.0,Married,3.0,0.0,8.0,162.55,0.0,54.265,1,0,Loyal,32.510000000000005
21.0,10.0,4.0,Grocery,1.0,Married,3.0,0.0,2.0,252.02,0.0,83.50599999999999,1,0,Loyal,50.404
0.0,11.0,1.5,Laptop & Accessory,5.0,Married,2.0,0.0,5.0,140.0,0.0,42.6,1,0,,56.0
6.0,11.0,5.0,Laptop & Accessory,3.0,Married,3.0,0.0,9.0,186.62,0.0,59.785999999999994,1,0,New,31.103333333333335
15.0,8.0,3.0,Fashion,1.0,Married,3.0,1.0,9.0,201.24,0.0,66.072,1,1,Loyal,50.31
4.0,35.0,4.0,Laptop & Accessory,2.0,Divorced,3.0,0.0,10.0,182.75,0.0,57.625,1,0,New,36.55
12.0,9.0,4.0,Mobile Phone,2.0,Divorced,3.0,1.0,1.0,142.02,0.0,47.806000000000004,1,1,Regular,28.404000000000003
4.0,8.0,3.0,Mobile,2.0,Married,1.0,1.0,2.0,126.95,0.0,40.48500000000001,1,1,New,31.7375
0.0,19.0,3.0,Laptop & Accessory,4.0,Single,6.0,0.0,0.0,157.65,0.0,48.495000000000005,1,0,,39.4125
24.0,20.0,3.0,Laptop & Accessory,2.0,Divorced,5.0,0.0,7.0,149.36,0.0,53.208,1,0,Loyal,37.34
12.0,30.0,4.0,Laptop & Accessory,1.0,Married,11.0,0.0,3.0,182.45,0.0,59.934999999999995,1,0,Regular,36.489999999999995
0.0,19.0,3.0,Laptop & Accessory,5.0,Married,3.0,0.0,2.0,142.33,0.0,43.89900000000001,1,0,,35.5825
14.0,6.0,2.0,Fashion,5.0,Divorced,2.0,0.0,7.0,183.92,0.0,60.175999999999995,1,0,Loyal,61.306666666666665
8.0,15.0,4.0,Laptop & Accessory,4.0,Single,10.0,0.0,0.0,165.4,0.0,53.62,1,0,Regular,33.08
17.0,15.0,4.0,Laptop & Accessory,3.0,Married,6.0,1.0,3.0,170.22,0.0,57.766,1,1,Loyal,34.044
9.0,9.0,3.0,Mobile,1.0,Married,6.0,0.0,0.0,128.35,0.0,42.405,1,0,Regular,32.0875
14.0,23.0,4.0,Mobile Phone,3.0,Married,11.0,0.0,1.0,160.44,0.0,53.932,1,0,Loyal,32.088
5.0,14.0,1.5,Laptop & Accessory,1.0,Married,2.0,0.0,8.0,162.09,0.0,50.727000000000004,1,0,New,64.836
11.0,8.0,1.5,Laptop & Accessory,5.0,Single,7.0,1.0,12.0,159.8,0.0,51.84,1,1,Regular,63.92
21.0,12.0,4.0,Laptop & Accessory,3.0,Single,3.0,0.0,2.0,142.4,0.0,50.62,1,0,Loyal,28.48
10.0,9.0,4.0,Mobile Phone,3.0,Married,6.0,0.0,3.0,150.43,0.0,49.729,1,0,Regular,30.086000000000002
19.0,8.0,3.0,Others,5.0,Single,4.0,0.0,1.0,269.57500000000005,0.0,87.77250000000002,1,0,Loyal,67.39375000000001
0.0,7.0,4.0,Mobile,3.0,Married,2.0,1.0,0.0,129.33,0.0,40.399,1,1,,25.866000000000003
0.0,23.0,3.0,Mobile,3.0,Married,1.0,1.0,0.0,127.41,0.0,39.423,1,1,,31.8525
16.0,33.0,4.0,Grocery,4.0,Divorced,7.0,0.0,9.0,260.25,0.0,84.475,1,0,Loyal,52.05
7.0,14.0,1.5,Mobile,3.0,Divorced,1.0,0.0,0.0,125.85,0.0,40.455,1,0,Regular,50.339999999999996
6.0,13.0,4.0,Laptop & Accessory,3.0,Single,3.0,0.0,8.0,175.1,0.0,55.92999999999999,1,0,New,35.019999999999996
18.0,16.0,4.0,Mobile Phone,5.0,Married,3.0,1.0,2.0,150.59,0.0,52.177,1,1,Loyal,30.118000000000002
6.0,9.0,4.0,Mobile Phone,4.0,Divorced,3.0,0.0,8.0,148.7,0.0,48.00999999999999,1,0,New,29.74
17.0,10.0,3.0,Laptop & Accessory,4.0,Single,10.0,0.0,3.0,159.33,0.0,54.099000000000004,1,0,Loyal,39.8325
17.0,22.0,5.0,Laptop & Accessory,2.0,Divorced,5.0,0.0,3.0,193.04,0.0,65.01199999999999,1,0,Loyal,32.17333333333333
2.0,8.0,5.0,Mobile Phone,3.0,Married,3.0,0.0,1.0,140.63,0.0,44.789,1,0,New,23.438333333333333
31.0,12.0,5.0,Fashion,4.0,Married,4.0,1.0,3.0,230.52,0.0,80.456,1,1,VIP,38.42
17.0,8.0,1.5,Fashion,1.0,Married,2.0,1.0,7.0,178.79,0.0,59.336999999999996,1,1,Loyal,71.51599999999999
4.0,7.0,4.0,Mobile Phone,3.0,Married,2.0,0.0,4.0,145.64,0.0,46.492,1,0,New,29.127999999999997
0.0,29.0,4.0,Laptop & Accessory,3.0,Married,2.0,0.0,8.0,135.4,0.0,42.22,1,0,,27.080000000000002
7.0,16.0,4.0,Laptop & Accessory,3.0,Married,2.0,0.0,7.0,150.63,0.0,48.889,1,0,Regular,30.125999999999998
8.0,16.0,3.0,Laptop & Accessory,3.0,Single,4.0,1.0,4.0,161.42,0.0,52.025999999999996,1,1,Regular,40.355
19.0,9.0,4.0,Laptop & Accessory,3.0,Married,6.0,0.0,8.0,176.54,0.0,60.262,1,0,Loyal,35.308
5.0,16.0,3.0,Fashion,1.0,Single,3.0,0.0,3.0,212.44,0.0,66.432,1,0,New,53.11
10.0,9.0,3.0,Fashion,3.0,Married,2.0,0.0,8.0,194.34,0.0,62.502,1,0,Regular,48.585
19.0,6.0,3.0,Others,1.0,Married,10.0,0.0,2.0,269.57500000000005,0.0,87.77250000000002,1,0,Loyal,67.39375000000001
7.0,28.0,4.0,Laptop & Accessory,1.0,Married,2.0,1.0,11.0,157.47,0.0,50.941,1,1,Regular,31.494
14.0,15.0,4.0,Laptop & Accessory,1.0,Married,5.0,1.0,3.0,165.69,0.0,55.507000000000005,1,1,Loyal,33.138
8.0,8.0,4.0,Mobile Phone,1.0,Single,1.0,1.0,4.0,149.3,0.0,48.79,1,1,Regular,29.860000000000003
16.0,9.0,2.0,Laptop & Accessory,5.0,Married,9.0,0.0,4.0,187.72,0.0,61.91599999999999,1,0,Loyal,62.57333333333333
7.0,28.0,2.0,Mobile Phone,4.0,Married,3.0,0.0,14.0,145.28,0.0,46.483999999999995,1,0,Regular,48.42666666666667
0.0,31.0,1.5,Mobile,2.0,Single,2.0,1.0,1.0,129.94,0.0,39.582,1,1,,51.976
1.0,16.0,4.0,Laptop & Accessory,1.0,Single,3.0,0.0,8.0,166.05,0.0,51.715,1,0,New,33.21
20.0,10.0,2.0,Grocery,5.0,Married,4.0,0.0,9.0,257.25,0.0,83.975,1,0,Loyal,85.75
8.0,31.0,4.0,Fashion,4.0,Divorced,4.0,0.0,8.0,209.03,0.0,66.709,1,0,Regular,41.806
5.0,9.0,4.0,Laptop & Accessory,1.0,Single,6.0,1.0,6.0,190.82,0.0,60.346,1,1,New,38.164
11.0,26.0,4.0,Laptop & Accessory,3.0,Married,5.0,0.0,3.0,182.68,0.0,59.704,1,0,Regular,36.536
4.0,8.0,3.0,Mobile,3.0,Married,2.0,0.0,3.0,134.77,0.0,42.83100000000001,1,0,New,33.6925
1.0,32.0,4.0,Mobile Phone,2.0,Single,3.0,1.0,2.0,152.95,0.0,47.785,1,1,New,30.589999999999996
12.0,25.0,3.0,Laptop & Accessory,1.0,Married,9.0,0.0,2.0,139.02,0.0,46.50600000000001,1,0,Regular,34.755
7.0,11.0,4.0,Laptop & Accessory,1.0,Married,2.0,0.0,13.0,139.86,0.0,45.65800000000001,1,0,Regular,27.972
18.0,11.0,5.0,Laptop & Accessory,5.0,Single,2.0,1.0,4.0,157.69,0.0,54.706999999999994,1,1,Loyal,26.281666666666666
4.0,13.0,3.0,Laptop & Accessory,1.0,Married,4.0,0.0,7.0,159.15,0.0,50.145,1,0,New,39.7875
0.0,25.0,1.5,Laptop & Accessory,1.0,Single,9.0,1.0,4.0,153.04,0.0,46.512,1,1,,61.215999999999994
1.0,8.0,5.0,Laptop & Accessory,3.0,Single,3.0,0.0,3.0,171.17,0.0,53.65099999999999,1,0,New,28.528333333333332
1.0,13.0,4.0,Mobile Phone,2.0,Divorced,3.0,1.0,3.0,151.59,0.0,47.376999999999995,1,1,New,30.318
1.0,12.0,4.0,Mobile Phone,4.0,Single,2.0,0.0,3.0,149.22,0.0,46.666,1,0,New,29.844
8.0,11.0,3.0,Fashion,4.0,Single,1.0,0.0,13.0,180.95,0.0,57.885,1,0,Regular,45.2375
0.0,19.0,3.0,Laptop & Accessory,3.0,Single,4.0,1.0,2.0,198.54,0.0,60.762,1,1,,49.635
13.0,28.0,5.5,Laptop & Accessory,3.0,Married,8.0,0.0,3.0,182.36,0.0,60.80800000000001,1,0,Loyal,28.055384615384618
1.0,9.0,4.0,Mobile Phone,5.0,Married,2.0,0.0,3.0,155.41,0.0,48.522999999999996,1,0,New,31.082
28.0,6.0,3.0,Others,5.0,Single,1.0,1.0,13.0,269.57500000000005,0.0,90.47250000000003,1,1,VIP,67.39375000000001
13.0,9.0,4.0,Mobile,3.0,Divorced,2.0,1.0,2.0,126.83,0.0,43.549,1,1,Loyal,25.366
16.0,21.0,4.0,Laptop & Accessory,1.0,Married,4.0,0.0,2.0,168.04,0.0,56.812,1,0,Loyal,33.608
4.0,7.0,4.0,Mobile Phone,4.0,Married,3.0,0.0,8.0,162.48,0.0,51.544,1,0,New,32.495999999999995
20.0,8.0,4.0,Mobile,2.0,Single,2.0,1.0,2.0,132.94,0.0,47.482,1,1,Loyal,26.588
0.0,33.0,3.0,Fashion,2.0,Divorced,2.0,0.0,9.0,176.39,0.0,54.117,1,0,,44.0975
9.0,14.0,4.0,Mobile,5.0,Married,1.0,0.0,3.0,123.42,0.0,41.326,1,0,Regular,24.684
3.0,35.0,3.0,Laptop & Accessory,5.0,Married,9.0,0.0,3.0,141.15,0.0,44.445,1,0,New,35.2875
3.0,30.0,2.0,Mobile Phone,3.0,Married,3.0,0.0,8.0,152.0,0.0,47.3,1,0,New,50.666666666666664
14.0,13.0,4.0,Grocery,1.0,Single,3.0,1.0,8.0,269.57500000000005,0.0,86.67250000000001,1,1,Loyal,53.915000000000006
19.0,19.0,3.0,Laptop & Accessory,4.0,Single,7.0,0.0,9.0,155.62,0.0,53.586000000000006,1,0,Loyal,38.905
9.0,29.0,3.0,Laptop & Accessory,4.0,Married,5.0,0.0,2.0,120.42,0.0,40.026,1,0,Regular,30.105
9.0,9.0,3.0,Mobile,3.0,Married,2.0,0.0,0.0,120.83,0.0,40.149,1,0,Regular,30.2075
9.0,14.0,3.0,Mobile,3.0,Single,5.0,0.0,9.0,125.19,0.0,41.457,1,0,Regular,31.2975
0.0,13.0,4.0,Fashion,2.0,Married,10.0,0.0,3.0,215.57,0.0,66.27099999999999,1,0,,43.114
4.0,12.0,2.0,Laptop & Accessory,2.0,Married,5.0,0.0,7.0,154.6,0.0,48.379999999999995,1,0,New,51.53333333333333
31.0,7.0,5.0,Laptop & Accessory,3.0,Single,9.0,0.0,4.0,179.73,0.0,65.219,1,0,VIP,29.955
25.0,25.0,3.0,Mobile Phone,1.0,Married,1.0,0.0,2.0,142.58,0.0,51.474000000000004,1,0,VIP,35.645
8.0,13.0,3.0,Fashion,3.0,Single,4.0,0.0,6.0,202.21,0.0,64.263,1,0,Regular,50.5525
0.0,24.0,1.5,Mobile,5.0,Married,1.0,0.0,0.0,129.56,0.0,39.468,1,0,,51.824
0.0,15.0,4.0,Mobile,3.0,Divorced,1.0,1.0,0.0,133.88,0.0,41.763999999999996,1,1,,26.776
9.0,15.0,4.0,Laptop & Accessory,3.0,Married,3.0,0.0,10.0,166.48,0.0,54.244,1,0,Regular,33.296
9.0,25.0,4.0,Laptop & Accessory,5.0,Married,2.0,0.0,5.0,71.37499999999997,0.0,25.71249999999999,1,0,Regular,14.274999999999995
11.0,14.0,4.0,Fashion,3.0,Single,6.0,0.0,3.0,261.64,0.0,83.39199999999998,1,0,Regular,52.327999999999996
9.0,26.0,3.0,Laptop & Accessory,3.0,Single,1.0,0.0,2.0,122.72,0.0,40.716,1,0,Regular,30.68
1.0,17.0,4.0,Laptop & Accessory,5.0,Single,3.0,0.0,9.0,167.13,0.0,52.038999999999994,1,0,New,33.426
0.0,14.0,3.0,Mobile,3.0,Single,2.0,1.0,7.0,123.94,0.0,38.382,1,1,,30.985
2.0,8.0,4.0,Laptop & Accessory,4.0,Married,3.0,0.0,0.0,166.44,0.0,52.132,1,0,New,33.288
5.0,8.0,3.0,Laptop & Accessory,3.0,Single,5.0,1.0,7.0,149.98,0.0,47.693999999999996,1,1,New,37.495
9.0,6.0,5.0,Fashion,5.0,Married,3.0,1.0,7.0,202.52,0.0,65.456,1,1,Regular,33.75333333333334
2.0,11.0,4.0,Laptop & Accessory,4.0,Married,2.0,1.0,9.0,141.87,0.0,44.761,1,1,New,28.374000000000002
14.0,12.0,3.0,Fashion,2.0,Single,4.0,1.0,0.0,235.91000000000005,0.0,76.17300000000002,1,1,Loyal,58.97750000000001
19.0,6.0,3.0,Fashion,5.0,Married,8.0,0.0,3.0,193.96,0.0,65.08800000000001,1,0,Loyal,48.49
1.0,14.0,4.0,Mobile Phone,3.0,Married,5.0,1.0,8.0,158.39,0.0,49.416999999999994,1,1,New,31.677999999999997
16.0,35.0,5.0,Laptop & Accessory,2.0,Divorced,2.0,0.0,5.0,170.23,0.0,57.86899999999999,1,0,Loyal,28.371666666666666
11.0,7.0,4.0,Fashion,1.0,Single,6.0,0.0,3.0,199.91,0.0,64.873,1,0,Regular,39.982
1.0,13.0,2.0,Mobile Phone,5.0,Divorced,3.0,1.0,1.0,141.01,0.0,43.40299999999999,1,1,New,47.00333333333333
7.0,9.0,5.0,Laptop & Accessory,5.0,Single,4.0,0.0,12.0,147.59,0.0,48.377,1,0,Regular,24.598333333333333
6.0,31.0,4.0,Laptop & Accessory,4.0,Single,2.0,0.0,2.0,143.2,0.0,46.35999999999999,1,0,New,28.639999999999997
12.0,9.0,5.0,Mobile Phone,4.0,Married,6.0,0.0,6.0,149.68,0.0,50.504000000000005,1,0,Regular,24.94666666666667
1.0,12.0,4.0,Mobile Phone,4.0,Single,3.0,1.0,1.0,143.78,0.0,45.034,1,1,New,28.756
1.0,29.0,4.0,Mobile Phone,3.0,Single,3.0,0.0,3.0,159.47,0.0,49.741,1,0,New,31.894
26.0,19.0,2.0,Laptop & Accessory,5.0,Married,2.0,0.0,3.0,144.5,0.0,51.949999999999996,1,0,VIP,48.166666666666664
16.0,7.0,5.0,Laptop & Accessory,1.0,Married,11.0,1.0,3.0,185.62,0.0,62.486,1,1,Loyal,30.936666666666667
0.0,14.0,4.0,Laptop & Accessory,5.0,Single,7.0,0.0,2.0,153.26,0.0,47.577999999999996,1,0,,30.651999999999997
17.0,14.0,1.5,Mobile,1.0,Married,3.0,1.0,2.0,128.18,0.0,44.154,1,1,Loyal,51.272000000000006
31.0,8.0,5.5,Fashion,1.0,Married,5.0,0.0,1.0,233.83,0.0,81.649,1,0,VIP,35.973846153846154
0.0,10.0,4.0,Mobile Phone,3.0,Single,6.0,0.0,2.0,138.94,0.0,43.282,1,0,,27.788
5.0,14.0,4.0,Laptop & Accessory,2.0,Married,6.0,0.0,8.0,200.47,0.0,63.241,1,0,New,40.094
19.0,9.0,5.0,Mobile Phone,3.0,Single,3.0,0.0,1.0,147.74,0.0,52.022000000000006,1,0,Loyal,24.623333333333335
8.0,9.0,5.0,Mobile Phone,3.0,Married,5.0,0.0,8.0,152.68,0.0,50.204,1,0,Regular,25.44666666666667
9.0,7.0,4.0,Laptop & Accessory,3.0,Single,3.0,0.0,4.0,173.59,0.0,56.377,1,0,Regular,34.718
31.0,7.0,4.0,Fashion,1.0,Married,5.0,1.0,5.0,244.04,0.0,84.11199999999998,1,1,VIP,48.808
9.0,13.0,3.0,Mobile,5.0,Single,4.0,0.0,2.0,120.62,0.0,40.086000000000006,1,0,Regular,30.155
6.0,16.0,4.0,Laptop & Accessory,1.0,Single,4.0,0.0,1.0,146.82,0.0,47.446,1,0,New,29.363999999999997
10.0,9.0,4.0,Mobile Phone,1.0,Single,5.0,1.0,3.0,151.44,0.0,50.032,1,1,Regular,30.288
1.0,15.0,4.0,Laptop & Accessory,3.0,Married,2.0,1.0,5.0,174.07,0.0,54.120999999999995,1,1,New,34.814
4.0,14.0,4.0,Mobile Phone,5.0,Single,5.0,1.0,4.0,146.66,0.0,46.798,1,1,New,29.332
18.0,8.0,5.0,Laptop & Accessory,3.0,Single,1.0,0.0,1.0,166.32,0.0,57.29599999999999,1,0,Loyal,27.72
18.0,32.0,4.0,Laptop & Accessory,5.0,Married,2.0,0.0,5.0,143.85,0.0,50.154999999999994,1,0,Loyal,28.77
5.0,10.0,4.0,Fashion,3.0,Married,11.0,0.0,3.0,261.75,0.0,81.62499999999999,1,0,New,52.35
3.0,8.0,4.0,Laptop & Accessory,2.0,Single,6.0,1.0,0.0,168.77,0.0,53.131,1,1,New,33.754000000000005
3.0,13.0,4.0,Mobile Phone,1.0,Married,3.0,0.0,9.0,156.31,0.0,49.393,1,0,New,31.262
27.0,31.0,2.0,Fashion,1.0,Married,5.0,0.0,3.0,195.05,0.0,67.41499999999999,1,0,VIP,65.01666666666667
13.0,13.0,3.0,Others,4.0,Single,2.0,0.0,8.0,269.57500000000005,0.0,85.97250000000003,1,0,Loyal,67.39375000000001
9.0,6.0,4.0,Mobile,3.0,Divorced,7.0,0.0,7.0,122.58,0.0,41.074000000000005,1,0,Regular,24.516
8.0,31.0,3.0,Fashion,3.0,Married,2.0,1.0,1.0,203.88,0.0,64.764,1,1,Regular,50.97
23.0,6.0,4.0,Mobile Phone,3.0,Married,3.0,0.0,2.0,136.9,0.0,49.57,1,0,Loyal,27.380000000000003
16.0,30.0,3.0,Fashion,5.0,Single,7.0,1.0,2.0,204.48,0.0,67.344,1,1,Loyal,51.12
12.0,21.0,4.0,Laptop & Accessory,4.0,Married,2.0,0.0,3.0,224.24,0.0,72.472,1,0,Regular,44.848
0.0,14.0,4.0,Mobile,5.0,Single,1.0,1.0,2.0,123.21,0.0,38.562999999999995,1,1,,24.642
19.0,7.0,2.0,Others,1.0,Married,2.0,0.0,8.0,269.57500000000005,0.0,87.37250000000002,1,0,Loyal,89.85833333333335
15.0,14.0,3.0,Laptop & Accessory,4.0,Married,1.0,0.0,2.0,168.25,0.0,56.175000000000004,1,0,Loyal,42.0625
15.0,8.0,4.0,Laptop & Accessory,5.0,Married,2.0,0.0,8.0,166.03,0.0,55.909,1,0,Loyal,33.206
8.0,13.0,4.0,Mobile,1.0,Married,2.0,0.0,1.0,126.9,0.0,42.07,1,0,Regular,25.380000000000003
16.0,33.0,4.0,Grocery,4.0,Married,7.0,0.0,9.0,260.25,0.0,84.475,1,0,Loyal,52.05
9.0,8.0,3.0,Mobile,4.0,Married,5.0,0.0,2.0,121.87,0.0,40.461000000000006,1,0,Regular,30.4675
14.0,9.0,4.0,Mobile Phone,5.0,Married,6.0,0.0,3.0,158.77,0.0,53.431000000000004,1,0,Loyal,31.754
1.0,9.0,5.0,Laptop & Accessory,4.0,Single,9.0,1.0,3.0,224.07,0.0,69.52099999999999,1,1,New,37.345
0.0,10.0,2.0,Mobile,5.0,Divorced,3.0,0.0,2.0,128.19,0.0,39.257,1,0,,42.73
26.0,18.0,4.0,Laptop & Accessory,3.0,Divorced,10.0,0.0,5.0,156.49,0.0,56.347,1,0,VIP,31.298000000000002
7.0,17.0,4.0,Laptop & Accessory,4.0,Married,5.0,0.0,8.0,144.9,0.0,47.17,1,0,Regular,28.98
3.0,17.0,5.0,Laptop & Accessory,4.0,Married,3.0,1.0,8.0,207.68,0.0,65.20400000000001,1,1,New,34.61333333333334
7.0,11.0,5.0,Mobile Phone,4.0,Divorced,8.0,0.0,2.0,151.22,0.0,49.466,1,0,Regular,25.203333333333333
6.0,16.0,3.0,Laptop & Accessory,3.0,Single,2.0,0.0,9.0,154.87,0.0,49.461,1,0,New,38.7175
5.0,7.0,5.0,Mobile Phone,5.0,Divorced,3.0,0.0,3.0,147.18,0.0,47.654,1,0,New,24.53
23.0,6.0,4.0,Mobile Phone,3.0,Divorced,3.0,0.0,2.0,136.9,0.0,49.57,1,0,Loyal,27.380000000000003
0.0,9.0,4.0,Fashion,2.0,Divorced,2.0,1.0,7.0,203.25,0.0,62.574999999999996,1,1,,40.65
14.0,16.0,4.0,Laptop & Accessory,5.0,Married,2.0,0.0,2.0,179.73,0.0,59.719,1,0,Loyal,35.946
1.0,7.0,5.5,Mobile Phone,5.0,Single,2.0,0.0,1.0,148.25,0.0,46.975,1,0,New,22.807692307692307
20.0,15.0,5.0,Laptop & Accessory,5.0,Married,10.0,1.0,8.0,171.15,0.0,59.345,1,1,Loyal,28.525000000000002
21.0,33.0,4.0,Others,3.0,Married,5.0,0.0,1.0,269.57500000000005,0.0,88.77250000000001,1,0,Loyal,53.915000000000006
9.0,23.0,4.0,Fashion,4.0,Married,2.0,0.0,10.0,205.2,0.0,65.86,1,0,Regular,41.04
27.0,16.0,3.0,Laptop & Accessory,5.0,Single,7.0,1.0,4.0,144.4,0.0,52.620000000000005,1,1,VIP,36.1
8.0,6.0,3.0,Fashion,4.0,Divorced,2.0,0.0,6.0,172.95,0.0,55.485,1,0,Regular,43.2375
29.0,15.0,5.0,Grocery,4.0,Married,3.0,1.0,1.0,260.77,0.0,88.931,1,1,VIP,43.461666666666666
2.0,14.0,1.5,Mobile,3.0,Married,7.0,0.0,0.0,124.51,0.0,38.553000000000004,1,0,New,49.804
29.0,15.0,3.0,Grocery,1.0,Married,8.0,0.0,3.0,211.03,0.0,73.209,1,0,VIP,52.7575
22.0,17.0,5.0,Others,4.0,Married,6.0,0.0,10.0,269.57500000000005,0.0,89.47250000000001,1,0,Loyal,44.929166666666674
12.0,9.0,4.0,Mobile Phone,4.0,Married,7.0,0.0,9.0,150.92,0.0,50.476,1,0,Regular,30.183999999999997
11.0,12.0,4.0,Laptop & Accessory,3.0,Married,3.0,0.0,7.0,153.21,0.0,50.863,1,0,Regular,30.642000000000003
1.0,14.0,5.0,Laptop & Accessory,5.0,Single,10.0,0.0,8.0,193.11,0.0,60.233,1,0,New,32.185
9.0,27.0,3.0,Laptop & Accessory,4.0,Married,5.0,0.0,7.0,189.26,0.0,60.678000000000004,1,0,Regular,47.315
17.0,13.0,5.0,Grocery,2.0,Married,6.0,1.0,1.0,269.57500000000005,0.0,87.97250000000001,1,1,Loyal,44.929166666666674
11.0,24.0,5.0,Laptop & Accessory,1.0,Married,4.0,1.0,0.0,158.11,0.0,52.733,1,1,Regular,26.35166666666667
15.0,6.0,3.0,Laptop & Accessory,3.0,Married,2.0,0.0,6.0,149.07,0.0,50.421,1,0,Loyal,37.2675
0.0,14.0,3.0,Mobile,2.0,Divorced,2.0,1.0,0.0,125.15,0.0,38.745000000000005,1,1,,31.2875
14.0,6.0,1.5,Fashion,5.0,Married,2.0,0.0,7.0,183.92,0.0,59.976,1,0,Loyal,73.568
8.0,24.0,1.5,Laptop & Accessory,5.0,Married,2.0,0.0,10.0,152.08,0.0,48.624,1,0,Regular,60.83200000000001
9.0,13.0,3.0,Mobile,3.0,Married,1.0,1.0,7.0,123.08,0.0,40.824000000000005,1,1,Regular,30.77
1.0,11.0,4.0,Mobile Phone,2.0,Single,3.0,1.0,3.0,153.75,0.0,48.025,1,1,New,30.75
9.0,6.0,3.0,Mobile,2.0,Married,4.0,0.0,2.0,122.7,0.0,40.71000000000001,1,0,Regular,30.675
8.0,16.0,5.0,Fashion,4.0,Single,3.0,0.0,3.0,211.21,0.0,67.763,1,0,Regular,35.20166666666667
6.0,12.0,3.0,Laptop & Accessory,1.0,Married,4.0,0.0,7.0,177.25,0.0,56.175,1,0,New,44.3125
0.0,26.0,5.0,Laptop & Accessory,3.0,Married,4.0,1.0,2.0,145.59,0.0,45.677,1,1,,24.265
23.0,9.0,4.0,Others,1.0,Married,5.0,0.0,4.0,269.57500000000005,0.0,89.37250000000002,1,0,Loyal,53.915000000000006
19.0,8.0,4.0,Laptop & Accessory,3.0,Single,6.0,0.0,4.0,178.99,0.0,60.99700000000001,1,0,Loyal,35.798
15.0,13.0,4.0,Fashion,3.0,Single,3.0,0.0,3.0,217.41,0.0,71.323,1,0,Loyal,43.482
10.0,17.0,5.0,Laptop & Accessory,3.0,Married,3.0,1.0,8.0,181.73,0.0,59.519,1,1,Regular,30.28833333333333
19.0,12.0,5.5,Laptop & Accessory,5.0,Single,3.0,1.0,5.0,182.69,0.0,62.707,1,1,Loyal,28.106153846153845
7.0,9.0,4.0,Laptop & Accessory,4.0,Single,10.0,0.0,8.0,176.47,0.0,56.641,1,0,Regular,35.294
10.0,7.0,5.0,Laptop & Accessory,1.0,Married,2.0,0.0,3.0,195.25,0.0,63.574999999999996,1,0,Regular,32.541666666666664
0.0,8.0,4.0,Mobile,2.0,Single,8.0,0.0,0.0,127.85,0.0,39.955,1,0,,25.57
2.0,14.0,4.0,Laptop & Accessory,5.0,Single,2.0,0.0,4.0,173.98,0.0,54.394,1,0,New,34.796
17.0,8.0,1.5,Fashion,1.0,Married,2.0,1.0,7.0,178.79,0.0,59.336999999999996,1,1,Loyal,71.51599999999999
2.0,16.0,3.0,Mobile,4.0,Married,1.0,0.0,1.0,132.91,0.0,41.673,1,0,New,33.2275
27.0,11.0,3.0,Others,5.0,Married,5.0,0.0,2.0,269.57500000000005,0.0,90.17250000000001,1,0,VIP,67.39375000000001
22.0,10.0,4.0,Others,3.0,Divorced,3.0,0.0,0.0,269.57500000000005,0.0,89.0725,1,0,Loyal,53.915000000000006
1.0,32.0,4.0,Laptop & Accessory,5.0,Divorced,2.0,0.0,4.0,147.24,0.0,46.072,1,0,New,29.448
0.0,29.0,3.0,Fashion,5.0,Married,10.0,1.0,2.0,199.5,0.0,61.05,1,1,,49.875
12.0,36.0,4.0,Laptop & Accessory,1.0,Single,3.0,0.0,10.0,149.06,0.0,49.918,1,0,Regular,29.812
1.0,7.0,4.0,Mobile Phone,4.0,Single,3.0,1.0,5.0,157.02,0.0,49.006,1,1,New,31.404000000000003
1.0,6.0,5.0,Laptop & Accessory,2.0,Divorced,1.0,0.0,5.0,166.74,0.0,52.321999999999996,1,0,New,27.790000000000003
17.0,14.0,4.0,Fashion,5.0,Divorced,10.0,0.0,3.0,224.85,0.0,74.15499999999999,1,0,Loyal,44.97
20.0,21.0,4.0,Mobile Phone,4.0,Married,11.0,1.0,4.0,174.63,0.0,59.989,1,1,Loyal,34.926
9.0,30.0,3.0,Laptop & Accessory,4.0,Married,8.0,0.0,8.0,156.74,0.0,50.922000000000004,1,0,Regular,39.185
11.0,26.0,4.0,Fashion,4.0,Single,3.0,1.0,10.0,201.42,0.0,65.326,1,1,Regular,40.284
5.0,17.0,4.0,Laptop & Accessory,1.0,Married,4.0,1.0,5.0,190.83,0.0,60.349000000000004,1,1,New,38.166000000000004
8.0,14.0,3.0,Mobile,2.0,Divorced,2.0,0.0,2.0,125.72,0.0,41.316,1,0,Regular,31.43
0.0,8.0,4.0,Mobile Phone,2.0,Single,2.0,0.0,0.0,111.02,0.0,34.906,1,0,,22.204
8.0,6.0,3.0,Laptop & Accessory,3.0,Single,2.0,0.0,3.0,148.59,0.0,48.177,1,0,Regular,37.1475
15.0,9.0,4.0,Grocery,4.0,Single,3.0,0.0,5.0,269.57500000000005,0.0,86.97250000000001,1,0,Loyal,53.915000000000006
0.0,12.0,5.0,Laptop & Accessory,3.0,Divorced,5.0,1.0,7.0,161.72,0.0,50.516,1,1,,26.953333333333333
1.0,29.0,4.0,Laptop & Accessory,3.0,Married,3.0,1.0,8.0,186.79,0.0,57.937,1,1,New,37.358
3.0,20.0,5.0,Laptop & Accessory,4.0,Married,6.0,1.0,4.0,165.25,0.0,52.474999999999994,1,1,New,27.541666666666668
7.0,11.0,5.0,Mobile Phone,4.0,Divorced,10.0,0.0,3.0,163.38,0.0,53.114,1,0,Regular,27.23
5.0,14.0,4.0,Laptop & Accessory,4.0,Divorced,2.0,1.0,9.0,152.28,0.0,48.784,1,1,New,30.456
0.0,15.0,3.0,Mobile Phone,1.0,Single,2.0,0.0,0.0,110.81,0.0,34.443000000000005,1,0,,27.7025
1.0,30.0,5.0,Laptop & Accessory,3.0,Married,3.0,0.0,9.0,160.4,0.0,50.419999999999995,1,0,New,26.733333333333334
10.0,6.0,5.0,Laptop & Accessory,1.0,Married,2.0,0.0,3.0,195.25,0.0,63.574999999999996,1,0,Regular,32.541666666666664
22.0,14.0,4.0,Laptop & Accessory,4.0,Married,2.0,0.0,7.0,151.3,0.0,53.59,1,0,Loyal,30.26
7.0,10.0,3.0,Fashion,1.0,Married,3.0,1.0,0.0,197.13,0.0,62.439,1,1,Regular,49.2825
13.0,14.0,3.0,Mobile,4.0,Married,4.0,0.0,3.0,123.87,0.0,42.261,1,0,Loyal,30.9675
14.0,12.0,3.0,Mobile Phone,5.0,Single,3.0,1.0,14.5,147.21,0.0,49.56300000000001,1,1,Loyal,36.8025
6.0,9.0,4.0,Mobile Phone,4.0,Married,3.0,0.0,8.0,148.7,0.0,48.00999999999999,1,0,New,29.74
0.0,21.0,3.0,Mobile,1.0,Single,2.0,0.0,0.0,128.71,0.0,39.813,1,0,,32.1775
27.0,14.0,4.0,Others,3.0,Married,5.0,0.0,8.0,269.57500000000005,0.0,90.5725,1,0,VIP,53.915000000000006
4.0,18.0,3.0,Mobile Phone,2.0,Divorced,9.0,1.0,2.0,139.29,0.0,44.187000000000005,1,1,New,34.8225
6.0,9.0,4.0,Laptop & Accessory,4.0,Divorced,2.0,1.0,3.0,165.78,0.0,53.134,1,1,New,33.156
14.0,9.0,4.0,Laptop & Accessory,4.0,Married,9.0,0.0,4.0,182.15,0.0,60.44500000000001,1,0,Loyal,36.43
0.0,16.0,4.0,Laptop & Accessory,1.0,Married,2.0,1.0,4.0,157.69,0.0,48.907,1,1,,31.538
13.0,6.0,5.0,Others,2.0,Divorced,3.0,0.0,4.0,269.57500000000005,0.0,86.77250000000002,1,0,Loyal,44.929166666666674
0.0,15.0,4.0,Mobile Phone,5.0,Married,4.0,0.0,2.0,144.0,0.0,44.8,1,0,,28.8
1.0,18.0,4.0,Mobile Phone,5.0,Divorced,2.0,0.0,5.0,145.99,0.0,45.697,1,0,New,29.198
6.0,14.0,1.5,Mobile,5.0,Married,7.0,0.0,6.0,131.43,0.0,41.829,1,0,New,52.572
1.0,35.0,5.0,Laptop & Accessory,3.0,Married,4.0,0.0,3.0,211.39,0.0,65.717,1,0,New,35.23166666666666
16.0,30.0,5.0,Laptop & Accessory,3.0,Single,3.0,0.0,8.0,168.32,0.0,57.29599999999999,1,0,Loyal,28.05333333333333
9.0,25.0,4.0,Fashion,1.0,Single,4.0,0.0,3.0,218.62,0.0,69.886,1,0,Regular,43.724000000000004
23.0,6.0,3.0,Laptop & Accessory,3.0,Married,1.0,0.0,13.0,163.47,0.0,57.141,1,0,Loyal,40.8675
30.0,13.0,3.0,Others,5.0,Married,6.0,0.0,10.0,269.57500000000005,0.0,91.07250000000002,1,0,VIP,67.39375000000001
24.0,16.0,4.0,Others,3.0,Married,6.0,1.0,1.0,269.57500000000005,0.0,89.67250000000001,1,1,Loyal,53.915000000000006
1.0,16.0,4.0,Mobile Phone,4.0,Married,8.0,0.0,3.0,145.24,0.0,45.472,1,0,New,29.048000000000002
20.0,25.0,4.0,Laptop & Accessory,3.0,Married,4.0,0.0,9.0,173.1,0.0,59.53,1,0,Loyal,34.62
16.0,18.0,4.0,Grocery,4.0,Married,2.0,0.0,9.0,243.36,0.0,79.40799999999999,1,0,Loyal,48.672000000000004
10.0,6.0,3.0,Fashion,1.0,Single,5.0,0.0,2.0,174.91,0.0,56.673,1,0,Regular,43.7275
16.0,10.0,4.0,Fashion,1.0,Single,4.0,0.0,14.5,202.31,0.0,67.093,1,0,Loyal,40.462
18.0,15.0,3.0,Fashion,5.0,Married,5.0,1.0,2.0,207.61,0.0,68.88300000000001,1,1,Loyal,51.9025
6.0,23.0,3.0,Grocery,3.0,Single,2.0,0.0,0.0,269.57500000000005,0.0,83.87250000000002,1,0,New,67.39375000000001
8.0,26.0,4.0,Laptop & Accessory,4.0,Married,6.0,0.0,11.0,169.44,0.0,54.832,1,0,Regular,33.888
7.0,14.0,4.0,Laptop & Accessory,3.0,Married,3.0,0.0,9.0,184.68,0.0,59.104000000000006,1,0,Regular,36.936
9.0,12.0,4.0,Mobile,3.0,Married,1.0,0.0,3.0,121.87,0.0,40.861000000000004,1,0,Regular,24.374000000000002
10.0,7.0,4.0,Laptop & Accessory,4.0,Divorced,2.0,0.0,6.0,177.28,0.0,57.784,1,0,Regular,35.456
26.0,7.0,5.0,Others,3.0,Married,2.0,0.0,10.0,269.57500000000005,0.0,90.67250000000001,1,0,VIP,44.929166666666674
27.0,23.0,3.0,Fashion,3.0,Divorced,9.0,0.0,8.0,207.39,0.0,71.517,1,0,VIP,51.8475
29.0,21.0,3.0,Others,4.0,Single,10.0,0.0,14.5,269.57500000000005,0.0,90.77250000000002,1,0,VIP,67.39375000000001
0.0,9.0,3.0,Mobile,5.0,Single,1.0,0.0,4.0,131.02,0.0,40.50600000000001,1,0,,32.755
1.0,12.0,4.0,Mobile Phone,3.0,Single,3.0,1.0,1.0,153.51,0.0,47.952999999999996,1,1,New,30.701999999999998
3.0,11.0,5.0,Mobile Phone,5.0,Married,3.0,0.0,1.0,146.09,0.0,46.727,1,0,New,24.348333333333333
13.0,20.0,4.0,Others,3.0,Single,2.0,0.0,9.0,269.57500000000005,0.0,86.37250000000002,1,0,Loyal,53.915000000000006
6.0,12.0,2.0,Mobile Phone,1.0,Married,5.0,0.0,3.0,158.12,0.0,50.035999999999994,1,0,New,52.70666666666667
2.0,26.0,3.0,Laptop & Accessory,1.0,Married,3.0,0.0,2.0,169.31,0.0,52.593,1,0,New,42.3275
6.0,9.0,3.0,Laptop & Accessory,2.0,Single,9.0,0.0,8.0,175.55,0.0,55.665,1,0,New,43.8875
9.0,6.0,3.0,Laptop & Accessory,4.0,Divorced,1.0,0.0,5.0,152.28,0.0,49.584,1,0,Regular,38.07
9.0,10.0,3.0,Laptop & Accessory,4.0,Married,8.0,0.0,2.0,151.31,0.0,49.293000000000006,1,0,Regular,37.8275
22.0,11.0,4.0,Fashion,2.0,Single,3.0,0.0,9.0,203.98,0.0,69.39399999999999,1,0,Loyal,40.796
11.0,12.0,4.0,Mobile Phone,3.0,Married,2.0,0.0,4.0,137.02,0.0,46.006,1,0,Regular,27.404000000000003
11.0,21.0,4.0,Fashion,1.0,Married,1.0,1.0,3.0,215.1,0.0,69.42999999999999,1,1,Regular,43.019999999999996
10.0,10.0,3.0,Mobile,3.0,Married,8.0,1.0,3.0,129.96,0.0,43.188,1,1,Regular,32.49
9.0,8.0,4.0,Laptop & Accessory,1.0,Single,2.0,0.0,8.0,138.86,0.0,45.958000000000006,1,0,Regular,27.772000000000002
1.0,9.0,5.0,Mobile Phone,2.0,Single,3.0,0.0,1.0,150.64,0.0,47.49199999999999,1,0,New,25.106666666666666
4.0,14.0,4.0,Mobile,4.0,Single,1.0,1.0,2.0,126.57,0.0,40.771,1,1,New,25.314
21.0,12.0,4.0,Laptop & Accessory,3.0,Single,3.0,0.0,2.0,142.4,0.0,50.62,1,0,Loyal,28.48
1.0,23.0,4.0,Mobile Phone,4.0,Married,11.0,0.0,3.0,153.11,0.0,47.833,1,0,New,30.622000000000003
9.0,7.0,5.0,Mobile Phone,3.0,Divorced,8.0,0.0,8.0,147.58,0.0,48.974000000000004,1,0,Regular,24.596666666666668
8.0,11.0,4.0,Laptop & Accessory,3.0,Married,11.0,0.0,3.0,190.38,0.0,61.114,1,0,Regular,38.076
9.0,16.0,4.0,Laptop & Accessory,3.0,Single,3.0,0.0,9.0,175.98,0.0,57.094,1,0,Regular,35.196
24.0,9.0,4.0,Grocery,3.0,Divorced,7.0,0.0,4.0,269.57500000000005,0.0,89.67250000000001,1,0,Loyal,53.915000000000006
0.0,14.0,4.0,Mobile,4.0,Married,2.0,0.0,0.0,125.96,0.0,39.388,1,0,,25.192
9.0,23.0,5.0,Mobile,3.0,Married,2.0,0.0,2.0,123.05,0.0,41.615,1,0,Regular,20.508333333333333
18.0,12.0,5.0,Mobile Phone,3.0,Single,5.0,0.0,4.0,156.62,0.0,54.385999999999996,1,0,Loyal,26.103333333333335
1.0,10.0,4.0,Mobile Phone,3.0,Single,3.0,0.0,8.0,165.84,0.0,51.652,1,0,New,33.168
9.0,35.0,5.0,Mobile Phone,3.0,Married,2.0,0.0,3.0,149.3,0.0,49.49,1,0,Regular,24.883333333333336
7.0,25.0,3.0,Laptop & Accessory,4.0,Married,5.0,0.0,10.0,144.44,0.0,46.632000000000005,1,0,Regular,36.11
1.0,26.0,4.0,Mobile Phone,1.0,Married,5.0,0.0,3.0,161.69,0.0,50.407,1,0,New,32.338
11.0,15.0,4.0,Laptop & Accessory,4.0,Married,4.0,0.0,8.0,165.71,0.0,54.613,1,0,Regular,33.142
7.0,15.0,4.0,Laptop & Accessory,3.0,Married,2.0,0.0,3.0,196.04,0.0,62.512,1,0,Regular,39.208
5.0,14.0,4.0,Mobile,4.0,Divorced,7.0,0.0,2.0,123.32,0.0,40.096,1,0,New,24.663999999999998
9.0,25.0,4.0,Laptop & Accessory,3.0,Divorced,3.0,0.0,1.0,171.01,0.0,55.603,1,0,Regular,34.202
3.0,14.0,4.0,Mobile Phone,5.0,Single,5.0,0.0,3.0,145.62,0.0,46.186,1,0,New,29.124000000000002
14.0,9.0,5.0,Mobile Phone,2.0,Single,2.0,1.0,4.0,148.42,0.0,50.726,1,1,Loyal,24.736666666666665
1.0,12.0,4.0,Mobile Phone,5.0,Single,3.0,1.0,3.0,148.8,0.0,46.54,1,1,New,29.76
0.0,29.0,3.0,Fashion,5.0,Married,10.0,1.0,2.0,199.5,0.0,61.05,1,1,,49.875
0.0,35.0,4.0,Mobile,4.0,Single,1.0,0.0,4.0,134.79,0.0,42.037,1,0,,26.958
13.0,31.0,4.0,Laptop & Accessory,1.0,Single,9.0,0.0,8.0,166.08,0.0,55.324000000000005,1,0,Loyal,33.216
17.0,6.0,3.0,Laptop & Accessory,3.0,Divorced,8.0,0.0,0.0,147.68,0.0,50.604000000000006,1,0,Loyal,36.92
0.0,29.0,4.0,Fashion,5.0,Married,2.0,0.0,10.0,173.36,0.0,53.608000000000004,1,0,,34.672000000000004
19.0,35.0,5.0,Grocery,4.0,Single,3.0,0.0,7.0,269.57500000000005,0.0,88.57250000000002,1,0,Loyal,44.929166666666674
18.0,8.0,4.0,Laptop & Accessory,1.0,Married,2.0,0.0,9.0,157.7,0.0,54.309999999999995,1,0,Loyal,31.54
13.0,18.0,4.0,Fashion,2.0,Divorced,3.0,0.0,8.0,201.54,0.0,65.962,1,0,Loyal,40.308
12.0,7.0,4.0,Mobile Phone,5.0,Single,5.0,0.0,1.0,151.19,0.0,50.557,1,0,Regular,30.238
0.0,11.0,3.0,Mobile Phone,2.0,Single,2.0,0.0,0.0,110.51,0.0,34.353,1,0,,27.6275
13.0,18.0,4.0,Fashion,1.0,Married,3.0,0.0,8.0,201.54,0.0,65.962,1,0,Loyal,40.308
14.0,10.0,5.0,Laptop & Accessory,4.0,Married,7.0,0.0,2.0,164.3,0.0,55.49,1,0,Loyal,27.383333333333336
8.0,7.0,2.0,Laptop & Accessory,2.0,Married,2.0,0.0,3.0,222.25,0.0,69.875,1,0,Regular,74.08333333333333
16.0,7.0,4.0,Laptop & Accessory,3.0,Married,3.0,0.0,7.0,174.07,0.0,58.620999999999995,1,0,Loyal,34.814
7.0,8.0,4.0,Laptop & Accessory,5.0,Married,7.0,0.0,9.0,159.57,0.0,51.571,1,0,Regular,31.913999999999998
0.0,29.0,4.0,Laptop & Accessory,3.0,Divorced,4.0,1.0,1.0,159.16,0.0,49.348,1,1,,31.832
8.0,8.0,4.0,Fashion,1.0,Single,3.0,0.0,3.0,223.88,0.0,71.164,1,0,Regular,44.775999999999996
2.0,8.0,3.0,Laptop & Accessory,2.0,Single,2.0,0.0,9.0,145.54,0.0,45.462,1,0,New,36.385
20.0,14.0,4.0,Mobile,1.0,Married,10.0,1.0,0.0,123.8,0.0,44.74,1,1,Loyal,24.759999999999998
2.0,24.0,4.0,Laptop & Accessory,5.0,Married,3.0,0.0,9.0,170.58,0.0,53.374,1,0,New,34.116
0.0,14.0,4.0,Mobile,3.0,Married,2.0,1.0,7.0,123.66,0.0,38.698,1,1,,24.732
8.0,15.0,4.0,Fashion,3.0,Married,2.0,1.0,14.5,206.85,0.0,66.05499999999999,1,1,Regular,41.37
4.0,32.0,4.0,Laptop & Accessory,3.0,Divorced,9.0,1.0,3.0,172.36,0.0,54.50800000000001,1,1,New,34.472
21.0,23.0,2.0,Laptop & Accessory,3.0,Married,3.0,1.0,8.0,175.67,0.0,59.80099999999999,1,1,Loyal,58.556666666666665
15.0,8.0,4.0,Mobile Phone,1.0,Married,5.0,0.0,1.0,152.82,0.0,51.946,1,0,Loyal,30.564
13.0,16.0,4.0,Laptop & Accessory,4.0,Single,12.0,0.0,4.0,192.82,0.0,63.346,1,0,Loyal,38.564
10.0,24.0,5.0,Laptop & Accessory,4.0,Married,4.0,0.0,4.0,180.07,0.0,59.020999999999994,1,0,Regular,30.011666666666667
4.0,13.0,1.5,Laptop & Accessory,1.0,Married,5.0,0.0,7.0,169.29,0.0,52.587,1,0,New,67.716
1.0,9.0,4.0,Mobile Phone,4.0,Married,11.0,0.0,3.0,159.68,0.0,49.804,1,0,New,31.936
0.0,17.0,2.0,Laptop & Accessory,3.0,Divorced,9.0,0.0,2.0,147.07,0.0,44.92099999999999,1,0,,49.02333333333333
3.0,30.0,3.0,Mobile,3.0,Married,2.0,0.0,0.0,126.93,0.0,40.179,1,0,New,31.7325
10.0,9.0,4.0,Mobile Phone,3.0,Single,6.0,0.0,10.0,150.19,0.0,49.657,1,0,Regular,30.038
24.0,9.0,4.0,Grocery,3.0,Married,7.0,0.0,4.0,269.57500000000005,0.0,89.67250000000001,1,0,Loyal,53.915000000000006
7.0,8.0,3.0,Laptop & Accessory,2.0,Single,2.0,0.0,4.0,162.74,0.0,52.12200000000001,1,0,Regular,40.685
8.0,7.0,2.0,Mobile Phone,1.0,Single,4.0,0.0,4.0,157.8,0.0,50.54,1,0,Regular,52.6
7.0,7.0,2.0,Laptop & Accessory,4.0,Married,3.0,1.0,3.0,179.88,0.0,56.864,1,1,Regular,59.96
0.0,9.0,4.0,Mobile,1.0,Married,1.0,1.0,0.0,128.53,0.0,40.159,1,1,,25.706
16.0,9.0,4.0,Mobile Phone,3.0,Married,2.0,1.0,1.0,151.96,0.0,51.988,1,1,Loyal,30.392000000000003
9.0,9.0,3.0,Laptop & Accessory,4.0,Single,5.0,0.0,7.0,144.85,0.0,47.355000000000004,1,0,Regular,36.2125
28.0,18.0,4.0,Grocery,1.0,Married,5.0,0.0,13.0,269.57500000000005,0.0,90.87250000000002,1,0,VIP,53.915000000000006
0.0,6.0,4.0,Laptop & Accessory,2.0,Divorced,7.0,0.0,2.0,147.75,0.0,45.925,1,0,,29.55
1.0,22.0,4.0,Fashion,3.0,Married,9.0,1.0,8.0,261.1,0.0,80.22999999999999,1,1,New,52.220000000000006
9.0,9.0,3.0,Mobile Phone,4.0,Married,2.0,0.0,7.0,136.92,0.0,44.976,1,0,Regular,34.23
29.0,27.0,4.0,Laptop & Accessory,1.0,Married,5.0,1.0,9.0,179.15,0.0,64.045,1,1,VIP,35.83
0.0,13.0,5.0,Laptop & Accessory,3.0,Single,2.0,1.0,6.0,160.74,0.0,50.222,1,1,,26.790000000000003
9.0,17.0,4.0,Laptop & Accessory,3.0,Single,5.0,1.0,5.0,186.42,0.0,60.226,1,1,Regular,37.284
8.0,17.0,4.0,Laptop & Accessory,3.0,Married,3.0,1.0,8.0,165.01,0.0,53.50299999999999,1,1,Regular,33.001999999999995
2.0,13.0,3.0,Laptop & Accessory,1.0,Married,2.0,1.0,0.0,166.23,0.0,51.669,1,1,New,41.5575
29.0,9.0,5.0,Grocery,5.0,Single,9.0,0.0,3.0,269.57500000000005,0.0,91.57250000000002,1,0,VIP,44.929166666666674
7.0,24.0,4.0,Grocery,3.0,Single,3.0,0.0,1.0,269.57500000000005,0.0,84.5725,1,0,Regular,53.915000000000006
20.0,10.0,4.0,Grocery,3.0,Divorced,5.0,0.0,10.0,269.57500000000005,0.0,88.47250000000001,1,0,Loyal,53.915000000000006
6.0,36.0,4.0,Mobile Phone,3.0,Single,11.0,0.0,8.0,165.25,0.0,52.974999999999994,1,0,New,33.05
27.0,8.0,4.0,Fashion,3.0,Divorced,7.0,0.0,0.0,206.86,0.0,71.758,1,0,VIP,41.372
3.0,7.0,4.0,Laptop & Accessory,5.0,Married,2.0,0.0,3.0,178.73,0.0,56.11899999999999,1,0,New,35.745999999999995
31.0,14.0,2.0,Laptop & Accessory,2.0,Married,2.0,1.0,10.0,177.2,0.0,63.25999999999999,1,1,VIP,59.06666666666666
9.0,12.0,1.5,Mobile Phone,5.0,Married,2.0,1.0,0.0,116.01,0.0,38.103,1,1,Regular,46.404
30.0,9.0,4.0,Laptop & Accessory,2.0,Single,6.0,0.0,5.0,151.71,0.0,56.113,1,0,VIP,30.342000000000002
9.0,9.0,3.0,Mobile,4.0,Single,5.0,0.0,2.0,120.88,0.0,40.164,1,0,Regular,30.22
1.0,23.0,4.0,Laptop & Accessory,5.0,Single,7.0,0.0,3.0,178.24,0.0,55.372,1,0,New,35.648
15.0,21.0,4.0,Mobile Phone,3.0,Married,6.0,0.0,9.0,149.51,0.0,50.952999999999996,1,0,Loyal,29.901999999999997
18.0,36.0,4.0,Laptop & Accessory,1.0,Single,3.0,0.0,14.5,170.41,0.0,58.123,1,0,Loyal,34.082
15.0,14.0,3.0,Others,1.0,Married,2.0,0.0,9.0,269.57500000000005,0.0,86.57250000000002,1,0,Loyal,67.39375000000001
20.0,9.0,4.0,Fashion,1.0,Married,5.0,0.0,3.0,210.78,0.0,70.83399999999999,1,0,Loyal,42.156
4.0,32.0,4.0,Laptop & Accessory,3.0,Married,9.0,1.0,3.0,172.36,0.0,54.50800000000001,1,1,New,34.472
9.0,9.0,4.0,Laptop & Accessory,5.0,Married,4.0,0.0,1.0,175.93,0.0,57.07900000000001,1,0,Regular,35.186
2.0,12.0,4.0,Mobile,4.0,Married,2.0,0.0,0.0,128.04,0.0,40.612,1,0,New,25.607999999999997
0.0,15.0,3.0,Mobile Phone,5.0,Single,8.0,0.0,4.0,142.0,0.0,43.800000000000004,1,0,,35.5
9.0,10.0,5.0,Mobile Phone,3.0,Married,3.0,0.0,1.0,137.81,0.0,46.043,1,0,Regular,22.968333333333334
1.0,21.0,4.0,Mobile Phone,5.0,Married,3.0,1.0,9.0,147.35,0.0,46.105,1,1,New,29.47
6.0,16.0,5.5,Laptop & Accessory,1.0,Married,2.0,0.0,8.0,171.68,0.0,55.504,1,0,New,26.412307692307692
1.0,31.0,5.5,Mobile Phone,2.0,Single,3.0,1.0,1.0,136.18,0.0,43.354,1,1,New,20.950769230769232
20.0,8.0,3.0,Laptop & Accessory,1.0,Married,6.0,0.0,4.0,150.7,0.0,52.41,1,0,Loyal,37.675
12.0,30.0,3.0,Laptop & Accessory,1.0,Single,8.0,0.0,7.0,141.08,0.0,47.12400000000001,1,0,Regular,35.27
31.0,13.0,4.0,Mobile Phone,3.0,Married,10.0,0.0,3.0,147.67,0.0,55.20099999999999,1,0,VIP,29.534
1.0,21.0,4.0,Mobile Phone,1.0,Married,7.0,1.0,5.0,149.36,0.0,46.708,1,1,New,29.872000000000003
1.0,7.0,4.0,Laptop & Accessory,3.0,Divorced,2.0,0.0,3.0,173.98,0.0,54.093999999999994,1,0,New,34.796
10.0,31.0,3.0,Laptop & Accessory,3.0,Married,4.0,1.0,7.0,144.49,0.0,47.547000000000004,1,1,Regular,36.1225
3.0,10.0,5.0,Fashion,3.0,Divorced,3.0,0.0,8.0,244.35,0.0,76.205,1,0,New,40.725
4.0,10.0,1.5,Mobile Phone,3.0,Married,9.0,0.0,2.0,139.78,0.0,43.734,1,0,New,55.912
4.0,11.0,3.0,Mobile,4.0,Married,2.0,0.0,2.0,127.89,0.0,40.767,1,0,New,31.9725
4.0,7.0,4.0,Mobile Phone,4.0,Divorced,2.0,1.0,8.0,160.79,0.0,51.037,1,1,New,32.158
5.0,9.0,5.5,Mobile Phone,1.0,Married,3.0,1.0,1.0,136.29,0.0,44.586999999999996,1,1,New,20.967692307692307
6.0,17.0,4.0,Fashion,1.0,Single,4.0,0.0,1.0,237.44,0.0,74.63199999999999,1,0,New,47.488
0.0,14.0,3.0,Mobile,1.0,Single,3.0,0.0,2.0,125.8,0.0,38.94,1,0,,31.45
28.0,8.0,4.0,Mobile,1.0,Married,9.0,0.0,4.0,126.62,0.0,47.986,1,0,VIP,25.324
22.0,8.0,3.0,Others,1.0,Married,4.0,0.0,3.0,269.57500000000005,0.0,88.67250000000001,1,0,Loyal,67.39375000000001
5.0,16.0,5.0,Mobile Phone,4.0,Single,2.0,1.0,3.0,151.57,0.0,48.971,1,1,New,25.261666666666667
19.0,6.0,1.5,Grocery,5.0,Single,2.0,0.0,12.0,269.57500000000005,0.0,87.17250000000001,1,0,Loyal,107.83000000000001
7.0,21.0,3.0,Grocery,5.0,Married,8.0,0.0,9.0,269.57500000000005,0.0,84.17250000000001,1,0,Regular,67.39375000000001
2.0,8.0,3.0,Laptop & Accessory,1.0,Single,2.0,0.0,9.0,145.54,0.0,45.462,1,0,New,36.385
28.0,32.0,4.0,Others,1.0,Married,2.0,0.0,13.0,269.57500000000005,0.0,90.87250000000002,1,0,VIP,53.915000000000006
1.0,22.0,5.5,Laptop & Accessory,1.0,Married,8.0,1.0,3.0,179.4,0.0,56.32,1,1,New,27.6
1.0,10.0,4.0,Mobile Phone,5.0,Single,2.0,0.0,5.0,156.02,0.0,48.706,1,0,New,31.204
13.0,22.0,3.0,Mobile,3.0,Married,10.0,0.0,0.0,135.44,0.0,45.732,1,0,Loyal,33.86
17.0,17.0,4.0,Mobile Phone,2.0,Single,2.0,0.0,8.0,149.55,0.0,51.565000000000005,1,0,Loyal,29.910000000000004
16.0,12.0,4.0,Others,3.0,Married,8.0,0.0,14.0,269.57500000000005,0.0,87.27250000000001,1,0,Loyal,53.915000000000006
7.0,19.0,3.0,Fashion,3.0,Married,2.0,0.0,1.0,186.28,0.0,59.184000000000005,1,0,Regular,46.57
8.0,15.0,2.0,Laptop & Accessory,3.0,Married,4.0,0.0,3.0,169.04,0.0,53.91199999999999,1,0,Regular,56.346666666666664
0.0,7.0,3.0,Mobile,1.0,Married,5.0,0.0,2.0,132.29,0.0,40.887,1,0,,33.0725
9.0,6.0,5.0,Mobile,4.0,Single,8.0,1.0,7.0,122.16,0.0,41.348,1,1,Regular,20.36
15.0,23.0,2.0,Laptop & Accessory,5.0,Single,4.0,1.0,2.0,165.45,0.0,54.934999999999995,1,1,Loyal,55.15
1.0,23.0,4.0,Fashion,3.0,Married,4.0,0.0,1.0,206.61,0.0,63.883,1,0,New,41.322
7.0,9.0,3.0,Laptop & Accessory,4.0,Married,2.0,0.0,9.0,154.33,0.0,49.599000000000004,1,0,Regular,38.5825
16.0,13.0,4.0,Fashion,5.0,Married,11.0,0.0,8.0,258.48,0.0,83.94399999999999,1,0,Loyal,51.696000000000005
16.0,22.0,3.0,Grocery,2.0,Divorced,6.0,1.0,9.0,260.64,0.0,84.192,1,1,Loyal,65.16
4.0,9.0,3.0,Mobile,5.0,Married,2.0,1.0,3.0,130.65,0.0,41.595000000000006,1,1,New,32.6625
0.0,35.0,3.0,Mobile Phone,5.0,Married,2.0,0.0,2.0,139.07,0.0,42.921,1,0,,34.7675
2.0,36.0,4.0,Laptop & Accessory,5.0,Divorced,9.0,1.0,1.0,191.73,0.0,59.719,1,1,New,38.346
8.0,14.0,3.0,Mobile,1.0,Married,2.0,0.0,2.0,125.72,0.0,41.316,1,0,Regular,31.43
1.0,7.0,4.0,Mobile Phone,2.0,Single,3.0,0.0,1.0,141.11,0.0,44.233000000000004,1,0,New,28.222
1.0,18.0,4.0,Mobile Phone,4.0,Married,3.0,0.0,3.0,147.44,0.0,46.132,1,0,New,29.488
1.0,14.0,5.5,Laptop & Accessory,3.0,Single,3.0,1.0,7.0,185.74,0.0,58.222,1,1,New,28.575384615384618
8.0,8.0,3.0,Laptop & Accessory,4.0,Single,6.0,0.0,2.0,144.25,0.0,46.875,1,0,Regular,36.0625
6.0,10.0,4.0,Laptop & Accessory,5.0,Divorced,3.0,0.0,4.0,192.25,0.0,61.074999999999996,1,0,New,38.45
10.0,19.0,3.0,Laptop & Accessory,1.0,Married,2.0,0.0,7.0,142.85,0.0,47.055,1,0,Regular,35.7125
11.0,36.0,4.0,Fashion,4.0,Married,3.0,1.0,10.0,243.49,0.0,77.94699999999999,1,1,Regular,48.698
19.0,14.0,3.0,Mobile,1.0,Single,2.0,0.0,0.0,125.87,0.0,44.66100000000001,1,0,Loyal,31.4675
6.0,8.0,4.0,Fashion,1.0,Married,3.0,0.0,3.0,229.22,0.0,72.16599999999998,1,0,New,45.844
19.0,30.0,4.0,Laptop & Accessory,5.0,Divorced,3.0,1.0,9.0,161.33,0.0,55.699000000000005,1,1,Loyal,32.266000000000005
1.0,17.0,4.0,Laptop & Accessory,5.0,Single,3.0,0.0,9.0,167.13,0.0,52.038999999999994,1,0,New,33.426
6.0,23.0,3.0,Grocery,3.0,Single,2.0,0.0,0.0,269.57500000000005,0.0,83.87250000000002,1,0,New,67.39375000000001
31.0,31.0,3.0,Fashion,2.0,Married,5.0,1.0,3.0,219.39,0.0,76.317,1,1,VIP,54.8475
5.0,15.0,3.0,Laptop & Accessory,1.0,Married,2.0,1.0,5.0,163.22,0.0,51.666000000000004,1,1,New,40.805
1.0,12.0,2.0,Mobile Phone,3.0,Single,5.0,1.0,4.0,149.32,0.0,45.895999999999994,1,1,New,49.77333333333333
8.0,17.0,2.0,Laptop & Accessory,1.0,Married,3.0,0.0,3.0,172.24,0.0,54.872,1,0,Regular,57.413333333333334
8.0,9.0,4.0,Laptop & Accessory,1.0,Single,3.0,0.0,5.0,187.74,0.0,60.322,1,0,Regular,37.548
27.0,10.0,4.0,Grocery,3.0,Divorced,5.0,1.0,4.0,269.57500000000005,0.0,90.5725,1,1,VIP,53.915000000000006
21.0,9.0,5.0,Mobile Phone,2.0,Single,3.0,1.0,3.0,157.94,0.0,55.681999999999995,1,1,Loyal,26.323333333333334
4.0,14.0,4.0,Laptop & Accessory,5.0,Married,9.0,0.0,3.0,172.79,0.0,54.637,1,0,New,34.558
5.0,35.0,4.0,Mobile,4.0,Single,2.0,0.0,1.0,128.37,0.0,41.611000000000004,1,0,New,25.674
28.0,8.0,3.0,Fashion,4.0,Married,4.0,0.0,3.0,209.76,0.0,72.528,1,0,VIP,52.44
5.0,18.0,4.0,Mobile Phone,2.0,Divorced,5.0,1.0,3.0,148.56,0.0,47.668,1,1,New,29.712
10.0,11.0,3.0,Laptop & Accessory,1.0,Married,8.0,0.0,4.0,163.47,0.0,53.241,1,0,Regular,40.8675
0.0,22.0,3.0,Laptop & Accessory,5.0,Single,6.0,0.0,2.0,153.24,0.0,47.172000000000004,1,0,,38.31
1.0,7.0,5.0,Mobile Phone,3.0,Married,3.0,0.0,4.0,145.07,0.0,45.82099999999999,1,0,New,24.17833333333333
16.0,17.0,4.0,Mobile Phone,3.0,Married,5.0,0.0,4.0,154.36,0.0,52.708,1,0,Loyal,30.872000000000003
4.0,9.0,4.0,Mobile Phone,1.0,Single,2.0,0.0,8.0,150.64,0.0,47.992,1,0,New,30.127999999999997
9.0,13.0,4.0,Mobile,4.0,Married,2.0,0.0,1.0,121.41,0.0,40.723,1,0,Regular,24.282
5.0,21.0,3.0,Laptop & Accessory,1.0,Married,6.0,0.0,2.0,166.67,0.0,52.701,1,0,New,41.6675
1.0,19.0,4.0,Laptop & Accessory,1.0,Single,5.0,1.0,8.0,170.81,0.0,53.143,1,1,New,34.162
11.0,8.0,4.0,Fashion,3.0,Married,4.0,1.0,2.0,177.56,0.0,58.168,1,1,Regular,35.512
8.0,7.0,4.0,Mobile Phone,5.0,Married,7.0,0.0,4.0,154.96,0.0,50.488,1,0,Regular,30.992
1.0,17.0,4.0,Laptop & Accessory,2.0,Single,2.0,0.0,2.0,174.5,0.0,54.25,1,0,New,34.9
10.0,15.0,5.0,Fashion,5.0,Single,3.0,0.0,10.0,200.87,0.0,65.261,1,0,Regular,33.47833333333333
1.0,19.0,3.0,Mobile Phone,4.0,Single,3.0,0.0,1.0,152.16,0.0,47.147999999999996,1,0,New,38.04
14.0,10.0,5.0,Mobile Phone,3.0,Married,3.0,1.0,3.0,151.83,0.0,51.749,1,1,Loyal,25.305000000000003
1.0,9.0,4.0,Mobile Phone,3.0,Single,8.0,0.0,2.0,168.82,0.0,52.54599999999999,1,0,New,33.763999999999996
1.0,12.0,5.0,Mobile Phone,3.0,Single,2.0,0.0,1.0,154.66,0.0,48.69799999999999,1,0,New,25.776666666666667
9.0,16.0,4.0,Mobile Phone,4.0,Single,2.0,1.0,0.0,118.59,0.0,39.877,1,1,Regular,23.718
9.0,14.0,1.5,Mobile,1.0,Married,2.0,0.0,1.0,122.69,0.0,40.107,1,0,Regular,49.076
12.0,9.0,4.0,Laptop & Accessory,3.0,Married,1.0,0.0,7.0,130.69,0.0,44.407000000000004,1,0,Regular,26.137999999999998
7.0,8.0,3.0,Laptop & Accessory,1.0,Single,2.0,0.0,11.0,166.87,0.0,53.361000000000004,1,0,Regular,41.7175
6.0,9.0,3.0,Mobile,3.0,Married,2.0,1.0,0.0,129.09,0.0,41.727,1,1,New,32.2725
9.0,8.0,5.5,Mobile Phone,1.0,Married,3.0,0.0,2.0,154.77,0.0,51.33100000000001,1,0,Regular,23.810769230769232
21.0,7.0,4.0,Others,1.0,Single,7.0,0.0,0.0,269.57500000000005,0.0,88.77250000000001,1,0,Loyal,53.915000000000006
9.0,9.0,4.0,Mobile,1.0,Single,1.0,0.0,1.0,120.45,0.0,40.435,1,0,Regular,24.09
10.0,9.0,4.0,Laptop & Accessory,4.0,Single,11.0,1.0,13.0,179.1,0.0,58.33,1,1,Regular,35.82
8.0,15.0,4.0,Laptop & Accessory,3.0,Single,5.0,0.0,4.0,186.42,0.0,59.925999999999995,1,0,Regular,37.284
3.0,11.0,3.0,Fashion,1.0,Married,3.0,0.0,4.0,194.19,0.0,60.357,1,0,New,48.5475
10.0,16.0,3.0,Mobile,5.0,Married,7.0,0.0,3.0,134.52,0.0,44.556000000000004,1,0,Regular,33.63
1.0,9.0,5.0,Mobile Phone,3.0,Single,8.0,1.0,1.0,145.9,0.0,46.07,1,1,New,24.316666666666666
0.0,13.0,3.0,Mobile,3.0,Divorced,2.0,1.0,2.0,128.86,0.0,39.858000000000004,1,1,,32.215
25.0,21.0,4.0,Laptop & Accessory,2.0,Divorced,6.0,0.0,8.0,174.36,0.0,61.408,1,0,VIP,34.872
14.0,9.0,2.0,Laptop & Accessory,3.0,Married,7.0,0.0,9.0,188.77,0.0,61.631,1,0,Loyal,62.92333333333334
1.0,25.0,4.0,Mobile,5.0,Married,2.0,0.0,3.0,131.96,0.0,41.488,1,0,New,26.392000000000003
1.0,16.0,4.0,Mobile Phone,1.0,Single,3.0,0.0,3.0,151.1,0.0,47.23,1,0,New,30.22
11.0,8.0,3.0,Laptop & Accessory,3.0,Married,10.0,0.0,0.0,165.53,0.0,54.159,1,0,Regular,41.3825
17.0,9.0,5.0,Fashion,1.0,Married,2.0,0.0,3.0,226.69,0.0,75.10699999999999,1,0,Loyal,37.781666666666666
10.0,17.0,3.0,Mobile Phone,3.0,Single,5.0,0.0,2.0,136.29,0.0,45.086999999999996,1,0,Regular,34.0725
19.0,32.0,5.0,Laptop & Accessory,1.0,Married,2.0,0.0,9.0,184.06,0.0,62.918,1,0,Loyal,30.676666666666666
9.0,11.0,4.0,Mobile,5.0,Married,7.0,0.0,0.0,121.07,0.0,40.621,1,0,Regular,24.214
7.0,8.0,1.5,Mobile,1.0,Married,1.0,1.0,2.0,129.32,0.0,41.496,1,1,Regular,51.727999999999994
9.0,7.0,3.0,Mobile,4.0,Single,2.0,1.0,2.0,123.02,0.0,40.806000000000004,1,1,Regular,30.755
3.0,15.0,5.5,Laptop & Accessory,5.0,Married,5.0,0.0,3.0,222.15,0.0,69.745,1,0,New,34.176923076923075
4.0,12.0,5.0,Laptop & Accessory,3.0,Married,3.0,0.0,3.0,186.18,0.0,59.054,1,0,New,31.03
30.0,6.0,3.0,Others,5.0,Divorced,4.0,1.0,5.0,269.57500000000005,0.0,91.07250000000002,1,1,VIP,67.39375000000001
1.0,17.0,4.0,Mobile,3.0,Single,3.0,1.0,2.0,135.09,0.0,42.427,1,1,New,27.018
9.0,9.0,3.0,Mobile Phone,2.0,Divorced,2.0,0.0,0.0,117.06,0.0,39.01800000000001,1,0,Regular,29.265
10.0,34.0,4.0,Laptop & Accessory,3.0,Married,8.0,0.0,8.0,177.37,0.0,57.811,1,0,Regular,35.474000000000004
1.0,8.0,5.5,Mobile Phone,3.0,Single,3.0,0.0,1.0,138.59,0.0,44.077,1,0,New,21.321538461538463
5.0,19.0,4.0,Others,3.0,Married,3.0,0.0,9.0,269.57500000000005,0.0,83.97250000000001,1,0,New,53.915000000000006
10.0,6.0,3.0,Fashion,2.0,Single,5.0,0.0,2.0,174.91,0.0,56.673,1,0,Regular,43.7275
7.0,16.0,3.0,Laptop & Accessory,3.0,Married,2.0,1.0,7.0,140.01,0.0,45.303,1,1,Regular,35.0025
15.0,11.0,3.0,Fashion,4.0,Single,10.0,1.0,7.0,184.46,0.0,61.038000000000004,1,1,Loyal,46.115
17.0,10.0,3.0,Laptop & Accessory,4.0,Single,10.0,0.0,3.0,159.33,0.0,54.099000000000004,1,0,Loyal,39.8325
6.0,11.0,4.0,Fashion,2.0,Married,5.0,0.0,2.0,171.19,0.0,54.757,1,0,New,34.238
1.0,9.0,4.0,Mobile Phone,1.0,Married,8.0,1.0,3.0,162.22,0.0,50.565999999999995,1,1,New,32.444
28.0,24.0,3.0,Laptop & Accessory,4.0,Married,4.0,1.0,7.0,163.85,0.0,58.754999999999995,1,1,VIP,40.9625
7.0,13.0,3.0,Mobile,1.0,Single,2.0,0.0,0.0,129.72,0.0,42.216,1,0,Regular,32.43
16.0,16.0,5.0,Others,1.0,Single,10.0,0.0,2.0,269.57500000000005,0.0,87.67250000000001,1,0,Loyal,44.929166666666674
18.0,8.0,3.0,Laptop & Accessory,4.0,Divorced,1.0,0.0,7.0,148.05,0.0,51.015,1,0,Loyal,37.0125
19.0,30.0,4.0,Laptop & Accessory,5.0,Married,3.0,1.0,9.0,161.33,0.0,55.699000000000005,1,1,Loyal,32.266000000000005
0.0,8.0,3.0,Mobile,3.0,Single,3.0,0.0,0.0,134.85,0.0,41.655,1,0,,33.7125
1.0,30.0,5.0,Laptop & Accessory,1.0,Married,9.0,1.0,1.0,166.57,0.0,52.270999999999994,1,1,New,27.761666666666667
19.0,8.0,3.0,Others,1.0,Married,8.0,1.0,2.0,269.57500000000005,0.0,87.77250000000002,1,1,Loyal,67.39375000000001
15.0,26.0,4.0,Laptop & Accessory,5.0,Married,4.0,0.0,1.0,155.72,0.0,52.816,1,0,Loyal,31.144
30.0,30.0,4.0,Grocery,4.0,Divorced,6.0,1.0,10.0,259.02,0.0,88.30599999999998,1,1,VIP,51.803999999999995
22.0,13.0,4.0,Fashion,3.0,Single,9.0,0.0,0.0,145.0,0.0,51.7,1,0,Loyal,29.0
10.0,15.0,3.0,Fashion,4.0,Married,2.0,0.0,7.0,188.34,0.0,60.702000000000005,1,0,Regular,47.085
1.0,9.0,4.0,Mobile Phone,5.0,Married,5.0,0.0,1.0,148.22,0.0,46.366,1,0,New,29.644
3.0,12.0,4.0,Laptop & Accessory,2.0,Divorced,5.0,0.0,1.0,145.86,0.0,46.258,1,0,New,29.172000000000004
5.0,15.0,4.0,Fashion,2.0,Married,3.0,0.0,10.0,232.93,0.0,72.979,1,0,New,46.586
1.0,10.0,5.0,Mobile Phone,3.0,Single,3.0,0.0,3.0,155.33,0.0,48.899,1,0,New,25.888333333333335
11.0,18.0,4.0,Fashion,1.0,Married,3.0,1.0,8.0,246.85,0.0,78.95499999999998,1,1,Regular,49.37
13.0,14.0,3.0,Mobile,3.0,Married,3.0,0.0,2.0,123.45,0.0,42.135,1,0,Loyal,30.8625
7.0,8.0,3.0,Laptop & Accessory,5.0,Single,1.0,1.0,2.0,145.38,0.0,46.914,1,1,Regular,36.345
2.0,8.0,3.0,Laptop & Accessory,1.0,Married,2.0,0.0,3.0,188.53,0.0,58.359,1,0,New,47.1325
23.0,7.0,4.0,Grocery,3.0,Single,6.0,0.0,1.0,269.57500000000005,0.0,89.37250000000002,1,0,Loyal,53.915000000000006
9.0,7.0,3.0,Mobile,1.0,Married,2.0,0.0,3.0,120.44,0.0,40.032000000000004,1,0,Regular,30.11
10.0,33.0,1.5,Laptop & Accessory,3.0,Single,5.0,1.0,3.0,163.97,0.0,52.791,1,1,Regular,65.588
1.0,29.0,4.0,Mobile Phone,3.0,Single,3.0,1.0,1.0,141.75,0.0,44.425,1,1,New,28.35
13.0,14.0,3.0,Mobile,1.0,Married,9.0,0.0,0.0,124.06,0.0,42.318,1,0,Loyal,31.015
8.0,33.0,5.0,Mobile Phone,3.0,Married,3.0,0.0,1.0,145.29,0.0,47.986999999999995,1,0,Regular,24.215
1.0,11.0,4.0,Mobile Phone,3.0,Single,3.0,0.0,1.0,148.18,0.0,46.354,1,0,New,29.636000000000003
9.0,9.0,4.0,Fashion,1.0,Married,1.0,0.0,4.0,176.44,0.0,57.232,1,0,Regular,35.288
0.0,10.0,3.0,Mobile,4.0,Single,2.0,0.0,2.0,132.95,0.0,41.085,1,0,,33.2375
4.0,8.0,3.0,Laptop & Accessory,5.0,Single,8.0,0.0,3.0,153.32,0.0,48.396,1,0,New,38.33
1.0,11.0,3.0,Laptop & Accessory,5.0,Single,1.0,0.0,3.0,184.63,0.0,56.888999999999996,1,0,New,46.1575
1.0,9.0,4.0,Laptop & Accessory,3.0,Single,3.0,1.0,5.0,169.78,0.0,52.833999999999996,1,1,New,33.956
10.0,7.0,4.0,Laptop & Accessory,4.0,Married,2.0,0.0,6.0,177.28,0.0,57.784,1,0,Regular,35.456
1.0,17.0,4.0,Fashion,5.0,Married,3.0,0.0,3.0,212.93,0.0,65.779,1,0,New,42.586
11.0,6.0,4.0,Laptop & Accessory,2.0,Single,5.0,0.0,1.0,186.86,0.0,60.958,1,0,Regular,37.372
13.0,13.0,2.0,Fashion,3.0,Married,4.0,0.0,7.0,207.37,0.0,66.911,1,0,Loyal,69.12333333333333
9.0,14.0,4.0,Fashion,3.0,Single,5.0,0.0,3.0,227.21,0.0,72.463,1,0,Regular,45.442
3.0,14.0,4.0,Laptop & Accessory,1.0,Married,3.0,1.0,1.0,191.23,0.0,59.86899999999999,1,1,New,38.245999999999995
4.0,36.0,4.0,Laptop & Accessory,5.0,Married,10.0,0.0,4.0,166.15,0.0,52.645,1,0,New,33.230000000000004
14.0,13.0,1.5,Mobile,3.0,Married,2.0,0.0,8.0,133.76,0.0,44.928,1,0,Loyal,53.504
1.0,21.0,4.0,Mobile Phone,3.0,Single,3.0,0.0,1.0,140.14,0.0,43.94199999999999,1,0,New,28.028
9.0,27.0,3.0,Mobile,2.0,Divorced,8.0,0.0,2.0,122.58,0.0,40.67400000000001,1,0,Regular,30.645
2.0,6.0,3.0,Laptop & Accessory,3.0,Married,2.0,0.0,9.0,143.19,0.0,44.757000000000005,1,0,New,35.7975
1.0,28.0,5.0,Mobile Phone,5.0,Married,2.0,0.0,1.0,147.96,0.0,46.687999999999995,1,0,New,24.66
9.0,31.0,3.0,Mobile,4.0,Married,2.0,1.0,8.0,120.22,0.0,39.966,1,1,Regular,30.055
5.0,10.0,4.0,Laptop & Accessory,3.0,Divorced,2.0,0.0,8.0,161.62,0.0,51.586,1,0,New,32.324
2.0,14.0,4.0,Mobile,2.0,Married,7.0,0.0,3.0,125.32,0.0,39.796,1,0,New,25.064
1.0,9.0,4.0,Laptop & Accessory,1.0,Married,2.0,0.0,3.0,167.27,0.0,52.081,1,0,New,33.454
14.0,9.0,4.0,Laptop & Accessory,4.0,Married,3.0,0.0,4.0,189.38,0.0,62.614000000000004,1,0,Loyal,37.876
9.0,10.0,4.0,Laptop & Accessory,2.0,Single,2.0,0.0,8.0,158.1,0.0,51.730000000000004,1,0,Regular,31.619999999999997
8.0,34.0,4.0,Mobile Phone,4.0,Single,4.0,0.0,3.0,148.11,0.0,48.433,1,0,Regular,29.622000000000003
9.0,30.0,4.0,Mobile Phone,5.0,Married,5.0,1.0,3.0,165.14,0.0,53.842,1,1,Regular,33.028
27.0,11.0,3.0,Others,5.0,Divorced,5.0,0.0,2.0,269.57500000000005,0.0,90.17250000000001,1,0,VIP,67.39375000000001
11.0,10.0,4.0,Laptop & Accessory,4.0,Single,5.0,0.0,2.0,166.07,0.0,54.721,1,0,Regular,33.214
9.0,6.0,3.0,Laptop & Accessory,2.0,Single,5.0,0.0,0.0,166.53,0.0,53.859,1,0,Regular,41.6325
9.0,8.0,3.0,Mobile,4.0,Married,5.0,0.0,2.0,121.87,0.0,40.461000000000006,1,0,Regular,30.4675
0.0,28.0,3.0,Laptop & Accessory,3.0,Married,2.0,1.0,7.0,161.79,0.0,49.737,1,1,,40.4475
1.0,13.0,2.0,Mobile Phone,1.0,Married,2.0,0.0,8.0,150.44,0.0,46.23199999999999,1,0,New,50.14666666666667
20.0,10.0,3.0,Laptop & Accessory,1.0,Single,2.0,1.0,7.0,141.63,0.0,49.689,1,1,Loyal,35.4075
31.0,7.0,4.0,Laptop & Accessory,3.0,Married,4.0,0.0,3.0,192.55,0.0,68.665,1,0,VIP,38.510000000000005
19.0,24.0,3.0,Laptop & Accessory,3.0,Married,3.0,0.0,8.0,148.1,0.0,51.330000000000005,1,0,Loyal,37.025
13.0,15.0,4.0,Mobile Phone,3.0,Divorced,3.0,0.0,8.0,162.55,0.0,54.265,1,0,Loyal,32.510000000000005
26.0,13.0,3.0,Others,3.0,Married,4.0,0.0,7.0,269.57500000000005,0.0,89.87250000000002,1,0,VIP,67.39375000000001
6.0,14.0,3.0,Mobile Phone,4.0,Divorced,3.0,0.0,4.0,152.94,0.0,48.882,1,0,New,38.235
5.0,6.0,3.0,Mobile,2.0,Married,1.0,0.0,2.0,123.14,0.0,39.642,1,0,New,30.785
13.0,17.0,4.0,Laptop & Accessory,5.0,Married,4.0,0.0,8.0,178.77,0.0,59.131,1,0,Loyal,35.754000000000005
5.0,14.0,1.5,Laptop & Accessory,2.0,Divorced,2.0,0.0,8.0,162.09,0.0,50.727000000000004,1,0,New,64.836
8.0,8.0,5.0,Mobile Phone,4.0,Married,7.0,0.0,3.0,157.94,0.0,51.782,1,0,Regular,26.323333333333334
3.0,10.0,4.0,Laptop & Accessory,3.0,Married,6.0,1.0,1.0,177.38,0.0,55.714,1,1,New,35.476
0.0,10.0,4.0,Mobile,1.0,Married,1.0,0.0,4.0,131.62,0.0,41.086,1,0,,26.324
16.0,21.0,4.0,Grocery,3.0,Married,2.0,0.0,11.0,269.57500000000005,0.0,87.27250000000001,1,0,Loyal,53.915000000000006
18.0,14.0,3.0,Laptop & Accessory,1.0,Married,10.0,0.0,8.0,136.97,0.0,47.691,1,0,Loyal,34.2425
2.0,29.0,3.0,Mobile Phone,5.0,Single,1.0,0.0,3.0,139.04,0.0,43.512,1,0,New,34.76
7.0,14.0,3.0,Mobile,5.0,Divorced,5.0,0.0,2.0,123.62,0.0,40.386,1,0,Regular,30.905
7.0,7.0,2.0,Laptop & Accessory,5.0,Married,3.0,0.0,9.0,165.37,0.0,52.510999999999996,1,0,Regular,55.123333333333335
6.0,15.0,2.0,Laptop & Accessory,2.0,Divorced,3.0,0.0,9.0,187.09,0.0,58.727,1,0,New,62.36333333333334
13.0,26.0,4.0,Laptop & Accessory,1.0,Married,10.0,0.0,3.0,164.02,0.0,54.706,1,0,Loyal,32.804
2.0,23.0,2.0,Laptop & Accessory,5.0,Single,2.0,0.0,8.0,181.61,0.0,55.883,1,0,New,60.53666666666667
1.0,23.0,3.0,Laptop & Accessory,5.0,Married,2.0,0.0,8.0,145.58,0.0,45.174,1,0,New,36.395
6.0,14.0,3.0,Laptop & Accessory,3.0,Married,1.0,0.0,2.0,171.04,0.0,54.312,1,0,New,42.76
25.0,16.0,4.0,Mobile Phone,1.0,Married,5.0,0.0,4.0,145.75,0.0,52.825,1,0,VIP,29.15
9.0,16.0,5.0,Fashion,3.0,Divorced,3.0,1.0,14.5,231.85,0.0,74.255,1,1,Regular,38.641666666666666
14.0,9.0,4.0,Mobile Phone,3.0,Married,4.0,0.0,3.0,148.45,0.0,50.335,1,0,Loyal,29.689999999999998
7.0,14.0,3.0,Mobile,5.0,Married,5.0,0.0,2.0,123.62,0.0,40.386,1,0,Regular,30.905
13.0,10.0,3.0,Laptop & Accessory,4.0,Divorced,11.0,0.0,7.0,188.89,0.0,61.766999999999996,1,0,Loyal,47.2225
0.0,30.0,4.0,Laptop & Accessory,4.0,Single,1.0,1.0,10.0,145.99,0.0,45.397000000000006,1,1,,29.198
25.0,14.0,3.0,Mobile,5.0,Divorced,10.0,0.0,4.0,129.5,0.0,47.550000000000004,1,0,VIP,32.375
6.0,14.0,3.0,Laptop & Accessory,3.0,Single,3.0,1.0,0.0,163.88,0.0,52.163999999999994,1,1,New,40.97
5.0,15.0,4.0,Laptop & Accessory,1.0,Single,3.0,0.0,9.0,169.24,0.0,53.872,1,0,New,33.848
4.0,14.0,4.0,Laptop & Accessory,3.0,Married,3.0,0.0,10.0,159.91,0.0,50.773,1,0,New,31.982
11.0,7.0,5.5,Laptop & Accessory,1.0,Married,3.0,0.0,3.0,220.25,0.0,71.575,1,0,Regular,33.88461538461539
12.0,21.0,4.0,Laptop & Accessory,4.0,Married,2.0,0.0,3.0,224.24,0.0,72.472,1,0,Regular,44.848
15.0,7.0,3.0,Fashion,5.0,Divorced,3.0,0.0,8.0,208.92,0.0,68.376,1,0,Loyal,52.23
4.0,14.0,4.0,Laptop & Accessory,5.0,Married,9.0,0.0,3.0,172.79,0.0,54.637,1,0,New,34.558
14.0,6.0,4.0,Others,3.0,Married,2.0,0.0,10.0,269.57500000000005,0.0,86.67250000000001,1,0,Loyal,53.915000000000006
1.0,11.0,4.0,Fashion,5.0,Single,2.0,1.0,3.0,220.82,0.0,68.14599999999999,1,1,New,44.164
8.0,15.0,2.0,Laptop & Accessory,3.0,Married,3.0,0.0,9.0,192.99,0.0,61.096999999999994,1,0,Regular,64.33
1.0,33.0,5.0,Mobile Phone,3.0,Married,3.0,1.0,4.0,153.14,0.0,48.24199999999999,1,1,New,25.52333333333333
0.0,14.0,5.0,Mobile,5.0,Married,2.0,0.0,1.0,124.51,0.0,39.353,1,0,,20.75166666666667
9.0,9.0,3.0,Laptop & Accessory,4.0,Single,5.0,0.0,7.0,144.85,0.0,47.355000000000004,1,0,Regular,36.2125
11.0,18.0,4.0,Fashion,2.0,Married,3.0,1.0,8.0,246.85,0.0,78.95499999999998,1,1,Regular,49.37
23.0,25.0,4.0,Laptop & Accessory,2.0,Married,3.0,1.0,8.0,193.04,0.0,66.41199999999999,1,1,Loyal,38.608
1.0,27.0,4.0,Laptop & Accessory,3.0,Single,3.0,0.0,3.0,224.81,0.0,69.34299999999999,1,0,New,44.962
5.0,12.0,4.0,Laptop & Accessory,5.0,Single,2.0,0.0,3.0,224.36,0.0,70.408,1,0,New,44.872
17.0,7.0,1.5,Laptop & Accessory,5.0,Married,3.0,0.0,2.0,150.33,0.0,50.79900000000001,1,0,Loyal,60.132000000000005
16.0,15.0,4.0,Others,2.0,Married,3.0,0.0,10.0,269.57500000000005,0.0,87.27250000000001,1,0,Loyal,53.915000000000006
1.0,7.0,5.0,Laptop & Accessory,5.0,Divorced,7.0,0.0,1.0,167.98,0.0,52.693999999999996,1,0,New,27.996666666666666
8.0,17.0,4.0,Mobile Phone,3.0,Married,3.0,1.0,1.0,147.2,0.0,48.16,1,1,Regular,29.439999999999998
16.0,9.0,5.5,Others,1.0,Married,3.0,0.0,10.0,269.57500000000005,0.0,87.87250000000002,1,0,Loyal,41.47307692307693
9.0,9.0,3.0,Mobile Phone,3.0,Single,2.0,0.0,0.0,114.2,0.0,38.160000000000004,1,0,Regular,28.55
7.0,15.0,5.0,Mobile Phone,1.0,Single,2.0,0.0,3.0,148.42,0.0,48.626,1,0,Regular,24.736666666666665
18.0,10.0,5.0,Fashion,3.0,Married,5.0,0.0,3.0,197.56,0.0,66.668,1,0,Loyal,32.92666666666667
23.0,13.0,5.0,Grocery,3.0,Married,4.0,1.0,13.0,264.66,0.0,88.29800000000002,1,1,Loyal,44.11000000000001
4.0,23.0,2.0,Laptop & Accessory,3.0,Married,5.0,0.0,8.0,177.94,0.0,55.382,1,0,New,59.31333333333333
23.0,6.0,3.0,Others,1.0,Married,4.0,0.0,6.0,269.57500000000005,0.0,88.97250000000003,1,0,Loyal,67.39375000000001
23.0,14.0,4.0,Fashion,4.0,Married,5.0,0.0,3.0,229.66,0.0,77.398,1,0,Loyal,45.932
1.0,17.0,2.0,Mobile Phone,3.0,Married,4.0,0.0,3.0,145.73,0.0,44.81899999999999,1,0,New,48.57666666666666
23.0,29.0,4.0,Grocery,4.0,Married,5.0,0.0,3.0,269.57500000000005,0.0,89.37250000000002,1,0,Loyal,53.915000000000006
4.0,15.0,3.0,Fashion,4.0,Married,2.0,0.0,8.0,206.48,0.0,64.344,1,0,New,51.62
0.0,19.0,3.0,Laptop & Accessory,5.0,Married,3.0,0.0,2.0,142.33,0.0,43.89900000000001,1,0,,35.5825
6.0,9.0,4.0,Mobile Phone,5.0,Married,3.0,0.0,1.0,153.27,0.0,49.381,1,0,New,30.654000000000003
21.0,22.0,3.0,Laptop & Accessory,3.0,Married,9.0,0.0,7.0,164.39,0.0,56.81699999999999,1,0,Loyal,41.0975
6.0,7.0,5.0,Mobile Phone,4.0,Married,8.0,0.0,3.0,148.32,0.0,48.29599999999999,1,0,New,24.72
9.0,31.0,3.0,Mobile,4.0,Married,2.0,1.0,8.0,120.22,0.0,39.966,1,1,Regular,30.055
19.0,6.0,3.0,Mobile,5.0,Single,7.0,0.0,7.0,134.23,0.0,47.169000000000004,1,0,Loyal,33.5575
20.0,9.0,4.0,Others,5.0,Single,5.0,0.0,2.0,269.57500000000005,0.0,88.47250000000001,1,0,Loyal,53.915000000000006
4.0,15.0,3.0,Fashion,4.0,Married,2.0,0.0,8.0,206.48,0.0,64.344,1,0,New,51.62
1.0,12.0,3.0,Mobile Phone,4.0,Married,3.0,1.0,3.0,148.28,0.0,45.984,1,1,New,37.07
7.0,22.0,4.0,Laptop & Accessory,1.0,Married,2.0,1.0,2.0,71.37499999999997,0.0,25.112499999999994,1,1,Regular,14.274999999999995
0.0,8.0,3.0,Mobile,5.0,Divorced,8.0,0.0,7.0,127.07,0.0,39.321,1,0,,31.7675
18.0,8.0,4.0,Grocery,1.0,Married,10.0,0.0,8.0,267.92,0.0,87.376,1,0,Loyal,53.584
1.0,11.0,5.0,Mobile Phone,3.0,Single,7.0,0.0,3.0,163.94,0.0,51.48199999999999,1,0,New,27.323333333333334
15.0,34.0,4.0,Laptop & Accessory,1.0,Married,1.0,0.0,4.0,145.23,0.0,49.669,1,0,Loyal,29.046
26.0,9.0,5.0,Mobile Phone,1.0,Single,9.0,0.0,3.0,157.12,0.0,56.936,1,0,VIP,26.186666666666667
5.0,14.0,5.0,Fashion,3.0,Divorced,3.0,0.0,3.0,214.43,0.0,67.829,1,0,New,35.73833333333334
14.0,26.0,4.0,Laptop & Accessory,1.0,Married,10.0,1.0,8.0,152.41,0.0,51.523,1,1,Loyal,30.482
9.0,13.0,1.5,Mobile,1.0,Married,5.0,0.0,2.0,120.89,0.0,39.567,1,0,Regular,48.356
6.0,34.0,3.0,Laptop & Accessory,3.0,Married,2.0,1.0,7.0,152.07,0.0,48.620999999999995,1,1,New,38.0175
17.0,9.0,4.0,Laptop & Accessory,1.0,Married,3.0,1.0,9.0,203.47,0.0,67.741,1,1,Loyal,40.694
0.0,14.0,4.0,Mobile,5.0,Married,5.0,1.0,0.0,123.35,0.0,38.605,1,1,,24.669999999999998
1.0,30.0,2.0,Mobile Phone,1.0,Married,3.0,1.0,5.0,152.25,0.0,46.77499999999999,1,1,New,50.75
14.0,19.0,4.0,Laptop & Accessory,5.0,Married,4.0,0.0,8.0,169.48,0.0,56.644,1,0,Loyal,33.896
13.0,12.0,3.0,Grocery,1.0,Single,2.0,1.0,7.0,264.37,0.0,84.411,1,1,Loyal,66.0925
14.0,21.0,5.0,Others,3.0,Single,3.0,0.0,10.0,269.57500000000005,0.0,87.07250000000002,1,0,Loyal,44.929166666666674
13.0,8.0,3.0,Laptop & Accessory,4.0,Married,8.0,0.0,3.0,157.15,0.0,52.245000000000005,1,0,Loyal,39.2875
0.0,8.0,5.0,Mobile,2.0,Divorced,6.0,1.0,2.0,134.64,0.0,42.391999999999996,1,1,,22.439999999999998
19.0,7.0,3.0,Mobile,5.0,Single,7.0,0.0,7.0,134.23,0.0,47.169000000000004,1,0,Loyal,33.5575
8.0,8.0,4.0,Fashion,4.0,Married,3.0,0.0,4.0,202.74,0.0,64.822,1,0,Regular,40.548
17.0,35.0,3.0,Laptop & Accessory,1.0,Single,2.0,0.0,14.5,145.41,0.0,49.923,1,0,Loyal,36.3525
4.0,23.0,4.0,Mobile Phone,1.0,Married,3.0,0.0,9.0,153.62,0.0,48.886,1,0,New,30.724
1.0,19.0,4.0,Laptop & Accessory,1.0,Single,5.0,1.0,8.0,170.81,0.0,53.143,1,1,New,34.162
8.0,9.0,4.0,Laptop & Accessory,5.0,Single,2.0,1.0,3.0,170.38,0.0,55.114,1,1,Regular,34.076
1.0,16.0,5.0,Mobile Phone,4.0,Married,3.0,0.0,1.0,151.94,0.0,47.882,1,0,New,25.323333333333334
14.0,23.0,4.0,Fashion,1.0,Single,8.0,1.0,4.0,204.45,0.0,67.13499999999999,1,1,Loyal,40.89
23.0,23.0,4.0,Mobile Phone,5.0,Married,6.0,1.0,3.0,150.87,0.0,53.761,1,1,Loyal,30.174
6.0,6.0,4.0,Mobile,5.0,Single,4.0,1.0,2.0,127.99,0.0,41.797,1,1,New,25.598
1.0,29.0,4.0,Mobile Phone,3.0,Married,6.0,1.0,2.0,146.32,0.0,45.79599999999999,1,1,New,29.264
26.0,14.0,3.0,Laptop & Accessory,2.0,Single,3.0,0.0,2.0,124.5,0.0,46.35,1,0,VIP,31.125
5.0,14.0,4.0,Laptop & Accessory,5.0,Divorced,3.0,0.0,13.0,168.06,0.0,53.518,1,0,New,33.612
19.0,9.0,4.0,Others,5.0,Divorced,7.0,1.0,5.0,269.57500000000005,0.0,88.17250000000001,1,1,Loyal,53.915000000000006
9.0,15.0,3.0,Mobile,1.0,Married,2.0,0.0,4.0,120.7,0.0,40.11000000000001,1,0,Regular,30.175
15.0,10.0,3.0,Others,2.0,Divorced,2.0,0.0,14.5,269.57500000000005,0.0,86.57250000000002,1,0,Loyal,67.39375000000001
4.0,16.0,4.0,Laptop & Accessory,1.0,Married,2.0,1.0,8.0,188.47,0.0,59.341,1,1,New,37.694
21.0,28.0,3.0,Grocery,1.0,Married,4.0,0.0,7.0,269.57500000000005,0.0,88.37250000000002,1,0,Loyal,67.39375000000001
13.0,22.0,3.0,Fashion,1.0,Single,7.0,1.0,3.0,179.45,0.0,58.934999999999995,1,1,Loyal,44.8625
23.0,23.0,4.0,Fashion,5.0,Married,6.0,0.0,11.0,232.69,0.0,78.307,1,0,Loyal,46.538
7.0,14.0,4.0,Laptop & Accessory,4.0,Married,2.0,0.0,3.0,168.02,0.0,54.106,1,0,Regular,33.604
0.0,14.0,4.0,Mobile,5.0,Single,8.0,0.0,0.0,125.61,0.0,39.283,1,0,,25.122
14.0,17.0,5.0,Laptop & Accessory,4.0,Married,9.0,0.0,4.0,193.52,0.0,64.256,1,0,Loyal,32.25333333333334
0.0,10.0,4.0,Laptop & Accessory,5.0,Divorced,2.0,0.0,3.0,142.56,0.0,44.368,1,0,,28.512
0.0,16.0,3.0,Laptop & Accessory,3.0,Married,2.0,1.0,3.0,142.6,0.0,43.98,1,1,,35.65
1.0,10.0,5.0,Mobile Phone,1.0,Single,2.0,0.0,2.0,145.45,0.0,45.934999999999995,1,0,New,24.241666666666664
23.0,9.0,3.0,Others,4.0,Married,2.0,0.0,7.0,269.57500000000005,0.0,88.97250000000003,1,0,Loyal,67.39375000000001
1.0,14.0,4.0,Mobile Phone,1.0,Single,3.0,0.0,8.0,150.7,0.0,47.10999999999999,1,0,New,30.139999999999997
0.0,14.0,4.0,Mobile,1.0,Single,2.0,1.0,0.0,124.39,0.0,38.917,1,1,,24.878
5.0,15.0,4.0,Grocery,4.0,Single,5.0,0.0,1.0,269.57500000000005,0.0,83.97250000000001,1,0,New,53.915000000000006
6.0,20.0,4.0,Laptop & Accessory,1.0,Married,4.0,0.0,4.0,169.03,0.0,54.108999999999995,1,0,New,33.806
6.0,6.0,1.5,Laptop & Accessory,5.0,Married,2.0,0.0,8.0,140.37,0.0,44.510999999999996,1,0,New,56.148
0.0,11.0,4.0,Mobile,3.0,Single,1.0,0.0,0.0,129.66,0.0,40.498,1,0,,25.932
4.0,23.0,4.0,Laptop & Accessory,3.0,Married,10.0,0.0,3.0,178.01,0.0,56.203,1,0,New,35.602
3.0,14.0,3.0,Mobile,2.0,Single,1.0,0.0,7.0,125.64,0.0,39.792,1,0,New,31.41
14.0,27.0,4.0,Fashion,1.0,Married,6.0,0.0,3.0,228.22,0.0,74.26599999999999,1,0,Loyal,45.644
9.0,26.0,3.0,Mobile,4.0,Married,1.0,1.0,4.0,121.48,0.0,40.34400000000001,1,1,Regular,30.37
0.0,21.0,3.0,Fashion,3.0,Divorced,8.0,1.0,7.0,236.1,0.0,72.03,1,1,,59.025
9.0,15.0,3.0,Mobile Phone,5.0,Married,2.0,0.0,0.0,117.9,0.0,39.27,1,0,Regular,29.475
9.0,21.0,5.0,Laptop & Accessory,1.0,Married,2.0,0.0,11.0,154.06,0.0,50.918,1,0,Regular,25.676666666666666
10.0,11.0,5.0,Laptop & Accessory,2.0,Single,3.0,0.0,9.0,183.1,0.0,59.93,1,0,Regular,30.516666666666666
7.0,28.0,2.0,Mobile Phone,4.0,Married,3.0,0.0,14.0,145.28,0.0,46.483999999999995,1,0,Regular,48.42666666666667
20.0,14.0,4.0,Mobile Phone,3.0,Married,10.0,0.0,9.0,148.39,0.0,52.117,1,0,Loyal,29.677999999999997
25.0,18.0,5.0,Grocery,4.0,Single,5.0,0.0,4.0,256.42,0.0,86.426,1,0,VIP,42.73666666666667
21.0,21.0,4.0,Laptop & Accessory,4.0,Married,10.0,0.0,8.0,179.67,0.0,61.800999999999995,1,0,Loyal,35.934
12.0,7.0,2.0,Mobile Phone,3.0,Married,3.0,0.0,1.0,153.44,0.0,50.431999999999995,1,0,Regular,51.14666666666667
13.0,30.0,3.0,Laptop & Accessory,1.0,Married,2.0,0.0,7.0,133.19,0.0,45.057,1,0,Loyal,33.2975
9.0,8.0,5.0,Laptop & Accessory,1.0,Married,2.0,0.0,1.0,178.63,0.0,58.289,1,0,Regular,29.771666666666665
16.0,9.0,4.0,Grocery,3.0,Divorced,2.0,1.0,11.0,269.57500000000005,0.0,87.27250000000001,1,1,Loyal,53.915000000000006
19.0,31.0,4.0,Mobile Phone,4.0,Single,3.0,0.0,5.0,146.77,0.0,51.331,1,0,Loyal,29.354000000000003
13.0,10.0,2.0,Laptop & Accessory,4.0,Married,11.0,0.0,7.0,188.89,0.0,61.36699999999999,1,0,Loyal,62.96333333333333
22.0,9.0,2.0,Mobile Phone,4.0,Single,7.0,0.0,1.0,150.59,0.0,52.577,1,0,Loyal,50.196666666666665
0.0,9.0,3.0,Mobile Phone,3.0,Single,2.0,0.0,7.0,140.84,0.0,43.452000000000005,1,0,,35.21
13.0,7.0,5.0,Grocery,1.0,Married,3.0,0.0,9.0,252.42,0.0,81.626,1,0,Loyal,42.07
13.0,14.0,4.0,Fashion,4.0,Married,3.0,0.0,8.0,237.57,0.0,76.771,1,0,Loyal,47.513999999999996
3.0,12.0,5.0,Laptop & Accessory,4.0,Married,3.0,1.0,10.0,166.87,0.0,52.961,1,1,New,27.811666666666667
18.0,19.0,1.5,Grocery,3.0,Single,7.0,1.0,8.0,236.95,0.0,77.085,1,1,Loyal,94.78
1.0,12.0,4.0,Others,3.0,Married,8.0,0.0,1.0,269.57500000000005,0.0,82.77250000000001,1,0,New,53.915000000000006
12.0,7.0,4.0,Mobile Phone,4.0,Married,2.0,1.0,3.0,154.91,0.0,51.673,1,1,Regular,30.982
4.0,8.0,4.0,Mobile Phone,4.0,Married,3.0,0.0,8.0,162.48,0.0,51.544,1,0,New,32.495999999999995
19.0,35.0,5.0,Grocery,4.0,Single,3.0,0.0,7.0,269.57500000000005,0.0,88.57250000000002,1,0,Loyal,44.929166666666674
9.0,6.0,3.0,Laptop & Accessory,1.0,Married,2.0,1.0,11.0,162.01,0.0,52.503,1,1,Regular,40.5025
0.0,6.0,4.0,Laptop & Accessory,5.0,Divorced,6.0,0.0,0.0,142.98,0.0,44.494,1,0,,28.595999999999997
8.0,5.0,3.0,Fashion,5.0,Married,2.0,0.0,8.0,190.69,0.0,60.807,1,0,Regular,47.6725
1.0,15.0,4.0,Mobile Phone,5.0,Married,3.0,1.0,1.0,148.98,0.0,46.593999999999994,1,1,New,29.796
10.0,15.0,4.0,Fashion,3.0,Married,3.0,0.0,3.0,225.96,0.0,72.38799999999999,1,0,Regular,45.192
22.0,9.0,4.0,Laptop & Accessory,5.0,Married,5.0,0.0,2.0,147.89,0.0,52.567,1,0,Loyal,29.577999999999996
8.0,24.0,3.0,Laptop & Accessory,3.0,Married,2.0,1.0,2.0,156.89,0.0,50.666999999999994,1,1,Regular,39.2225
1.0,19.0,4.0,Mobile Phone,2.0,Divorced,3.0,1.0,1.0,150.15,0.0,46.945,1,1,New,30.03
1.0,16.0,5.0,Mobile Phone,5.0,Single,9.0,0.0,4.0,159.07,0.0,50.020999999999994,1,0,New,26.511666666666667
18.0,7.0,2.0,Laptop & Accessory,5.0,Married,4.0,0.0,3.0,175.33,0.0,58.799,1,0,Loyal,58.443333333333335
4.0,7.0,4.0,Laptop & Accessory,1.0,Single,3.0,0.0,8.0,165.11,0.0,52.333000000000006,1,0,New,33.022000000000006
12.0,9.0,4.0,Mobile Phone,3.0,Divorced,8.0,1.0,2.0,155.57,0.0,51.871,1,1,Regular,31.113999999999997
22.0,9.0,4.0,Laptop & Accessory,1.0,Married,4.0,0.0,8.0,165.51,0.0,57.853,1,0,Loyal,33.102
2.0,25.0,4.0,Laptop & Accessory,3.0,Married,2.0,0.0,4.0,186.2,0.0,58.059999999999995,1,0,New,37.239999999999995
1.0,10.0,3.0,Laptop & Accessory,2.0,Married,3.0,1.0,5.0,171.47,0.0,52.940999999999995,1,1,New,42.8675
1.0,7.0,3.0,Mobile,1.0,Married,2.0,0.0,2.0,127.06,0.0,39.618,1,0,New,31.765
3.0,34.0,4.0,Laptop & Accessory,3.0,Married,6.0,0.0,2.0,168.35,0.0,53.004999999999995,1,0,New,33.67
16.0,8.0,4.0,Fashion,1.0,Married,1.0,0.0,9.0,201.69,0.0,66.907,1,0,Loyal,40.338
14.0,13.0,3.0,Laptop & Accessory,3.0,Single,7.0,0.0,1.0,150.03,0.0,50.409000000000006,1,0,Loyal,37.5075
12.0,12.0,3.0,Fashion,4.0,Single,5.0,0.0,2.0,183.76,0.0,59.928,1,0,Regular,45.94
10.0,10.0,3.0,Mobile Phone,2.0,Married,5.0,0.0,8.0,71.37499999999997,0.0,25.61249999999999,1,0,Regular,17.843749999999993
18.0,35.0,3.0,Mobile,1.0,Single,6.0,0.0,3.0,134.52,0.0,46.956,1,0,Loyal,33.63
20.0,10.0,3.0,Laptop & Accessory,2.0,Single,2.0,1.0,7.0,141.63,0.0,49.689,1,1,Loyal,35.4075
1.0,25.0,4.0,Laptop & Accessory,3.0,Married,2.0,1.0,3.0,171.14,0.0,53.24199999999999,1,1,New,34.227999999999994
26.0,14.0,3.0,Laptop & Accessory,1.0,Single,3.0,0.0,2.0,124.5,0.0,46.35,1,0,VIP,31.125
9.0,15.0,1.5,Mobile,4.0,Married,2.0,0.0,2.0,128.1,0.0,41.730000000000004,1,0,Regular,51.239999999999995
21.0,6.0,1.5,Grocery,2.0,Single,3.0,0.0,1.0,268.85,0.0,87.55499999999999,1,0,Loyal,107.54
2.0,8.0,3.0,Grocery,1.0,Married,8.0,0.0,3.0,221.69,0.0,68.30699999999999,1,0,New,55.4225
16.0,12.0,4.0,Others,3.0,Married,8.0,0.0,14.0,269.57500000000005,0.0,87.27250000000001,1,0,Loyal,53.915000000000006
1.0,16.0,3.0,Mobile Phone,4.0,Married,2.0,0.0,0.0,110.52,0.0,34.656,1,0,New,27.63
7.0,14.0,1.5,Laptop & Accessory,3.0,Married,2.0,0.0,8.0,167.99,0.0,53.097,1,0,Regular,67.196
20.0,9.0,4.0,Fashion,1.0,Married,6.0,1.0,3.0,228.68,0.0,76.204,1,1,Loyal,45.736000000000004
30.0,7.0,4.0,Laptop & Accessory,3.0,Married,3.0,0.0,10.0,188.06,0.0,67.018,1,0,VIP,37.612
16.0,33.0,4.0,Fashion,5.0,Married,5.0,1.0,1.0,256.91,0.0,83.473,1,1,Loyal,51.382000000000005
1.0,8.0,4.0,Mobile Phone,5.0,Single,2.0,0.0,7.0,153.67,0.0,48.00099999999999,1,0,New,30.733999999999998
1.0,35.0,5.0,Laptop & Accessory,4.0,Divorced,2.0,0.0,7.0,165.49,0.0,51.946999999999996,1,0,New,27.581666666666667
1.0,7.0,4.0,Laptop & Accessory,4.0,Married,3.0,0.0,5.0,188.97,0.0,58.590999999999994,1,0,New,37.794
20.0,31.0,4.0,Mobile Phone,1.0,Single,3.0,0.0,1.0,150.87,0.0,52.861000000000004,1,0,Loyal,30.174
27.0,23.0,3.0,Fashion,3.0,Married,9.0,0.0,8.0,207.39,0.0,71.517,1,0,VIP,51.8475
30.0,16.0,4.0,Grocery,1.0,Married,9.0,0.0,2.0,236.03,0.0,81.40899999999999,1,0,VIP,47.206
3.0,10.0,5.0,Fashion,3.0,Married,3.0,0.0,8.0,244.35,0.0,76.205,1,0,New,40.725
12.0,15.0,3.0,Others,1.0,Single,3.0,0.0,3.0,269.57500000000005,0.0,85.67250000000001,1,0,Regular,67.39375000000001
3.0,13.0,3.0,Mobile,4.0,Single,1.0,0.0,2.0,129.83,0.0,41.04900000000001,1,0,New,32.4575
27.0,30.0,4.0,Grocery,2.0,Single,8.0,0.0,9.0,267.75,0.0,90.02499999999999,1,0,VIP,53.55
24.0,7.0,4.0,Grocery,1.0,Married,11.0,0.0,4.0,269.57500000000005,0.0,89.67250000000001,1,0,Loyal,53.915000000000006
28.0,10.0,3.0,Laptop & Accessory,3.0,Married,1.0,1.0,2.0,140.35,0.0,51.705,1,1,VIP,35.0875
1.0,17.0,4.0,Laptop & Accessory,3.0,Married,3.0,1.0,4.0,167.6,0.0,52.17999999999999,1,1,New,33.519999999999996
9.0,11.0,3.0,Laptop & Accessory,4.0,Single,9.0,0.0,7.0,159.14,0.0,51.642,1,0,Regular,39.785
8.0,15.0,2.0,Laptop & Accessory,3.0,Married,4.0,0.0,3.0,169.04,0.0,53.91199999999999,1,0,Regular,56.346666666666664
14.0,15.0,4.0,Laptop & Accessory,3.0,Divorced,5.0,1.0,4.0,192.96,0.0,63.688,1,1,Loyal,38.592
21.0,11.0,4.0,Laptop & Accessory,2.0,Single,3.0,1.0,8.0,166.63,0.0,57.888999999999996,1,1,Loyal,33.326
1.0,12.0,4.0,Mobile Phone,4.0,Single,2.0,0.0,3.0,149.22,0.0,46.666,1,0,New,29.844
4.0,29.0,4.0,Laptop & Accessory,1.0,Married,1.0,0.0,8.0,155.82,0.0,49.546,1,0,New,31.163999999999998
13.0,9.0,4.0,Mobile,3.0,Married,2.0,1.0,2.0,126.83,0.0,43.549,1,1,Loyal,25.366
20.0,20.0,3.0,Laptop & Accessory,5.0,Single,3.0,0.0,7.0,149.6,0.0,52.08,1,0,Loyal,37.4
14.0,35.0,5.0,Fashion,5.0,Married,6.0,1.0,1.0,233.54,0.0,76.262,1,1,Loyal,38.92333333333333
27.0,26.0,3.0,Laptop & Accessory,3.0,Single,4.0,0.0,3.0,148.69,0.0,53.907000000000004,1,0,VIP,37.1725
14.0,16.0,4.0,Fashion,3.0,Single,11.0,0.0,14.0,259.99,0.0,83.797,1,0,Loyal,51.998000000000005
2.0,34.0,4.0,Mobile Phone,5.0,Single,2.0,0.0,4.0,137.85,0.0,43.555,1,0,New,27.57
0.0,16.0,3.0,Laptop & Accessory,3.0,Married,2.0,1.0,3.0,142.6,0.0,43.98,1,1,,35.65
3.0,16.0,2.0,Mobile Phone,3.0,Married,8.0,0.0,1.0,149.51,0.0,46.55299999999999,1,0,New,49.836666666666666
1.0,25.0,5.0,Mobile Phone,2.0,Single,3.0,1.0,2.0,148.89,0.0,46.96699999999999,1,1,New,24.814999999999998
13.0,9.0,4.0,Fashion,3.0,Single,2.0,0.0,9.0,234.38,0.0,75.814,1,0,Loyal,46.876
1.0,17.0,2.0,Mobile Phone,3.0,Single,3.0,0.0,3.0,160.05,0.0,49.114999999999995,1,0,New,53.35
4.0,13.0,4.0,Fashion,1.0,Married,10.0,0.0,3.0,215.57,0.0,67.47099999999999,1,0,New,43.114
8.0,28.0,2.0,Laptop & Accessory,1.0,Single,3.0,0.0,8.0,178.37,0.0,56.711,1,0,Regular,59.45666666666667
1.0,14.0,4.0,Mobile Phone,4.0,Single,3.0,0.0,1.0,151.79,0.0,47.437,1,0,New,30.357999999999997
14.0,12.0,5.0,Fashion,5.0,Married,7.0,1.0,3.0,229.75,0.0,75.125,1,1,Loyal,38.291666666666664
5.0,12.0,4.0,Laptop & Accessory,1.0,Married,3.0,0.0,3.0,179.76,0.0,57.028,1,0,New,35.952
14.0,15.0,4.0,Laptop & Accessory,5.0,Married,4.0,1.0,1.0,190.16,0.0,62.848,1,1,Loyal,38.032
0.0,35.0,3.0,Laptop & Accessory,3.0,Married,6.0,0.0,0.0,143.06,0.0,44.118,1,0,,35.765
8.0,27.0,3.0,Laptop & Accessory,2.0,Divorced,2.0,1.0,7.0,140.14,0.0,45.641999999999996,1,1,Regular,35.035
16.0,10.0,2.0,Laptop & Accessory,2.0,Divorced,4.0,1.0,4.0,177.31,0.0,58.79299999999999,1,1,Loyal,59.10333333333333
2.0,14.0,4.0,Laptop & Accessory,5.0,Single,2.0,0.0,4.0,173.98,0.0,54.394,1,0,New,34.796
19.0,7.0,5.0,Fashion,3.0,Married,5.0,0.0,5.0,232.48,0.0,77.444,1,0,Loyal,38.74666666666666
9.0,29.0,3.0,Mobile,1.0,Single,10.0,0.0,2.0,122.01,0.0,40.50300000000001,1,0,Regular,30.5025
1.0,24.0,4.0,Mobile Phone,4.0,Married,2.0,1.0,2.0,155.58,0.0,48.574,1,1,New,31.116000000000003
4.0,9.0,5.5,Laptop & Accessory,1.0,Single,4.0,0.0,3.0,185.91,0.0,59.173,1,0,New,28.60153846153846
31.0,7.0,5.5,Fashion,1.0,Married,5.0,0.0,1.0,233.83,0.0,81.649,1,0,VIP,35.973846153846154
30.0,27.0,3.0,Grocery,1.0,Married,5.0,1.0,0.0,269.57500000000005,0.0,91.07250000000002,1,1,VIP,67.39375000000001
11.0,13.0,4.0,Laptop & Accessory,1.0,Married,6.0,0.0,2.0,190.02,0.0,61.906,1,0,Regular,38.004000000000005
9.0,7.0,5.0,Laptop & Accessory,5.0,Single,2.0,0.0,9.0,168.12,0.0,55.136,1,0,Regular,28.02
14.0,16.0,4.0,Others,1.0,Married,4.0,0.0,6.0,269.57500000000005,0.0,86.67250000000001,1,0,Loyal,53.915000000000006
9.0,28.0,5.0,Mobile Phone,3.0,Married,2.0,0.0,0.0,115.55,0.0,39.365,1,0,Regular,19.258333333333333
9.0,7.0,4.0,Fashion,3.0,Single,3.0,0.0,3.0,212.89,0.0,68.16699999999999,1,0,Regular,42.577999999999996
4.0,22.0,5.0,Fashion,5.0,Married,4.0,0.0,8.0,196.4,0.0,62.120000000000005,1,0,New,32.733333333333334
0.0,28.0,3.0,Mobile,3.0,Single,2.0,0.0,2.0,134.47,0.0,41.541000000000004,1,0,,33.6175
0.0,32.0,4.0,Laptop & Accessory,5.0,Single,6.0,0.0,1.0,166.96,0.0,51.688,1,0,,33.392
2.0,8.0,4.0,Mobile Phone,5.0,Single,3.0,1.0,0.0,136.46,0.0,43.138000000000005,1,1,New,27.292
2.0,36.0,4.0,Laptop & Accessory,5.0,Married,9.0,1.0,1.0,191.73,0.0,59.719,1,1,New,38.346
28.0,26.0,3.0,Laptop & Accessory,1.0,Married,4.0,1.0,8.0,154.15,0.0,55.845,1,1,VIP,38.5375
2.0,6.0,3.0,Fashion,2.0,Divorced,2.0,0.0,1.0,179.18,0.0,55.554,1,0,New,44.795
0.0,9.0,1.5,Laptop & Accessory,1.0,Married,2.0,1.0,4.0,146.47,0.0,44.541,1,1,,58.588
2.0,26.0,3.0,Mobile Phone,1.0,Married,2.0,0.0,10.0,138.12,0.0,43.236000000000004,1,0,New,34.53
23.0,14.0,3.0,Mobile Phone,4.0,Married,8.0,0.0,2.0,138.75,0.0,49.725,1,0,Loyal,34.6875
2.0,8.0,3.0,Mobile,4.0,Married,1.0,0.0,4.0,127.03,0.0,39.909000000000006,1,0,New,31.7575
0.0,24.0,3.0,Laptop & Accessory,3.0,Married,1.0,1.0,2.0,146.14,0.0,45.041999999999994,1,1,,36.535
15.0,8.0,3.0,Grocery,5.0,Married,1.0,0.0,7.0,269.57500000000005,0.0,86.57250000000002,1,0,Loyal,67.39375000000001
8.0,14.0,4.0,Fashion,1.0,Married,5.0,1.0,12.0,203.77,0.0,65.131,1,1,Regular,40.754000000000005
7.0,9.0,4.0,Laptop & Accessory,1.0,Married,4.0,1.0,1.0,181.03,0.0,58.009,1,1,Regular,36.206
16.0,13.0,3.0,Fashion,5.0,Divorced,9.0,0.0,0.0,199.85,0.0,65.955,1,0,Loyal,49.9625
13.0,20.0,5.0,Grocery,4.0,Married,8.0,1.0,3.0,269.57500000000005,0.0,86.77250000000002,1,1,Loyal,44.929166666666674
13.0,20.0,3.0,Laptop & Accessory,5.0,Married,2.0,0.0,2.0,146.39,0.0,49.016999999999996,1,0,Loyal,36.5975
19.0,20.0,3.0,Mobile Phone,4.0,Divorced,10.0,1.0,3.0,149.63,0.0,51.789,1,1,Loyal,37.4075
9.0,13.0,5.5,Laptop & Accessory,2.0,Single,3.0,0.0,9.0,191.46,0.0,62.33800000000001,1,0,Regular,29.455384615384617
29.0,6.0,3.0,Laptop & Accessory,3.0,Married,2.0,0.0,9.0,163.06,0.0,58.818,1,0,VIP,40.765
9.0,15.0,3.0,Mobile,2.0,Single,2.0,0.0,1.0,122.88,0.0,40.764,1,0,Regular,30.72
16.0,33.0,4.0,Fashion,5.0,Divorced,5.0,1.0,1.0,256.91,0.0,83.473,1,1,Loyal,51.382000000000005
4.0,8.0,3.0,Fashion,3.0,Married,2.0,1.0,6.0,198.52,0.0,61.956,1,1,New,49.63
10.0,15.0,4.0,Laptop & Accessory,1.0,Married,6.0,0.0,8.0,175.79,0.0,57.336999999999996,1,0,Regular,35.158
1.0,12.0,4.0,Mobile Phone,3.0,Single,3.0,1.0,3.0,159.41,0.0,49.723,1,1,New,31.881999999999998
9.0,13.0,1.5,Laptop & Accessory,5.0,Married,3.0,0.0,13.0,146.39,0.0,47.217,1,0,Regular,58.556
0.0,29.0,4.0,Laptop & Accessory,3.0,Married,4.0,1.0,1.0,159.16,0.0,49.348,1,1,,31.832
26.0,9.0,3.0,Grocery,3.0,Divorced,4.0,1.0,3.0,269.57500000000005,0.0,89.87250000000002,1,1,VIP,67.39375000000001
1.0,9.0,4.0,Mobile Phone,5.0,Married,2.0,0.0,3.0,155.41,0.0,48.522999999999996,1,0,New,31.082
17.0,35.0,3.0,Laptop & Accessory,2.0,Single,2.0,0.0,14.5,145.41,0.0,49.923,1,0,Loyal,36.3525
1.0,30.0,5.0,Laptop & Accessory,3.0,Married,5.0,1.0,2.0,184.16,0.0,57.547999999999995,1,1,New,30.69333333333333
13.0,26.0,3.0,Fashion,1.0,Married,5.0,0.0,1.0,203.22,0.0,66.066,1,0,Loyal,50.805
2.0,14.0,4.0,Laptop & Accessory,1.0,Married,2.0,1.0,2.0,150.56,0.0,47.368,1,1,New,30.112000000000002
1.0,15.0,4.0,Mobile Phone,1.0,Single,3.0,0.0,5.0,159.45,0.0,49.73499999999999,1,0,New,31.889999999999997
16.0,20.0,3.0,Grocery,5.0,Divorced,7.0,0.0,0.0,269.57500000000005,0.0,86.87250000000002,1,0,Loyal,67.39375000000001
5.0,9.0,3.0,Laptop & Accessory,5.0,Married,2.0,0.0,3.0,167.25,0.0,52.875,1,0,New,41.8125
0.0,14.0,3.0,Mobile,1.0,Single,1.0,1.0,2.0,123.79,0.0,38.337,1,1,,30.9475
5.0,8.0,3.0,Mobile,1.0,Single,1.0,0.0,6.0,130.68,0.0,41.904,1,0,New,32.67
0.0,32.0,4.0,Mobile,3.0,Married,2.0,1.0,3.0,128.14,0.0,40.041999999999994,1,1,,25.627999999999997
16.0,28.0,4.0,Laptop & Accessory,3.0,Married,4.0,0.0,3.0,177.65,0.0,59.695,1,0,Loyal,35.53
4.0,6.0,3.0,Laptop & Accessory,1.0,Single,9.0,1.0,5.0,159.93,0.0,50.379000000000005,1,1,New,39.9825
8.0,13.0,3.0,Laptop & Accessory,1.0,Married,2.0,1.0,9.0,152.04,0.0,49.211999999999996,1,1,Regular,38.01
0.0,13.0,3.0,Mobile,4.0,Single,2.0,0.0,0.0,126.79,0.0,39.237,1,0,,31.6975
0.0,14.0,3.0,Mobile,4.0,Single,2.0,1.0,2.0,124.78,0.0,38.634,1,1,,31.195
11.0,7.0,4.0,Mobile Phone,1.0,Single,3.0,0.0,8.0,146.15,0.0,48.745,1,0,Regular,29.23
20.0,14.0,4.0,Mobile Phone,3.0,Married,10.0,0.0,9.0,148.39,0.0,52.117,1,0,Loyal,29.677999999999997
3.0,10.0,4.0,Mobile Phone,5.0,Single,3.0,1.0,6.0,172.23,0.0,54.169,1,1,New,34.446
11.0,9.0,3.0,Mobile,3.0,Divorced,4.0,0.0,2.0,128.21,0.0,42.963,1,0,Regular,32.0525
4.0,14.0,4.0,Mobile Phone,4.0,Single,2.0,0.0,3.0,154.83,0.0,49.24900000000001,1,0,New,30.966
9.0,22.0,5.0,Mobile,5.0,Married,2.0,1.0,0.0,123.07,0.0,41.621,1,1,Regular,20.511666666666667
0.0,14.0,4.0,Mobile Phone,3.0,Single,2.0,1.0,2.0,139.89,0.0,43.56699999999999,1,1,,27.977999999999998
8.0,10.0,4.0,Laptop & Accessory,4.0,Married,3.0,0.0,10.0,179.33,0.0,57.799,1,0,Regular,35.866
5.0,7.0,5.5,Laptop & Accessory,5.0,Married,3.0,0.0,8.0,175.03,0.0,56.209,1,0,New,26.927692307692308
1.0,21.0,4.0,Mobile Phone,3.0,Single,3.0,0.0,1.0,140.14,0.0,43.94199999999999,1,0,New,28.028
6.0,9.0,4.0,Laptop & Accessory,4.0,Married,2.0,0.0,7.0,179.7,0.0,57.309999999999995,1,0,New,35.94
9.0,10.0,4.0,Laptop & Accessory,1.0,Single,2.0,0.0,8.0,158.1,0.0,51.730000000000004,1,0,Regular,31.619999999999997
12.0,13.0,5.0,Mobile Phone,3.0,Married,3.0,0.0,5.0,162.02,0.0,54.206,1,0,Regular,27.003333333333334
0.0,29.0,3.0,Mobile,2.0,Married,2.0,0.0,2.0,128.86,0.0,39.858000000000004,1,0,,32.215
0.0,6.0,3.0,Laptop & Accessory,4.0,Married,1.0,1.0,4.0,163.49,0.0,50.24700000000001,1,1,,40.8725
14.0,7.0,3.0,Mobile,1.0,Married,4.0,0.0,0.0,127.82,0.0,43.746,1,0,Loyal,31.955
2.0,7.0,3.0,Mobile Phone,1.0,Married,2.0,0.0,2.0,137.6,0.0,43.08,1,0,New,34.4
1.0,7.0,4.0,Mobile Phone,4.0,Single,3.0,1.0,5.0,157.02,0.0,49.006,1,1,New,31.404000000000003
4.0,11.0,3.0,Mobile Phone,2.0,Divorced,1.0,1.0,3.0,148.21,0.0,46.86300000000001,1,1,New,37.0525
1.0,9.0,2.0,Laptop & Accessory,2.0,Divorced,3.0,0.0,4.0,179.72,0.0,55.01599999999999,1,0,New,59.906666666666666
5.0,14.0,4.0,Laptop & Accessory,4.0,Married,2.0,1.0,9.0,152.28,0.0,48.784,1,1,New,30.456
22.0,6.0,4.0,Grocery,3.0,Single,8.0,1.0,7.0,239.64,0.0,80.09199999999998,1,1,Loyal,47.928
7.0,14.0,3.0,Mobile,4.0,Married,2.0,1.0,3.0,123.42,0.0,40.326,1,1,Regular,30.855
1.0,7.0,5.0,Mobile Phone,5.0,Single,8.0,0.0,8.0,148.62,0.0,46.885999999999996,1,0,New,24.77
6.0,20.0,5.0,Mobile Phone,4.0,Married,3.0,0.0,3.0,159.0,0.0,51.49999999999999,1,0,New,26.5
0.0,7.0,5.0,Laptop & Accessory,4.0,Single,7.0,0.0,0.0,167.35,0.0,52.205,1,0,,27.891666666666666
17.0,6.0,1.5,Laptop & Accessory,5.0,Married,3.0,0.0,2.0,150.33,0.0,50.79900000000001,1,0,Loyal,60.132000000000005
18.0,6.0,3.0,Fashion,4.0,Married,2.0,0.0,7.0,174.41,0.0,58.923,1,0,Loyal,43.6025
17.0,10.0,5.5,Others,2.0,Divorced,5.0,0.0,8.0,269.57500000000005,0.0,88.17250000000001,1,0,Loyal,41.47307692307693
15.0,16.0,4.0,Others,3.0,Married,4.0,0.0,12.0,269.57500000000005,0.0,86.97250000000001,1,0,Loyal,53.915000000000006
25.0,21.0,4.0,Laptop & Accessory,1.0,Married,6.0,0.0,8.0,174.36,0.0,61.408,1,0,VIP,34.872
13.0,27.0,4.0,Laptop & Accessory,1.0,Married,4.0,0.0,3.0,166.27,0.0,55.381,1,0,Loyal,33.254000000000005
8.0,17.0,4.0,Laptop & Accessory,3.0,Married,3.0,1.0,8.0,165.01,0.0,53.50299999999999,1,1,Regular,33.001999999999995
1.0,9.0,4.0,Mobile Phone,5.0,Married,3.0,1.0,1.0,145.74,0.0,45.622,1,1,New,29.148000000000003
9.0,22.0,5.0,Mobile,5.0,Married,2.0,1.0,0.0,123.07,0.0,41.621,1,1,Regular,20.511666666666667
3.0,11.0,4.0,Mobile Phone,1.0,Married,10.0,0.0,3.0,137.61,0.0,43.783,1,0,New,27.522000000000002
11.0,8.0,3.0,Mobile,3.0,Divorced,7.0,1.0,1.0,130.57,0.0,43.671,1,1,Regular,32.6425
1.0,9.0,5.0,Mobile Phone,1.0,Single,3.0,0.0,1.0,150.64,0.0,47.49199999999999,1,0,New,25.106666666666666
0.0,10.0,3.0,Fashion,5.0,Single,1.0,1.0,7.0,195.82,0.0,59.946,1,1,,48.955
13.0,32.0,3.0,Laptop & Accessory,5.0,Married,2.0,0.0,5.0,183.96,0.0,60.288000000000004,1,0,Loyal,45.99
10.0,9.0,4.0,Mobile Phone,1.0,Single,5.0,1.0,3.0,151.44,0.0,50.032,1,1,Regular,30.288
2.0,23.0,4.0,Mobile Phone,3.0,Single,3.0,0.0,5.0,146.44,0.0,46.132,1,0,New,29.288
5.0,7.0,5.5,Laptop & Accessory,3.0,Divorced,2.0,0.0,5.0,168.45,0.0,54.235,1,0,New,25.915384615384614
24.0,17.0,4.0,Grocery,4.0,Single,4.0,0.0,3.0,231.42,0.0,78.22599999999998,1,0,Loyal,46.284
6.0,14.0,4.0,Mobile,1.0,Single,1.0,0.0,2.0,123.42,0.0,40.425999999999995,1,0,New,24.684
16.0,16.0,4.0,Laptop & Accessory,3.0,Married,2.0,0.0,0.0,152.57,0.0,52.17099999999999,1,0,Loyal,30.514
2.0,15.0,4.0,Mobile Phone,1.0,Single,1.0,0.0,2.0,139.83,0.0,44.14900000000001,1,0,New,27.966
1.0,32.0,2.0,Mobile Phone,1.0,Single,3.0,1.0,2.0,154.94,0.0,47.581999999999994,1,1,New,51.64666666666667
9.0,32.0,5.0,Laptop & Accessory,1.0,Single,6.0,0.0,3.0,161.81,0.0,53.243,1,0,Regular,26.968333333333334
6.0,36.0,4.0,Mobile Phone,3.0,Single,11.0,0.0,8.0,165.25,0.0,52.974999999999994,1,0,New,33.05
15.0,15.0,3.0,Mobile Phone,1.0,Single,2.0,0.0,8.0,136.73,0.0,46.719,1,0,Loyal,34.1825
9.0,20.0,3.0,Mobile Phone,3.0,Single,2.0,0.0,0.0,115.14,0.0,38.44200000000001,1,0,Regular,28.785
8.0,7.0,4.0,Mobile Phone,2.0,Divorced,3.0,0.0,9.0,151.91,0.0,49.573,1,0,Regular,30.381999999999998
1.0,11.0,4.0,Mobile Phone,4.0,Single,3.0,0.0,3.0,157.95,0.0,49.285,1,0,New,31.589999999999996
3.0,31.0,4.0,Fashion,4.0,Single,3.0,1.0,0.0,190.94,0.0,59.782,1,1,New,38.188
0.0,14.0,3.0,Mobile,5.0,Single,6.0,1.0,4.0,126.57,0.0,39.171,1,1,,31.6425
9.0,6.0,4.0,Mobile,3.0,Married,2.0,0.0,3.0,120.07,0.0,40.321,1,0,Regular,24.014
5.0,19.0,4.0,Mobile,4.0,Married,2.0,0.0,2.0,134.0,0.0,43.3,1,0,New,26.8
3.0,23.0,3.0,Fashion,5.0,Divorced,2.0,1.0,3.0,219.16000000000005,0.0,67.84800000000003,1,1,New,54.79000000000001
10.0,10.0,2.0,Laptop & Accessory,5.0,Married,8.0,0.0,5.0,193.42,0.0,61.82599999999999,1,0,Regular,64.47333333333333
1.0,36.0,5.0,Laptop & Accessory,3.0,Single,3.0,0.0,9.0,170.08,0.0,53.324,1,0,New,28.346666666666668
10.0,31.0,4.0,Laptop & Accessory,2.0,Married,8.0,0.0,3.0,157.31,0.0,51.793,1,0,Regular,31.462
20.0,12.0,4.0,Laptop & Accessory,4.0,Married,3.0,1.0,3.0,175.21,0.0,60.163000000000004,1,1,Loyal,35.042
9.0,6.0,3.0,Mobile Phone,3.0,Divorced,2.0,0.0,1.0,112.23,0.0,37.569,1,0,Regular,28.0575
12.0,8.0,1.5,Fashion,3.0,Single,1.0,0.0,7.0,178.8,0.0,57.84,1,0,Regular,71.52000000000001
12.0,25.0,3.0,Laptop & Accessory,1.0,Married,9.0,0.0,2.0,139.02,0.0,46.50600000000001,1,0,Regular,34.755
8.0,16.0,4.0,Laptop & Accessory,3.0,Married,3.0,0.0,4.0,182.14,0.0,58.641999999999996,1,0,Regular,36.428
11.0,8.0,3.0,Fashion,4.0,Single,8.0,0.0,0.0,173.51,0.0,56.553,1,0,Regular,43.3775
10.0,10.0,4.0,Mobile Phone,4.0,Single,6.0,0.0,3.0,145.88,0.0,48.364,1,0,Regular,29.176
4.0,13.0,2.0,Laptop & Accessory,2.0,Divorced,5.0,0.0,7.0,169.29,0.0,52.787,1,0,New,56.43
1.0,12.0,5.0,Laptop & Accessory,3.0,Single,3.0,1.0,4.0,182.44,0.0,57.032,1,1,New,30.406666666666666
0.0,16.0,3.0,Fashion,5.0,Married,2.0,0.0,7.0,187.93,0.0,57.579,1,0,,46.9825
10.0,12.0,4.0,Laptop & Accessory,4.0,Single,10.0,0.0,8.0,184.14,0.0,59.842,1,0,Regular,36.827999999999996
9.0,14.0,2.0,Fashion,5.0,Divorced,10.0,0.0,3.0,217.13,0.0,68.639,1,0,Regular,72.37666666666667
1.0,21.0,5.0,Mobile Phone,4.0,Married,3.0,1.0,3.0,162.43,0.0,51.028999999999996,1,1,New,27.07166666666667
13.0,17.0,4.0,Laptop & Accessory,5.0,Married,4.0,0.0,8.0,178.77,0.0,59.131,1,0,Loyal,35.754000000000005
6.0,31.0,4.0,Laptop & Accessory,2.0,Divorced,3.0,0.0,8.0,178.09,0.0,56.827,1,0,New,35.618
1.0,17.0,5.0,Mobile Phone,5.0,Single,8.0,1.0,1.0,149.04,0.0,47.01199999999999,1,1,New,24.84
30.0,7.0,1.5,Laptop & Accessory,3.0,Married,1.0,0.0,8.0,149.0,0.0,54.3,1,0,VIP,59.6
3.0,35.0,3.0,Laptop & Accessory,5.0,Married,9.0,0.0,3.0,141.15,0.0,44.445,1,0,New,35.2875
11.0,8.0,3.0,Laptop & Accessory,3.0,Divorced,10.0,0.0,0.0,165.53,0.0,54.159,1,0,Regular,41.3825
1.0,17.0,4.0,Laptop & Accessory,1.0,Single,2.0,0.0,2.0,174.5,0.0,54.25,1,0,New,34.9
6.0,8.0,3.0,Mobile Phone,3.0,Married,2.0,0.0,4.0,136.0,0.0,43.8,1,0,New,34.0
7.0,7.0,3.0,Mobile,5.0,Married,6.0,0.0,3.0,129.96,0.0,42.288000000000004,1,0,Regular,32.49
15.0,9.0,1.5,Laptop & Accessory,1.0,Married,3.0,1.0,3.0,152.31,0.0,50.793,1,1,Loyal,60.924
18.0,7.0,5.0,Laptop & Accessory,3.0,Single,6.0,0.0,3.0,184.85,0.0,62.855,1,0,Loyal,30.808333333333334
8.0,7.0,2.0,Laptop & Accessory,1.0,Married,2.0,0.0,3.0,222.25,0.0,69.875,1,0,Regular,74.08333333333333
14.0,16.0,4.0,Grocery,5.0,Married,5.0,0.0,7.0,269.57500000000005,0.0,86.67250000000001,1,0,Loyal,53.915000000000006
7.0,16.0,3.0,Mobile,3.0,Single,2.0,1.0,2.0,129.36,0.0,42.108000000000004,1,1,Regular,32.34
1.0,15.0,4.0,Mobile Phone,5.0,Married,3.0,1.0,1.0,148.98,0.0,46.593999999999994,1,1,New,29.796
20.0,22.0,4.0,Others,4.0,Married,7.0,0.0,4.0,269.57500000000005,0.0,88.47250000000001,1,0,Loyal,53.915000000000006
13.0,9.0,2.0,Fashion,3.0,Single,2.0,0.0,8.0,203.8,0.0,65.84,1,0,Loyal,67.93333333333334
1.0,23.0,4.0,Mobile Phone,4.0,Married,4.0,1.0,3.0,148.73,0.0,46.51899999999999,1,1,New,29.746
1.0,18.0,3.0,Laptop & Accessory,3.0,Divorced,10.0,0.0,3.0,172.07,0.0,53.120999999999995,1,0,New,43.0175
9.0,9.0,3.0,Laptop & Accessory,4.0,Single,4.0,1.0,1.0,192.78,0.0,61.734,1,1,Regular,48.195
10.0,10.0,5.0,Fashion,2.0,Divorced,6.0,0.0,3.0,221.99,0.0,71.597,1,0,Regular,36.998333333333335
5.0,35.0,3.0,Mobile Phone,3.0,Single,10.0,0.0,7.0,140.25,0.0,44.775,1,0,New,35.0625
8.0,8.0,4.0,Fashion,4.0,Married,3.0,0.0,4.0,202.74,0.0,64.822,1,0,Regular,40.548
12.0,9.0,5.5,Laptop & Accessory,1.0,Married,4.0,1.0,4.0,179.05,0.0,59.51500000000001,1,1,Regular,27.54615384615385
9.0,8.0,3.0,Mobile Phone,4.0,Single,2.0,0.0,0.0,113.93,0.0,38.07900000000001,1,0,Regular,28.4825
4.0,18.0,3.0,Laptop & Accessory,1.0,Married,1.0,1.0,5.0,158.55,0.0,49.96500000000001,1,1,New,39.6375
0.0,16.0,3.0,Laptop & Accessory,5.0,Single,2.0,0.0,8.0,142.13,0.0,43.839,1,0,,35.5325
1.0,9.0,5.0,Mobile Phone,1.0,Single,2.0,0.0,2.0,164.04,0.0,51.51199999999999,1,0,New,27.34
7.0,12.0,4.0,Fashion,4.0,Divorced,8.0,0.0,9.0,243.78,0.0,76.83399999999999,1,0,Regular,48.756
13.0,20.0,5.0,Grocery,4.0,Married,8.0,1.0,3.0,269.57500000000005,0.0,86.77250000000002,1,1,Loyal,44.929166666666674
9.0,11.0,3.0,Mobile Phone,4.0,Single,2.0,1.0,0.0,118.78,0.0,39.534000000000006,1,1,Regular,29.695
1.0,9.0,5.0,Mobile Phone,2.0,Single,9.0,0.0,1.0,152.85,0.0,48.154999999999994,1,0,New,25.474999999999998
8.0,13.0,5.0,Laptop & Accessory,4.0,Married,8.0,0.0,1.0,170.05,0.0,55.415,1,0,Regular,28.34166666666667
10.0,17.0,4.0,Fashion,4.0,Married,7.0,0.0,8.0,198.14,0.0,64.042,1,0,Regular,39.628
26.0,36.5,4.0,Mobile Phone,1.0,Married,4.0,0.0,1.0,159.82,0.0,57.346,1,0,VIP,31.964
21.0,14.0,1.5,Mobile,4.0,Single,6.0,0.0,0.0,125.59,0.0,44.577,1,0,Loyal,50.236000000000004
8.0,18.0,5.0,Laptop & Accessory,4.0,Divorced,6.0,0.0,9.0,169.9,0.0,55.37,1,0,Regular,28.316666666666666
0.0,14.0,2.0,Mobile,4.0,Married,2.0,1.0,2.0,123.28,0.0,37.784,1,1,,41.093333333333334
10.0,18.0,4.0,Fashion,1.0,Married,2.0,0.0,3.0,222.38,0.0,71.314,1,0,Regular,44.476
8.0,24.0,3.0,Fashion,2.0,Single,3.0,0.0,2.0,193.62,0.0,61.686,1,0,Regular,48.405
9.0,14.0,1.5,Laptop & Accessory,1.0,Married,5.0,0.0,3.0,125.71,0.0,41.013,1,0,Regular,50.284
21.0,8.0,4.0,Fashion,4.0,Married,2.0,0.0,13.0,244.57,0.0,81.27099999999999,1,0,Loyal,48.914
3.0,27.0,4.0,Mobile Phone,2.0,Divorced,3.0,0.0,3.0,146.57,0.0,46.471,1,0,New,29.314
13.0,16.0,4.0,Laptop & Accessory,4.0,Married,8.0,0.0,3.0,168.52,0.0,56.056000000000004,1,0,Loyal,33.704
9.0,12.0,5.0,Mobile,3.0,Married,2.0,0.0,7.0,127.41,0.0,42.923,1,0,Regular,21.235
2.0,21.0,4.0,Laptop & Accessory,3.0,Single,1.0,1.0,8.0,141.93,0.0,44.779,1,1,New,28.386000000000003
10.0,16.0,4.0,Fashion,1.0,Married,6.0,0.0,3.0,225.96,0.0,72.38799999999999,1,0,Regular,45.192
2.0,24.0,4.0,Laptop & Accessory,5.0,Married,3.0,0.0,9.0,170.58,0.0,53.374,1,0,New,34.116
15.0,23.0,1.5,Laptop & Accessory,5.0,Single,4.0,1.0,2.0,165.45,0.0,54.735,1,1,Loyal,66.17999999999999
0.0,35.0,5.0,Laptop & Accessory,5.0,Single,9.0,0.0,2.0,149.69,0.0,46.907,1,0,,24.948333333333334
0.0,14.0,3.0,Mobile,1.0,Single,3.0,0.0,2.0,125.8,0.0,38.94,1,0,,31.45
16.0,9.0,4.0,Laptop & Accessory,2.0,Divorced,3.0,0.0,3.0,165.89,0.0,56.166999999999994,1,0,Loyal,33.178
6.0,28.0,3.0,Laptop & Accessory,4.0,Married,1.0,0.0,7.0,161.46,0.0,51.438,1,0,New,40.365
21.0,8.0,3.0,Laptop & Accessory,2.0,Divorced,3.0,0.0,7.0,140.51,0.0,49.653,1,0,Loyal,35.1275
4.0,30.0,5.5,Mobile Phone,3.0,Married,3.0,0.0,10.0,151.13,0.0,48.739000000000004,1,0,New,23.25076923076923
13.0,9.0,5.0,Laptop & Accessory,3.0,Single,3.0,0.0,11.0,170.53,0.0,57.059,1,0,Loyal,28.421666666666667
10.0,13.0,2.0,Laptop & Accessory,5.0,Married,5.0,1.0,3.0,180.62,0.0,57.986,1,1,Regular,60.20666666666667
12.0,9.0,4.0,Mobile Phone,1.0,Married,3.0,1.0,1.0,142.02,0.0,47.806000000000004,1,1,Regular,28.404000000000003
21.0,9.0,4.0,Others,4.0,Single,9.0,1.0,9.0,269.57500000000005,0.0,88.77250000000001,1,1,Loyal,53.915000000000006
0.0,14.0,4.0,Mobile,4.0,Married,2.0,1.0,0.0,124.13,0.0,38.839,1,1,,24.826
17.0,16.0,4.0,Mobile Phone,3.0,Single,6.0,0.0,3.0,149.38,0.0,51.514,1,0,Loyal,29.875999999999998
9.0,21.0,5.0,Laptop & Accessory,1.0,Married,2.0,0.0,11.0,154.06,0.0,50.918,1,0,Regular,25.676666666666666
16.0,10.0,4.0,Fashion,2.0,Single,4.0,0.0,14.5,202.31,0.0,67.093,1,0,Loyal,40.462
1.0,31.0,5.0,Fashion,5.0,Single,3.0,0.0,3.0,212.22,0.0,65.966,1,0,New,35.37
4.0,9.0,5.0,Mobile Phone,1.0,Single,2.0,0.0,3.0,152.2,0.0,48.86,1,0,New,25.366666666666664
0.0,21.0,5.0,Laptop & Accessory,1.0,Married,7.0,1.0,2.0,154.4,0.0,48.32,1,1,,25.733333333333334
23.0,15.0,5.0,Laptop & Accessory,4.0,Married,3.0,0.0,8.0,176.3,0.0,61.79,1,0,Loyal,29.383333333333336
6.0,14.0,3.0,Laptop & Accessory,3.0,Married,1.0,0.0,2.0,171.04,0.0,54.312,1,0,New,42.76
26.0,13.0,4.0,Laptop & Accessory,5.0,Married,5.0,1.0,10.0,180.77,0.0,63.631,1,1,VIP,36.154
12.0,8.0,4.0,Mobile Phone,4.0,Married,2.0,1.0,3.0,154.91,0.0,51.673,1,1,Regular,30.982
14.0,16.0,4.0,Fashion,3.0,Single,11.0,0.0,14.0,259.99,0.0,83.797,1,0,Loyal,51.998000000000005
1.0,33.0,5.0,Laptop & Accessory,5.0,Married,1.0,0.0,0.0,71.37499999999997,0.0,23.71249999999999,1,0,New,11.895833333333329
12.0,14.0,2.0,Laptop & Accessory,5.0,Married,3.0,1.0,8.0,181.05,0.0,58.715,1,1,Regular,60.35
9.0,15.0,3.0,Mobile,4.0,Married,7.0,0.0,2.0,120.24,0.0,39.972,1,0,Regular,30.06
1.0,20.0,4.0,Mobile Phone,3.0,Divorced,3.0,0.0,7.0,145.96,0.0,45.688,1,0,New,29.192
7.0,7.0,2.0,Laptop & Accessory,5.0,Married,3.0,0.0,9.0,165.37,0.0,52.510999999999996,1,0,Regular,55.123333333333335
17.0,9.0,3.0,Others,2.0,Divorced,5.0,1.0,1.0,269.57500000000005,0.0,87.17250000000001,1,1,Loyal,67.39375000000001
8.0,9.0,4.0,Laptop & Accessory,3.0,Single,4.0,0.0,3.0,165.33,0.0,53.599000000000004,1,0,Regular,33.066
20.0,12.0,4.0,Laptop & Accessory,1.0,Single,6.0,1.0,9.0,182.72,0.0,62.416,1,1,Loyal,36.544
31.0,36.0,5.0,Grocery,1.0,Married,5.0,0.0,1.0,266.18,0.0,91.154,1,0,VIP,44.36333333333334
21.0,9.0,4.0,Mobile Phone,3.0,Single,6.0,0.0,1.0,149.79,0.0,52.836999999999996,1,0,Loyal,29.958
8.0,32.0,3.0,Fashion,1.0,Single,2.0,1.0,7.0,188.37,0.0,60.111000000000004,1,1,Regular,47.0925
1.0,15.0,2.0,Mobile Phone,3.0,Married,9.0,0.0,3.0,160.17,0.0,49.15099999999999,1,0,New,53.38999999999999
0.0,14.0,3.0,Mobile,1.0,Married,6.0,1.0,4.0,124.36,0.0,38.508,1,1,,31.09
4.0,16.0,5.0,Mobile Phone,3.0,Single,3.0,0.0,9.0,147.06,0.0,47.318000000000005,1,0,New,24.51
12.0,14.0,5.0,Laptop & Accessory,1.0,Single,2.0,0.0,6.0,165.28,0.0,55.184,1,0,Regular,27.546666666666667
8.0,15.0,4.0,Laptop & Accessory,5.0,Married,5.0,0.0,1.0,176.21,0.0,56.863,1,0,Regular,35.242000000000004
12.0,26.0,3.0,Laptop & Accessory,1.0,Married,3.0,0.0,2.0,141.27,0.0,47.181000000000004,1,0,Regular,35.3175
5.0,14.0,5.0,Fashion,1.0,Married,11.0,0.0,2.0,240.57,0.0,75.67099999999999,1,0,New,40.095
7.0,14.0,4.0,Laptop & Accessory,5.0,Divorced,2.0,0.0,4.0,168.73,0.0,54.318999999999996,1,0,Regular,33.745999999999995
10.0,13.0,4.0,Laptop & Accessory,4.0,Married,8.0,0.0,2.0,174.41,0.0,56.923,1,0,Regular,34.882
2.0,26.0,3.0,Laptop & Accessory,2.0,Married,3.0,0.0,2.0,169.31,0.0,52.593,1,0,New,42.3275
16.0,8.0,3.0,Laptop & Accessory,1.0,Married,2.0,1.0,8.0,178.47,0.0,59.541,1,1,Loyal,44.6175
28.0,8.0,4.0,Grocery,5.0,Single,8.0,0.0,2.0,267.56,0.0,90.268,1,0,VIP,53.512
22.0,16.0,3.0,Others,5.0,Single,10.0,1.0,2.0,269.57500000000005,0.0,88.67250000000001,1,1,Loyal,67.39375000000001
18.0,24.0,5.5,Mobile Phone,3.0,Single,4.0,0.0,1.0,147.9,0.0,51.97,1,0,Loyal,22.753846153846155
0.0,8.0,3.0,Mobile,5.0,Married,1.0,0.0,2.0,130.41,0.0,40.323,1,0,,32.6025
12.0,10.0,3.0,Laptop & Accessory,3.0,Single,1.0,0.0,8.0,150.42,0.0,49.926,1,0,Regular,37.605
27.0,8.0,4.0,Fashion,3.0,Married,7.0,0.0,0.0,206.86,0.0,71.758,1,0,VIP,41.372
1.0,12.0,5.0,Mobile Phone,3.0,Married,3.0,1.0,8.0,148.66,0.0,46.897999999999996,1,1,New,24.776666666666667
0.0,34.0,3.0,Laptop & Accessory,4.0,Married,2.0,0.0,4.0,162.72,0.0,50.016,1,0,,40.68
0.0,34.0,4.0,Laptop & Accessory,5.0,Single,4.0,0.0,3.0,142.84,0.0,44.452,1,0,,28.568
4.0,12.0,4.0,Fashion,1.0,Married,4.0,0.0,3.0,219.19,0.0,68.55699999999999,1,0,New,43.838
26.0,6.0,3.0,Laptop & Accessory,5.0,Single,8.0,0.0,10.0,183.81,0.0,64.143,1,0,VIP,45.9525
10.0,12.0,4.0,Laptop & Accessory,4.0,Single,10.0,0.0,8.0,184.14,0.0,59.842,1,0,Regular,36.827999999999996
9.0,8.0,4.0,Mobile,3.0,Single,2.0,0.0,2.0,120.44,0.0,40.432,1,0,Regular,24.088
8.0,8.0,3.0,Laptop & Accessory,5.0,Married,3.0,0.0,0.0,150.93,0.0,48.879000000000005,1,0,Regular,37.7325
14.0,17.0,5.0,Fashion,4.0,Married,4.0,0.0,3.0,222.05,0.0,72.815,1,0,Loyal,37.00833333333333
24.0,16.0,4.0,Mobile Phone,1.0,Married,6.0,0.0,1.0,148.8,0.0,53.44,1,0,Loyal,29.76
2.0,22.0,4.0,Mobile Phone,3.0,Married,3.0,0.0,3.0,147.07,0.0,46.321,1,0,New,29.413999999999998
6.0,11.0,4.0,Mobile,1.0,Married,2.0,0.0,2.0,129.11,0.0,42.133,1,0,New,25.822000000000003
1.0,14.0,5.0,Mobile Phone,1.0,Married,3.0,0.0,2.0,153.89,0.0,48.46699999999999,1,0,New,25.64833333333333
19.0,36.0,4.0,Fashion,1.0,Divorced,6.0,1.0,3.0,218.8,0.0,72.94,1,1,Loyal,43.760000000000005
10.0,12.0,4.0,Fashion,5.0,Married,6.0,0.0,3.0,205.08,0.0,66.124,1,0,Regular,41.016000000000005
5.0,9.0,3.0,Fashion,1.0,Single,4.0,0.0,3.0,211.59,0.0,66.17699999999999,1,0,New,52.8975
0.0,16.0,3.0,Laptop & Accessory,1.0,Single,2.0,0.0,2.0,146.84,0.0,45.252,1,0,,36.71
0.0,13.0,3.0,Laptop & Accessory,3.0,Divorced,2.0,0.0,1.0,148.83,0.0,45.849000000000004,1,0,,37.2075
0.0,30.0,5.0,Mobile Phone,1.0,Single,2.0,1.0,0.0,111.18,0.0,35.354,1,1,,18.53
5.0,10.0,4.0,Mobile Phone,5.0,Married,3.0,1.0,4.0,155.65,0.0,49.795,1,1,New,31.130000000000003
9.0,18.0,4.0,Mobile Phone,3.0,Married,9.0,1.0,3.0,151.6,0.0,49.78,1,1,Regular,30.32
4.0,14.0,4.0,Mobile,3.0,Married,4.0,0.0,2.0,123.29,0.0,39.787000000000006,1,0,New,24.658
5.0,12.0,5.0,Mobile Phone,5.0,Married,8.0,0.0,1.0,146.07,0.0,47.321,1,0,New,24.345
21.0,6.0,4.0,Grocery,5.0,Divorced,8.0,0.0,2.0,254.02,0.0,84.106,1,0,Loyal,50.804
15.0,14.0,5.5,Others,3.0,Married,3.0,0.0,11.0,269.57500000000005,0.0,87.57250000000002,1,0,Loyal,41.47307692307693
1.0,10.0,4.0,Laptop & Accessory,3.0,Married,2.0,0.0,3.0,174.99,0.0,54.397,1,0,New,34.998000000000005
16.0,20.0,2.0,Laptop & Accessory,5.0,Married,7.0,0.0,1.0,180.38,0.0,59.71399999999999,1,0,Loyal,60.126666666666665
26.0,11.0,4.0,Grocery,1.0,Married,4.0,0.0,5.0,269.57500000000005,0.0,90.27250000000001,1,0,VIP,53.915000000000006
1.0,17.0,5.0,Mobile Phone,4.0,Single,3.0,1.0,1.0,143.59,0.0,45.376999999999995,1,1,New,23.93166666666667
10.0,18.0,5.0,Laptop & Accessory,1.0,Married,6.0,0.0,1.0,191.52,0.0,62.456,1,0,Regular,31.92
1.0,9.0,4.0,Mobile Phone,5.0,Married,8.0,1.0,3.0,145.42,0.0,45.525999999999996,1,1,New,29.083999999999996
10.0,16.0,3.0,Mobile,5.0,Divorced,7.0,0.0,3.0,134.52,0.0,44.556000000000004,1,0,Regular,33.63
16.0,9.0,5.0,Mobile Phone,4.0,Married,6.0,0.0,1.0,173.41,0.0,58.82299999999999,1,0,Loyal,28.901666666666667
4.0,8.0,5.0,Mobile,2.0,Married,5.0,1.0,0.0,127.78,0.0,41.534,1,1,New,21.296666666666667
8.0,24.0,3.0,Laptop & Accessory,5.0,Married,1.0,0.0,4.0,155.61,0.0,50.283,1,0,Regular,38.9025
7.0,35.0,3.0,Fashion,4.0,Married,4.0,0.0,3.0,192.5,0.0,61.050000000000004,1,0,Regular,48.125
7.0,12.0,4.0,Laptop & Accessory,4.0,Married,7.0,0.0,0.0,145.05,0.0,47.215,1,0,Regular,29.01
24.0,24.0,5.0,Fashion,5.0,Married,7.0,0.0,12.0,257.69,0.0,86.507,1,0,Loyal,42.94833333333333
5.0,30.0,3.0,Laptop & Accessory,1.0,Married,2.0,0.0,7.0,153.09,0.0,48.627,1,0,New,38.2725
0.0,6.0,4.0,Mobile,4.0,Single,2.0,0.0,0.0,128.36,0.0,40.108000000000004,1,0,,25.672000000000004
0.0,11.0,3.0,Others,3.0,Married,7.0,0.0,0.0,269.57500000000005,0.0,82.07250000000002,1,0,,67.39375000000001
10.0,25.0,3.0,Mobile Phone,2.0,Divorced,6.0,0.0,1.0,161.88,0.0,52.764,1,0,Regular,40.47
1.0,23.0,2.0,Mobile Phone,1.0,Married,3.0,1.0,1.0,154.35,0.0,47.404999999999994,1,1,New,51.449999999999996
9.0,10.0,3.0,Mobile,1.0,Single,10.0,1.0,0.0,122.85,0.0,40.755,1,1,Regular,30.7125
10.0,10.0,4.0,Laptop & Accessory,4.0,Single,6.0,0.0,8.0,169.85,0.0,55.555,1,0,Regular,33.97
8.0,9.0,4.0,Laptop & Accessory,5.0,Single,2.0,1.0,3.0,170.38,0.0,55.114,1,1,Regular,34.076
15.0,12.0,2.0,Laptop & Accessory,4.0,Single,5.0,0.0,3.0,193.7,0.0,63.40999999999999,1,0,Loyal,64.56666666666666
3.0,14.0,5.0,Mobile Phone,2.0,Married,8.0,0.0,4.0,150.32,0.0,47.995999999999995,1,0,New,25.05333333333333
12.0,6.0,4.0,Grocery,1.0,Married,2.0,0.0,3.0,227.42,0.0,73.42599999999999,1,0,Regular,45.483999999999995
3.0,7.0,4.0,Laptop & Accessory,3.0,Divorced,3.0,0.0,10.0,168.19,0.0,52.957,1,0,New,33.638
4.0,29.0,4.0,Fashion,5.0,Married,2.0,0.0,9.0,209.12,0.0,65.536,1,0,New,41.824
13.0,17.0,4.0,Grocery,5.0,Divorced,3.0,1.0,11.0,269.57500000000005,0.0,86.37250000000002,1,1,Loyal,53.915000000000006
4.0,13.0,3.0,Fashion,5.0,Married,3.0,0.0,2.0,196.37,0.0,61.31100000000001,1,0,New,49.0925
1.0,32.0,2.0,Mobile Phone,2.0,Single,3.0,1.0,2.0,154.94,0.0,47.581999999999994,1,1,New,51.64666666666667
2.0,8.0,4.0,Mobile Phone,3.0,Single,2.0,1.0,3.0,146.54,0.0,46.162,1,1,New,29.308
8.0,6.0,5.0,Mobile,1.0,Married,2.0,0.0,1.0,129.77,0.0,43.331,1,0,Regular,21.628333333333334
16.0,9.0,5.0,Laptop & Accessory,1.0,Single,5.0,0.0,1.0,192.81,0.0,64.643,1,0,Loyal,32.135
19.0,14.0,3.0,Mobile,1.0,Single,2.0,0.0,0.0,125.87,0.0,44.66100000000001,1,0,Loyal,31.4675
17.0,14.0,3.0,Mobile,1.0,Single,7.0,1.0,2.0,124.36,0.0,43.608000000000004,1,1,Loyal,31.09
28.0,32.0,1.5,Others,4.0,Married,5.0,1.0,4.0,269.57500000000005,0.0,89.87250000000002,1,1,VIP,107.83000000000001
24.0,9.0,3.0,Grocery,4.0,Single,4.0,0.0,0.0,237.34,0.0,79.602,1,0,Loyal,59.335
12.0,9.0,5.0,Mobile Phone,4.0,Married,6.0,0.0,6.0,149.68,0.0,50.504000000000005,1,0,Regular,24.94666666666667
7.0,14.0,4.0,Laptop & Accessory,4.0,Divorced,2.0,0.0,3.0,168.02,0.0,54.106,1,0,Regular,33.604
14.0,7.0,3.0,Laptop & Accessory,5.0,Married,1.0,0.0,7.0,141.03,0.0,47.709,1,0,Loyal,35.2575
0.0,9.0,3.0,Mobile Phone,3.0,Single,2.0,0.0,7.0,140.84,0.0,43.452000000000005,1,0,,35.21
4.0,12.0,5.0,Mobile Phone,2.0,Married,11.0,0.0,4.0,162.61,0.0,51.983000000000004,1,0,New,27.10166666666667
11.0,14.0,3.0,Mobile,4.0,Married,6.0,0.0,8.0,125.92,0.0,42.275999999999996,1,0,Regular,31.48
12.0,32.0,5.0,Fashion,4.0,Married,5.0,0.0,2.0,245.61,0.0,79.283,1,0,Regular,40.935
5.0,6.0,3.0,Fashion,1.0,Married,2.0,0.0,7.0,204.22,0.0,63.966,1,0,New,51.055
5.0,14.0,3.0,Laptop & Accessory,2.0,Divorced,6.0,0.0,8.0,194.29,0.0,60.986999999999995,1,0,New,48.5725
25.0,8.0,4.0,Mobile,1.0,Single,8.0,0.0,2.0,132.12,0.0,48.736000000000004,1,0,VIP,26.424
4.0,14.0,4.0,Mobile Phone,3.0,Married,3.0,0.0,1.0,137.74,0.0,44.12200000000001,1,0,New,27.548000000000002
5.0,9.0,4.0,Laptop & Accessory,5.0,Single,9.0,0.0,4.0,178.32,0.0,56.596,1,0,New,35.664
26.0,30.0,1.5,Fashion,1.0,Married,4.0,0.0,2.0,170.05,0.0,59.415,1,0,VIP,68.02000000000001
8.0,10.0,4.0,Laptop & Accessory,4.0,Married,3.0,0.0,10.0,179.33,0.0,57.799,1,0,Regular,35.866
0.0,16.0,3.0,Mobile Phone,3.0,Single,2.0,1.0,1.0,110.09,0.0,34.227000000000004,1,1,,27.5225
19.0,9.0,5.0,Grocery,1.0,Married,11.0,0.0,9.0,269.57500000000005,0.0,88.57250000000002,1,0,Loyal,44.929166666666674
10.0,19.0,4.0,Laptop & Accessory,3.0,Married,11.0,1.0,2.0,171.63,0.0,56.089,1,1,Regular,34.326
27.0,9.0,3.0,Grocery,2.0,Divorced,4.0,0.0,9.0,269.57500000000005,0.0,90.17250000000001,1,0,VIP,67.39375000000001
14.0,15.0,3.0,Others,3.0,Married,3.0,0.0,11.0,269.57500000000005,0.0,86.27250000000002,1,0,Loyal,67.39375000000001
3.0,7.0,2.0,Laptop & Accessory,3.0,Single,10.0,1.0,3.0,187.94,0.0,58.081999999999994,1,1,New,62.64666666666667
13.0,9.0,5.0,Laptop & Accessory,2.0,Divorced,10.0,0.0,5.0,177.04,0.0,59.01199999999999,1,0,Loyal,29.506666666666664
12.0,7.0,5.0,Fashion,3.0,Single,11.0,1.0,1.0,178.81,0.0,59.243,1,1,Regular,29.801666666666666
18.0,13.0,1.5,Laptop & Accessory,3.0,Married,5.0,0.0,2.0,164.34,0.0,55.302,1,0,Loyal,65.736
9.0,26.0,3.0,Laptop & Accessory,3.0,Single,1.0,0.0,2.0,122.72,0.0,40.716,1,0,Regular,30.68
29.0,27.0,4.0,Laptop & Accessory,2.0,Divorced,5.0,1.0,9.0,179.15,0.0,64.045,1,1,VIP,35.83
1.0,7.0,5.0,Laptop & Accessory,1.0,Married,1.0,0.0,5.0,166.74,0.0,52.321999999999996,1,0,New,27.790000000000003
10.0,14.0,4.0,Mobile Phone,1.0,Single,4.0,0.0,2.0,171.78,0.0,56.134,1,0,Regular,34.356
10.0,13.0,2.0,Laptop & Accessory,5.0,Married,5.0,1.0,3.0,180.62,0.0,57.986,1,1,Regular,60.20666666666667
9.0,33.0,3.0,Mobile,4.0,Single,3.0,0.0,2.0,123.11,0.0,40.833000000000006,1,0,Regular,30.7775
1.0,12.0,5.0,Fashion,2.0,Married,3.0,1.0,9.0,253.08,0.0,78.224,1,1,New,42.18
13.0,6.0,4.0,Grocery,4.0,Married,2.0,0.0,11.0,235.03,0.0,76.009,1,0,Loyal,47.006
7.0,32.0,4.0,Laptop & Accessory,3.0,Married,3.0,0.0,2.0,170.39,0.0,54.817,1,0,Regular,34.077999999999996
3.0,30.0,4.0,Mobile Phone,1.0,Single,11.0,0.0,3.0,147.01,0.0,46.602999999999994,1,0,New,29.401999999999997
9.0,6.0,4.0,Laptop & Accessory,3.0,Married,1.0,0.0,2.0,143.74,0.0,47.422000000000004,1,0,Regular,28.748
25.0,28.0,4.0,Laptop & Accessory,1.0,Single,2.0,1.0,1.0,179.41,0.0,62.923,1,1,VIP,35.882
13.0,28.0,5.0,Laptop & Accessory,1.0,Married,5.0,1.0,5.0,186.2,0.0,61.75999999999999,1,1,Loyal,31.03333333333333
6.0,20.0,3.0,Mobile,4.0,Divorced,2.0,0.0,6.0,127.56,0.0,41.268,1,0,New,31.89
0.0,14.0,3.0,Mobile,2.0,Divorced,2.0,0.0,2.0,123.23,0.0,38.169000000000004,1,0,,30.8075
8.0,8.0,4.0,Mobile Phone,5.0,Married,7.0,0.0,4.0,154.96,0.0,50.488,1,0,Regular,30.992
22.0,7.0,2.0,Grocery,2.0,Single,4.0,0.0,2.0,269.57500000000005,0.0,88.27250000000001,1,0,Loyal,89.85833333333335
11.0,16.0,4.0,Mobile Phone,1.0,Married,3.0,1.0,3.0,148.26,0.0,49.37799999999999,1,1,Regular,29.651999999999997
3.0,8.0,2.0,Laptop & Accessory,3.0,Single,10.0,1.0,3.0,187.94,0.0,58.081999999999994,1,1,New,62.64666666666667
19.0,35.0,4.0,Mobile Phone,1.0,Married,6.0,0.0,4.0,146.32,0.0,51.196,1,0,Loyal,29.264
15.0,14.0,3.0,Mobile Phone,3.0,Single,5.0,0.0,0.0,139.68,0.0,47.604000000000006,1,0,Loyal,34.92
9.0,10.0,3.0,Laptop & Accessory,4.0,Married,8.0,0.0,2.0,151.31,0.0,49.293000000000006,1,0,Regular,37.8275
23.0,25.0,4.0,Laptop & Accessory,1.0,Married,3.0,1.0,8.0,193.04,0.0,66.41199999999999,1,1,Loyal,38.608
8.0,9.0,4.0,Laptop & Accessory,2.0,Single,3.0,0.0,5.0,187.74,0.0,60.322,1,0,Regular,37.548
3.0,15.0,3.0,Laptop & Accessory,5.0,Married,2.0,0.0,10.0,130.72,0.0,41.316,1,0,New,32.68
11.0,9.0,4.0,Laptop & Accessory,3.0,Married,6.0,1.0,3.0,221.02,0.0,71.20599999999999,1,1,Regular,44.204
9.0,21.0,5.0,Mobile,2.0,Divorced,1.0,1.0,3.0,121.68,0.0,41.204,1,1,Regular,20.28
12.0,9.0,2.0,Laptop & Accessory,5.0,Single,8.0,1.0,13.0,184.8,0.0,59.84,1,1,Regular,61.6
0.0,14.0,1.5,Mobile,3.0,Married,8.0,0.0,2.0,135.17,0.0,41.150999999999996,1,0,,54.068
2.0,16.0,4.0,Mobile Phone,1.0,Married,3.0,0.0,5.0,145.7,0.0,45.91,1,0,New,29.139999999999997
3.0,21.0,4.0,Fashion,5.0,Married,3.0,0.0,7.0,171.4,0.0,53.92,1,0,New,34.28
1.0,24.0,5.0,Mobile Phone,1.0,Married,7.0,0.0,4.0,148.67,0.0,46.90099999999999,1,0,New,24.778333333333332
1.0,29.0,5.0,Mobile Phone,4.0,Married,3.0,0.0,1.0,153.63,0.0,48.388999999999996,1,0,New,25.605
9.0,6.0,5.0,Mobile Phone,3.0,Single,2.0,0.0,0.0,113.59,0.0,38.777,1,0,Regular,18.93166666666667
6.0,6.0,1.5,Laptop & Accessory,5.0,Married,2.0,0.0,8.0,140.37,0.0,44.510999999999996,1,0,New,56.148
12.0,8.0,1.5,Fashion,3.0,Single,1.0,0.0,7.0,178.8,0.0,57.84,1,0,Regular,71.52000000000001
7.0,7.0,2.0,Laptop & Accessory,5.0,Married,4.0,0.0,4.0,178.76,0.0,56.52799999999999,1,0,Regular,59.586666666666666
9.0,10.0,4.0,Mobile,5.0,Married,2.0,0.0,0.0,121.09,0.0,40.627,1,0,Regular,24.218
2.0,15.0,4.0,Mobile Phone,2.0,Single,1.0,0.0,2.0,139.83,0.0,44.14900000000001,1,0,New,27.966
6.0,8.0,3.0,Laptop & Accessory,1.0,Married,2.0,0.0,4.0,155.05,0.0,49.515,1,0,New,38.7625
19.0,9.0,5.0,Mobile Phone,3.0,Single,3.0,0.0,1.0,147.74,0.0,52.022000000000006,1,0,Loyal,24.623333333333335
3.0,22.0,5.0,Laptop & Accessory,3.0,Single,2.0,1.0,9.0,166.93,0.0,52.979,1,1,New,27.82166666666667
1.0,7.0,5.0,Laptop & Accessory,5.0,Married,3.0,0.0,3.0,222.14,0.0,68.942,1,0,New,37.02333333333333
3.0,26.0,5.0,Laptop & Accessory,3.0,Married,3.0,0.0,3.0,211.2,0.0,66.25999999999999,1,0,New,35.199999999999996
15.0,15.0,4.0,Others,1.0,Single,9.0,0.0,1.0,269.57500000000005,0.0,86.97250000000001,1,0,Loyal,53.915000000000006
24.0,7.0,5.0,Mobile Phone,3.0,Married,4.0,0.0,3.0,161.9,0.0,57.769999999999996,1,0,Loyal,26.983333333333334
12.0,9.0,5.0,Fashion,3.0,Married,5.0,1.0,3.0,202.56,0.0,66.368,1,1,Regular,33.76
13.0,20.0,4.0,Others,3.0,Single,2.0,0.0,9.0,269.57500000000005,0.0,86.37250000000002,1,0,Loyal,53.915000000000006
8.0,10.0,5.0,Laptop & Accessory,1.0,Married,5.0,1.0,2.0,206.03,0.0,66.209,1,1,Regular,34.33833333333333
11.0,16.0,5.0,Laptop & Accessory,4.0,Married,3.0,0.0,4.0,166.89,0.0,55.36699999999999,1,0,Regular,27.814999999999998
18.0,13.0,3.0,Fashion,5.0,Married,2.0,0.0,11.0,152.1,0.0,52.23,1,0,Loyal,38.025
0.0,14.0,3.0,Mobile,3.0,Single,2.0,0.0,0.0,123.18,0.0,38.154,1,0,,30.795
7.0,7.0,5.0,Laptop & Accessory,2.0,Single,2.0,0.0,5.0,194.49,0.0,62.447,1,0,Regular,32.415
0.0,14.0,4.0,Mobile,5.0,Single,7.0,1.0,0.0,124.04,0.0,38.812000000000005,1,1,,24.808
7.0,30.0,3.0,Mobile,3.0,Married,4.0,1.0,0.0,131.61,0.0,42.78300000000001,1,1,Regular,32.9025
10.0,16.0,1.5,Fashion,1.0,Married,2.0,1.0,8.0,237.44,0.0,74.832,1,1,Regular,94.976
0.0,16.0,5.0,Mobile,1.0,Married,8.0,0.0,3.0,134.08,0.0,42.224000000000004,1,0,,22.346666666666668
0.0,14.0,4.0,Mobile,5.0,Single,7.0,0.0,7.0,123.62,0.0,38.686,1,0,,24.724
4.0,8.0,4.0,Laptop & Accessory,5.0,Married,4.0,0.0,0.0,164.1,0.0,52.03,1,0,New,32.82
1.0,31.0,5.5,Mobile Phone,2.0,Single,3.0,1.0,1.0,148.4,0.0,47.02,1,1,New,22.83076923076923
1.0,16.0,4.0,Mobile Phone,5.0,Married,3.0,0.0,1.0,142.9,0.0,44.769999999999996,1,0,New,28.580000000000002
0.0,15.0,5.0,Mobile,4.0,Single,2.0,0.0,2.0,127.6,0.0,40.279999999999994,1,0,,21.266666666666666
25.0,25.0,3.0,Mobile Phone,2.0,Divorced,1.0,0.0,2.0,142.58,0.0,51.474000000000004,1,0,VIP,35.645
6.0,14.0,4.0,Laptop & Accessory,2.0,Divorced,6.0,0.0,3.0,217.04,0.0,68.51199999999999,1,0,New,43.408
29.0,11.0,4.0,Laptop & Accessory,3.0,Married,2.0,1.0,3.0,165.35,0.0,59.905,1,1,VIP,33.07
13.0,7.0,4.0,Others,3.0,Married,3.0,1.0,7.0,269.57500000000005,0.0,86.37250000000002,1,1,Loyal,53.915000000000006
10.0,25.0,3.0,Laptop & Accessory,3.0,Married,4.0,0.0,2.0,157.68,0.0,51.504000000000005,1,0,Regular,39.42
16.0,9.0,4.0,Others,3.0,Married,7.0,0.0,14.5,269.57500000000005,0.0,87.27250000000001,1,0,Loyal,53.915000000000006
1.0,7.0,5.0,Mobile Phone,4.0,Single,3.0,1.0,3.0,146.74,0.0,46.321999999999996,1,1,New,24.456666666666667
9.0,14.0,5.0,Mobile,5.0,Married,2.0,1.0,7.0,121.19,0.0,41.057,1,1,Regular,20.198333333333334
13.0,8.0,4.0,Mobile,3.0,Single,3.0,0.0,2.0,128.09,0.0,43.927,1,0,Loyal,25.618000000000002
1.0,10.0,4.0,Laptop & Accessory,3.0,Single,11.0,0.0,1.0,170.77,0.0,53.131,1,0,New,34.154
0.0,19.0,4.0,Laptop & Accessory,5.0,Married,6.0,1.0,2.0,161.34,0.0,50.002,1,1,,32.268
3.0,28.0,4.0,Laptop & Accessory,3.0,Divorced,3.0,1.0,0.0,163.8,0.0,51.64,1,1,New,32.760000000000005
3.0,16.0,5.0,Mobile Phone,1.0,Single,2.0,0.0,3.0,164.83,0.0,52.349000000000004,1,0,New,27.471666666666668
1.0,16.0,4.0,Mobile Phone,5.0,Single,3.0,0.0,1.0,150.52,0.0,47.056,1,0,New,30.104000000000003
1.0,24.0,4.0,Mobile Phone,4.0,Married,3.0,0.0,1.0,147.1,0.0,46.029999999999994,1,0,New,29.419999999999998
0.0,8.0,1.5,Laptop & Accessory,3.0,Single,1.0,0.0,7.0,165.0,0.0,50.1,1,0,,66.0
3.0,22.0,5.5,Mobile Phone,2.0,Divorced,2.0,1.0,4.0,146.68,0.0,47.104,1,1,New,22.566153846153846
11.0,21.0,4.0,Mobile Phone,5.0,Married,3.0,0.0,14.5,155.34,0.0,51.501999999999995,1,0,Regular,31.068
0.0,16.0,3.0,Grocery,5.0,Married,2.0,1.0,10.0,269.57500000000005,0.0,82.07250000000002,1,1,,67.39375000000001
14.0,28.0,3.0,Laptop & Accessory,1.0,Married,4.0,1.0,3.0,154.67,0.0,51.801,1,1,Loyal,38.6675
19.0,17.0,4.0,Mobile Phone,1.0,Married,5.0,0.0,3.0,151.54,0.0,52.762,1,0,Loyal,30.308
8.0,17.0,3.0,Mobile,3.0,Married,8.0,1.0,2.0,126.6,0.0,41.58,1,1,Regular,31.65
20.0,11.0,3.0,Others,3.0,Married,5.0,0.0,1.0,269.57500000000005,0.0,88.07250000000002,1,0,Loyal,67.39375000000001
0.0,20.0,3.0,Fashion,1.0,Single,1.0,1.0,7.0,175.53,0.0,53.859,1,1,,43.8825
28.0,14.0,4.0,Laptop & Accessory,1.0,Married,6.0,0.0,8.0,193.54,0.0,68.062,1,0,VIP,38.708
21.0,10.0,4.0,Fashion,3.0,Single,8.0,0.0,3.0,209.99,0.0,70.89699999999999,1,0,Loyal,41.998000000000005
23.0,13.0,4.0,Others,3.0,Married,6.0,1.0,8.0,269.57500000000005,0.0,89.37250000000002,1,1,Loyal,53.915000000000006
15.0,15.0,4.0,Others,1.0,Single,9.0,0.0,1.0,269.57500000000005,0.0,86.97250000000001,1,0,Loyal,53.915000000000006
12.0,7.0,4.0,Fashion,3.0,Single,6.0,1.0,1.0,203.61,0.0,66.283,1,1,Regular,40.722
0.0,12.0,3.0,Mobile,3.0,Divorced,1.0,0.0,2.0,127.73,0.0,39.519000000000005,1,0,,31.9325
9.0,16.0,5.0,Laptop & Accessory,4.0,Single,11.0,0.0,1.0,190.4,0.0,61.82,1,0,Regular,31.733333333333334
18.0,9.0,4.0,Fashion,3.0,Single,7.0,1.0,3.0,227.09,0.0,75.127,1,1,Loyal,45.418
12.0,9.0,4.0,Fashion,4.0,Single,9.0,0.0,1.0,198.51,0.0,64.753,1,0,Regular,39.702
9.0,32.0,4.0,Fashion,3.0,Married,3.0,1.0,3.0,228.88,0.0,72.964,1,1,Regular,45.775999999999996
9.0,16.0,2.0,Mobile,3.0,Divorced,4.0,1.0,7.0,122.13,0.0,40.138999999999996,1,1,Regular,40.71
7.0,14.0,1.5,Laptop & Accessory,3.0,Married,3.0,0.0,2.0,144.04,0.0,45.912,1,0,Regular,57.616
29.0,29.0,3.0,Grocery,4.0,Married,5.0,1.0,9.0,234.02,0.0,80.10600000000001,1,1,VIP,58.505
9.0,13.0,3.0,Mobile,5.0,Single,4.0,0.0,2.0,120.62,0.0,40.086000000000006,1,0,Regular,30.155
27.0,5.0,3.0,Laptop & Accessory,3.0,Single,8.0,0.0,0.0,137.8,0.0,50.64000000000001,1,0,VIP,34.45
18.0,14.0,3.0,Laptop & Accessory,4.0,Married,9.0,0.0,14.5,123.48,0.0,43.644,1,0,Loyal,30.87
1.0,8.0,5.0,Laptop & Accessory,5.0,Married,3.0,0.0,3.0,222.14,0.0,68.942,1,0,New,37.02333333333333
0.0,22.0,1.5,Mobile,5.0,Single,2.0,0.0,14.0,127.43,0.0,38.829,1,0,,50.972
1.0,24.0,5.0,Mobile Phone,4.0,Married,3.0,0.0,1.0,146.27,0.0,46.181,1,0,New,24.378333333333334
8.0,30.0,4.0,Laptop & Accessory,3.0,Single,2.0,0.0,8.0,170.68,0.0,55.204,1,0,Regular,34.136
8.0,15.0,4.0,Fashion,3.0,Divorced,2.0,1.0,14.5,206.85,0.0,66.05499999999999,1,1,Regular,41.37
18.0,26.0,3.0,Grocery,1.0,Married,1.0,1.0,10.0,234.96,0.0,77.08800000000001,1,1,Loyal,58.74
0.0,6.0,3.0,Laptop & Accessory,4.0,Married,2.0,0.0,4.0,163.97,0.0,50.391,1,0,,40.9925
20.0,14.0,3.0,Mobile,3.0,Single,5.0,0.0,0.0,124.79,0.0,44.637,1,0,Loyal,31.1975
23.0,25.0,5.0,Others,3.0,Married,3.0,1.0,10.0,269.57500000000005,0.0,89.77250000000002,1,1,Loyal,44.929166666666674
6.0,7.0,5.0,Mobile Phone,4.0,Divorced,8.0,0.0,3.0,148.32,0.0,48.29599999999999,1,0,New,24.72
13.0,25.0,3.0,Laptop & Accessory,2.0,Divorced,9.0,1.0,7.0,127.41,0.0,43.323,1,1,Loyal,31.8525
9.0,7.0,3.0,Mobile Phone,1.0,Single,2.0,0.0,0.0,116.11,0.0,38.733000000000004,1,0,Regular,29.0275
23.0,15.0,4.0,Fashion,4.0,Married,6.0,0.0,8.0,199.03,0.0,68.209,1,0,Loyal,39.806
27.0,20.0,3.0,Laptop & Accessory,5.0,Married,3.0,0.0,4.0,169.5,0.0,60.150000000000006,1,0,VIP,42.375
19.0,14.0,2.0,Laptop & Accessory,3.0,Married,6.0,0.0,3.0,189.34,0.0,63.302,1,0,Loyal,63.11333333333334
1.0,16.0,5.0,Mobile Phone,5.0,Single,2.0,1.0,3.0,148.21,0.0,46.763,1,1,New,24.701666666666668
23.0,8.0,4.0,Grocery,3.0,Single,6.0,0.0,1.0,269.57500000000005,0.0,89.37250000000002,1,0,Loyal,53.915000000000006
0.0,8.0,3.0,Mobile Phone,1.0,Divorced,7.0,1.0,2.0,137.22,0.0,42.366,1,1,,34.305
2.0,17.0,4.0,Laptop & Accessory,3.0,Single,5.0,0.0,8.0,161.6,0.0,50.68,1,0,New,32.32
7.0,8.0,3.0,Laptop & Accessory,3.0,Single,3.0,0.0,2.0,140.33,0.0,45.39900000000001,1,0,Regular,35.0825
1.0,11.0,3.0,Laptop & Accessory,5.0,Single,1.0,0.0,3.0,184.63,0.0,56.888999999999996,1,0,New,46.1575
4.0,19.0,4.0,Laptop & Accessory,3.0,Single,2.0,0.0,5.0,190.77,0.0,60.031000000000006,1,0,New,38.154
15.0,8.0,3.0,Laptop & Accessory,2.0,Divorced,2.0,0.0,2.0,140.89,0.0,47.967,1,0,Loyal,35.2225
17.0,9.0,3.0,Others,1.0,Married,5.0,1.0,1.0,269.57500000000005,0.0,87.17250000000001,1,1,Loyal,67.39375000000001
9.0,16.0,3.0,Fashion,5.0,Married,8.0,1.0,7.0,183.21,0.0,58.86300000000001,1,1,Regular,45.8025
2.0,27.0,1.5,Fashion,5.0,Married,2.0,0.0,8.0,199.8,0.0,61.14,1,0,New,79.92
1.0,16.0,4.0,Mobile Phone,3.0,Married,3.0,0.0,3.0,152.42,0.0,47.62599999999999,1,0,New,30.483999999999998
29.0,33.0,5.0,Others,1.0,Married,3.0,0.0,14.0,269.57500000000005,0.0,91.57250000000002,1,0,VIP,44.929166666666674
19.0,9.0,4.0,Laptop & Accessory,4.0,Divorced,2.0,0.0,8.0,173.05,0.0,59.215,1,0,Loyal,34.61
12.0,9.0,4.0,Laptop & Accessory,5.0,Married,5.0,0.0,8.0,193.93,0.0,63.379000000000005,1,0,Regular,38.786
16.0,25.0,4.0,Laptop & Accessory,5.0,Married,8.0,1.0,3.0,179.1,0.0,60.129999999999995,1,1,Loyal,35.82
5.0,21.0,3.0,Laptop & Accessory,1.0,Married,6.0,0.0,2.0,166.67,0.0,52.701,1,0,New,41.6675
14.0,35.0,5.0,Fashion,5.0,Married,6.0,1.0,1.0,233.54,0.0,76.262,1,1,Loyal,38.92333333333333
1.0,26.0,5.0,Mobile Phone,5.0,Married,3.0,0.0,8.0,165.66,0.0,51.998,1,0,New,27.61
13.0,15.0,4.0,Laptop & Accessory,2.0,Divorced,10.0,0.0,2.0,148.76,0.0,50.12799999999999,1,0,Loyal,29.752
1.0,35.0,3.0,Laptop & Accessory,5.0,Divorced,8.0,1.0,0.0,166.73,0.0,51.519,1,1,New,41.6825
28.0,8.0,3.0,Fashion,4.0,Divorced,4.0,0.0,3.0,209.76,0.0,72.528,1,0,VIP,52.44
12.0,14.0,3.0,Mobile Phone,3.0,Divorced,2.0,0.0,7.0,137.55,0.0,46.065000000000005,1,0,Regular,34.3875
27.0,8.0,3.0,Fashion,3.0,Married,10.0,0.0,3.0,235.49,0.0,79.947,1,0,VIP,58.8725
5.0,15.0,2.0,Mobile Phone,4.0,Single,11.0,0.0,3.0,146.09,0.0,46.126999999999995,1,0,New,48.696666666666665
0.0,22.0,3.0,Fashion,5.0,Single,3.0,1.0,0.0,185.64,0.0,56.891999999999996,1,1,,46.41
6.0,16.0,1.5,Fashion,3.0,Married,1.0,1.0,8.0,183.8,0.0,57.54,1,1,New,73.52000000000001
9.0,15.0,3.0,Fashion,1.0,Married,5.0,0.0,3.0,200.96,0.0,64.188,1,0,Regular,50.24
9.0,6.0,3.0,Mobile,5.0,Single,3.0,0.0,2.0,120.8,0.0,40.14,1,0,Regular,30.2
23.0,17.0,3.0,Others,4.0,Single,4.0,0.0,4.0,269.57500000000005,0.0,88.97250000000003,1,0,Loyal,67.39375000000001
1.0,13.0,5.5,Mobile Phone,3.0,Married,2.0,0.0,1.0,148.51,0.0,47.053,1,0,New,22.847692307692306
0.0,14.0,3.0,Mobile,1.0,Single,2.0,0.0,4.0,134.45,0.0,41.535,1,0,,33.6125
19.0,19.0,3.0,Laptop & Accessory,4.0,Single,7.0,0.0,9.0,155.62,0.0,53.586000000000006,1,0,Loyal,38.905
23.0,7.0,4.0,Mobile Phone,5.0,Divorced,4.0,0.0,3.0,160.8,0.0,56.74,1,0,Loyal,32.160000000000004
0.0,6.0,4.0,Mobile Phone,5.0,Divorced,2.0,0.0,3.0,139.55,0.0,43.465,1,0,,27.910000000000004
1.0,17.0,4.0,Laptop & Accessory,3.0,Married,3.0,1.0,4.0,167.6,0.0,52.17999999999999,1,1,New,33.519999999999996
7.0,8.0,3.0,Laptop & Accessory,2.0,Single,2.0,0.0,11.0,166.87,0.0,53.361000000000004,1,0,Regular,41.7175
9.0,11.0,4.0,Mobile,5.0,Married,10.0,1.0,0.0,134.19,0.0,44.557,1,1,Regular,26.838
8.0,22.0,4.0,Fashion,1.0,Married,3.0,0.0,6.0,204.78,0.0,65.434,1,0,Regular,40.956
6.0,15.0,2.0,Laptop & Accessory,3.0,Married,7.0,0.0,4.0,176.75,0.0,55.62499999999999,1,0,New,58.916666666666664
7.0,15.0,3.0,Fashion,2.0,Married,1.0,0.0,6.0,185.0,0.0,58.800000000000004,1,0,Regular,46.25
26.0,9.0,5.0,Others,3.0,Single,3.0,1.0,13.0,269.57500000000005,0.0,90.67250000000001,1,1,VIP,44.929166666666674
9.0,12.0,3.0,Mobile,1.0,Married,1.0,0.0,11.0,132.1,0.0,43.53,1,0,Regular,33.025
12.0,17.0,4.0,Laptop & Accessory,3.0,Married,5.0,0.0,3.0,185.77,0.0,60.931000000000004,1,0,Regular,37.154
18.0,9.0,4.0,Fashion,3.0,Single,7.0,1.0,3.0,227.09,0.0,75.127,1,1,Loyal,45.418
1.0,10.0,4.0,Laptop & Accessory,3.0,Divorced,2.0,1.0,3.0,166.71,0.0,51.913,1,1,New,33.342
3.0,11.0,4.0,Laptop & Accessory,3.0,Married,2.0,0.0,2.0,161.18,0.0,50.854,1,0,New,32.236000000000004
12.0,18.0,3.0,Laptop & Accessory,4.0,Married,5.0,0.0,0.0,152.95,0.0,50.685,1,0,Regular,38.2375
15.0,14.0,4.0,Mobile,5.0,Married,1.0,1.0,8.0,125.93,0.0,43.879000000000005,1,1,Loyal,25.186
1.0,11.0,5.0,Laptop & Accessory,2.0,Single,3.0,1.0,4.0,169.87,0.0,53.260999999999996,1,1,New,28.311666666666667
23.0,14.0,5.0,Fashion,3.0,Single,10.0,0.0,1.0,234.65,0.0,79.295,1,0,Loyal,39.108333333333334
9.0,25.0,4.0,Laptop & Accessory,3.0,Married,3.0,1.0,3.0,181.89,0.0,58.867,1,1,Regular,36.378
7.0,9.0,3.0,Laptop & Accessory,4.0,Married,2.0,0.0,9.0,154.33,0.0,49.599000000000004,1,0,Regular,38.5825
1.0,17.0,5.0,Mobile Phone,5.0,Single,3.0,0.0,1.0,139.16,0.0,44.047999999999995,1,0,New,23.19333333333333
1.0,9.0,4.0,Mobile Phone,5.0,Married,3.0,1.0,1.0,145.74,0.0,45.622,1,1,New,29.148000000000003
0.0,14.0,4.0,Laptop & Accessory,5.0,Single,7.0,0.0,2.0,153.26,0.0,47.577999999999996,1,0,,30.651999999999997
6.0,17.0,4.0,Fashion,1.0,Single,4.0,0.0,1.0,237.44,0.0,74.63199999999999,1,0,New,47.488
15.0,35.0,5.0,Laptop & Accessory,2.0,Single,5.0,0.0,0.0,142.72,0.0,49.315999999999995,1,0,Loyal,23.786666666666665
8.0,6.0,3.0,Fashion,3.0,Single,2.0,0.0,8.0,187.89,0.0,59.967,1,0,Regular,46.9725
10.0,23.0,5.0,Laptop & Accessory,5.0,Married,6.0,0.0,3.0,181.47,0.0,59.440999999999995,1,0,Regular,30.245
10.0,27.0,3.0,Mobile,2.0,Divorced,6.0,0.0,0.0,129.73,0.0,43.119,1,0,Regular,32.4325
3.0,10.0,4.0,Laptop & Accessory,3.0,Divorced,6.0,1.0,1.0,177.38,0.0,55.714,1,1,New,35.476
12.0,9.0,5.0,Fashion,3.0,Married,5.0,1.0,3.0,202.56,0.0,66.368,1,1,Regular,33.76
4.0,8.0,3.0,Mobile,3.0,Married,2.0,0.0,3.0,134.77,0.0,42.83100000000001,1,0,New,33.6925
9.0,23.0,4.0,Mobile,4.0,Married,2.0,0.0,0.0,121.27,0.0,40.681000000000004,1,0,Regular,24.253999999999998
30.0,6.0,4.0,Laptop & Accessory,3.0,Single,8.0,0.0,3.0,154.73,0.0,57.019,1,0,VIP,30.945999999999998
22.0,16.0,3.0,Others,5.0,Single,10.0,1.0,2.0,269.57500000000005,0.0,88.67250000000001,1,1,Loyal,67.39375000000001
8.0,22.0,4.0,Grocery,5.0,Married,9.0,0.0,10.0,269.57500000000005,0.0,84.87250000000002,1,0,Regular,53.915000000000006
1.0,9.0,2.0,Mobile Phone,5.0,Single,9.0,0.0,2.0,159.24,0.0,48.87199999999999,1,0,New,53.080000000000005
1.0,10.0,4.0,Mobile Phone,1.0,Married,3.0,0.0,1.0,142.06,0.0,44.518,1,0,New,28.412
7.0,15.0,4.0,Laptop & Accessory,3.0,Married,2.0,0.0,3.0,196.04,0.0,62.512,1,0,Regular,39.208
19.0,11.0,4.0,Laptop & Accessory,4.0,Married,3.0,0.0,9.0,169.47,0.0,58.141000000000005,1,0,Loyal,33.894
9.0,27.0,1.5,Mobile,4.0,Married,2.0,0.0,13.0,120.28,0.0,39.384,1,0,Regular,48.112
1.0,10.0,5.0,Fashion,2.0,Divorced,3.0,1.0,3.0,228.25,0.0,70.77499999999999,1,1,New,38.041666666666664
12.0,13.0,5.0,Mobile Phone,3.0,Married,3.0,0.0,5.0,162.02,0.0,54.206,1,0,Regular,27.003333333333334
20.0,32.0,3.0,Others,3.0,Married,4.0,0.0,0.0,269.57500000000005,0.0,88.07250000000002,1,0,Loyal,67.39375000000001
21.0,8.0,2.0,Laptop & Accessory,4.0,Divorced,4.0,0.0,2.0,181.2,0.0,61.45999999999999,1,0,Loyal,60.4
17.0,34.0,1.5,Grocery,2.0,Divorced,4.0,1.0,11.0,233.2,0.0,75.65999999999998,1,1,Loyal,93.28
2.0,7.0,4.0,Mobile Phone,5.0,Married,3.0,0.0,3.0,160.91,0.0,50.473,1,0,New,32.182
2.0,8.0,3.0,Mobile,4.0,Divorced,1.0,0.0,2.0,131.8,0.0,41.34,1,0,New,32.95
3.0,6.0,3.0,Mobile Phone,4.0,Divorced,1.0,1.0,7.0,135.79,0.0,42.836999999999996,1,1,New,33.9475
9.0,17.0,4.0,Mobile Phone,2.0,Married,3.0,0.0,3.0,164.17,0.0,53.551,1,0,Regular,32.833999999999996
5.0,11.0,4.0,Laptop & Accessory,1.0,Single,9.0,0.0,0.0,196.79,0.0,62.13699999999999,1,0,New,39.358
30.0,16.0,3.0,Grocery,3.0,Single,1.0,0.0,8.0,238.72000000000003,0.0,81.816,1,0,VIP,59.68000000000001
1.0,7.0,5.0,Mobile Phone,3.0,Married,3.0,1.0,1.0,154.33,0.0,48.599,1,1,New,25.721666666666668
19.0,6.0,3.0,Others,2.0,Married,10.0,0.0,2.0,269.57500000000005,0.0,87.77250000000002,1,0,Loyal,67.39375000000001
5.0,11.0,4.0,Laptop & Accessory,4.0,Single,3.0,0.0,3.0,218.55,0.0,68.66499999999999,1,0,New,43.71
0.0,16.0,3.0,Fashion,5.0,Married,2.0,0.0,7.0,187.93,0.0,57.579,1,0,,46.9825
2.0,9.0,4.0,Laptop & Accessory,4.0,Married,6.0,0.0,5.0,173.55,0.0,54.26500000000001,1,0,New,34.71
23.0,23.0,4.0,Mobile Phone,5.0,Married,6.0,1.0,3.0,150.87,0.0,53.761,1,1,Loyal,30.174
14.0,9.0,4.0,Mobile Phone,3.0,Married,4.0,0.0,3.0,145.01,0.0,49.303,1,0,Loyal,29.002
6.0,8.0,3.0,Laptop & Accessory,4.0,Single,9.0,0.0,7.0,151.47,0.0,48.440999999999995,1,0,New,37.8675
14.0,29.0,3.0,Fashion,3.0,Single,4.0,1.0,2.0,170.82,0.0,56.646,1,1,Loyal,42.705
1.0,8.0,4.0,Mobile Phone,4.0,Single,3.0,1.0,3.0,148.02,0.0,46.306,1,1,New,29.604000000000003
1.0,7.0,4.0,Mobile Phone,2.0,Divorced,4.0,1.0,1.0,147.93,0.0,46.278999999999996,1,1,New,29.586000000000002
2.0,9.0,5.0,Mobile Phone,4.0,Married,2.0,0.0,5.0,157.01,0.0,49.702999999999996,1,0,New,26.168333333333333
3.0,12.0,4.0,Laptop & Accessory,1.0,Married,1.0,0.0,7.0,146.27,0.0,46.381,1,0,New,29.254
12.0,16.0,4.0,Mobile Phone,1.0,Married,4.0,0.0,4.0,172.71,0.0,57.013000000000005,1,0,Regular,34.542
1.0,12.0,4.0,Mobile Phone,3.0,Single,3.0,1.0,3.0,159.41,0.0,49.723,1,1,New,31.881999999999998
11.0,26.0,4.0,Mobile Phone,4.0,Married,6.0,0.0,1.0,155.22,0.0,51.465999999999994,1,0,Regular,31.044
12.0,9.0,2.0,Laptop & Accessory,5.0,Single,8.0,1.0,13.0,184.8,0.0,59.84,1,1,Regular,61.6
30.0,6.0,5.0,Laptop & Accessory,3.0,Married,3.0,1.0,2.0,156.6,0.0,57.98,1,1,VIP,26.099999999999998
6.0,15.0,2.0,Laptop & Accessory,3.0,Divorced,7.0,0.0,4.0,176.75,0.0,55.62499999999999,1,0,New,58.916666666666664
1.0,9.0,4.0,Mobile Phone,4.0,Married,3.0,0.0,3.0,147.26,0.0,46.077999999999996,1,0,New,29.451999999999998
8.0,15.0,4.0,Laptop & Accessory,3.0,Single,5.0,0.0,4.0,186.42,0.0,59.925999999999995,1,0,Regular,37.284
14.0,11.0,1.5,Laptop & Accessory,4.0,Single,4.0,0.0,2.0,168.7,0.0,55.41,1,0,Loyal,67.47999999999999
14.0,21.0,5.0,Others,3.0,Single,3.0,0.0,10.0,269.57500000000005,0.0,87.07250000000002,1,0,Loyal,44.929166666666674
2.0,36.0,5.5,Laptop & Accessory,4.0,Married,3.0,0.0,8.0,190.49,0.0,59.947,1,0,New,29.306153846153848
4.0,10.0,3.0,Laptop & Accessory,4.0,Single,2.0,0.0,7.0,193.55,0.0,60.465,1,0,New,48.3875
3.0,9.0,4.0,Grocery,1.0,Married,9.0,0.0,6.0,246.69,0.0,76.50699999999999,1,0,New,49.338
20.0,10.0,4.0,Fashion,4.0,Married,9.0,1.0,10.0,203.33,0.0,68.599,1,1,Loyal,40.666000000000004
11.0,23.0,4.0,Fashion,3.0,Married,1.0,0.0,9.0,188.23,0.0,61.36899999999999,1,0,Regular,37.646
11.0,7.0,3.0,Laptop & Accessory,1.0,Married,8.0,0.0,9.0,147.35,0.0,48.705,1,0,Regular,36.8375
10.0,16.0,2.0,Mobile Phone,2.0,Single,4.0,0.0,0.0,146.8,0.0,47.839999999999996,1,0,Regular,48.93333333333334
11.0,6.0,3.0,Laptop & Accessory,4.0,Married,1.0,0.0,8.0,144.4,0.0,47.82,1,0,Regular,36.1
25.0,18.0,5.0,Grocery,4.0,Single,5.0,0.0,4.0,256.42,0.0,86.426,1,0,VIP,42.73666666666667
1.0,34.0,4.0,Laptop & Accessory,1.0,Single,3.0,1.0,8.0,183.13,0.0,56.839,1,1,New,36.626
14.0,33.0,4.0,Laptop & Accessory,5.0,Divorced,3.0,0.0,6.0,208.96,0.0,68.488,1,0,Loyal,41.792
9.0,6.0,3.0,Mobile,1.0,Single,2.0,0.0,7.0,121.15,0.0,40.245000000000005,1,0,Regular,30.2875
26.0,10.0,5.0,Fashion,3.0,Divorced,4.0,1.0,5.0,204.69,0.0,71.207,1,1,VIP,34.115
28.0,16.0,4.0,Laptop & Accessory,3.0,Married,5.0,0.0,4.0,153.97,0.0,56.190999999999995,1,0,VIP,30.794
20.0,31.0,3.0,Fashion,3.0,Single,3.0,0.0,11.0,186.33,0.0,63.099000000000004,1,0,Loyal,46.5825
1.0,20.0,4.0,Laptop & Accessory,4.0,Single,7.0,0.0,1.0,182.65,0.0,56.695,1,0,New,36.53
1.0,7.0,5.0,Mobile Phone,4.0,Single,3.0,1.0,3.0,145.7,0.0,46.00999999999999,1,1,New,24.28333333333333
5.0,13.0,3.0,Laptop & Accessory,2.0,Divorced,5.0,0.0,3.0,192.04,0.0,60.312,1,0,New,48.01
1.0,31.0,5.0,Laptop & Accessory,4.0,Single,2.0,1.0,11.0,170.99,0.0,53.597,1,1,New,28.498333333333335
18.0,10.0,3.0,Laptop & Accessory,4.0,Divorced,2.0,0.0,8.0,144.47,0.0,49.941,1,0,Loyal,36.1175
1.0,11.0,2.0,Laptop & Accessory,4.0,Married,3.0,1.0,4.0,186.42,0.0,57.02599999999999,1,1,New,62.13999999999999
1.0,11.0,4.0,Mobile Phone,1.0,Single,11.0,1.0,1.0,147.85,0.0,46.254999999999995,1,1,New,29.57
1.0,31.0,4.0,Mobile Phone,4.0,Single,10.0,0.0,3.0,160.97,0.0,50.190999999999995,1,0,New,32.194
9.0,28.0,4.0,Laptop & Accessory,2.0,Divorced,3.0,1.0,8.0,165.14,0.0,53.842,1,1,Regular,33.028
7.0,21.0,3.0,Laptop & Accessory,5.0,Single,2.0,0.0,6.0,161.25,0.0,51.675000000000004,1,0,Regular,40.3125
19.0,11.0,5.5,Fashion,3.0,Married,6.0,0.0,3.0,222.56,0.0,74.668,1,0,Loyal,34.24
3.0,16.0,4.0,Mobile Phone,3.0,Married,11.0,0.0,3.0,154.74,0.0,48.922000000000004,1,0,New,30.948
18.0,8.0,4.0,Mobile Phone,1.0,Married,6.0,1.0,3.0,156.95,0.0,54.084999999999994,1,1,Loyal,31.389999999999997
11.0,6.0,1.5,Laptop & Accessory,1.0,Single,1.0,0.0,8.0,176.25,0.0,56.775,1,0,Regular,70.5
5.0,12.0,4.0,Mobile Phone,4.0,Married,3.0,0.0,3.0,152.89,0.0,48.967,1,0,New,30.577999999999996
21.0,10.0,4.0,Grocery,3.0,Married,11.0,1.0,14.0,262.7,0.0,86.70999999999998,1,1,Loyal,52.54
27.0,15.0,3.0,Laptop & Accessory,3.0,Married,4.0,0.0,3.0,128.97,0.0,47.991,1,0,VIP,32.2425
30.0,15.0,4.0,Mobile Phone,5.0,Married,6.0,1.0,3.0,167.57,0.0,60.870999999999995,1,1,VIP,33.513999999999996
4.0,7.0,5.5,Mobile Phone,3.0,Divorced,5.0,0.0,3.0,163.33,0.0,52.39900000000001,1,0,New,25.12769230769231
8.0,20.0,4.0,Fashion,3.0,Married,3.0,0.0,3.0,211.28,0.0,67.384,1,0,Regular,42.256
1.0,18.0,4.0,Mobile Phone,5.0,Married,2.0,0.0,5.0,145.99,0.0,45.697,1,0,New,29.198
7.0,8.0,3.0,Laptop & Accessory,3.0,Single,3.0,0.0,2.0,140.33,0.0,45.39900000000001,1,0,Regular,35.0825
12.0,10.0,4.0,Laptop & Accessory,2.0,Single,10.0,1.0,1.0,193.61,0.0,63.283,1,1,Regular,38.722
17.0,34.0,4.0,Fashion,5.0,Married,10.0,0.0,2.0,233.2,0.0,76.65999999999998,1,0,Loyal,46.64
5.0,9.0,5.0,Laptop & Accessory,5.0,Married,5.0,0.0,1.0,189.1,0.0,60.23,1,0,New,31.516666666666666
9.0,15.0,4.0,Mobile Phone,3.0,Single,3.0,0.0,5.0,168.23,0.0,54.769,1,0,Regular,33.646
1.0,12.0,4.0,Mobile Phone,1.0,Single,2.0,1.0,3.0,148.79,0.0,46.53699999999999,1,1,New,29.758
24.0,36.0,5.0,Grocery,3.0,Divorced,2.0,0.0,8.0,269.57500000000005,0.0,90.07250000000002,1,0,Loyal,44.929166666666674
7.0,24.0,5.0,Mobile Phone,3.0,Married,11.0,1.0,1.0,149.37,0.0,48.911,1,1,Regular,24.895
20.0,8.0,3.0,Grocery,1.0,Married,2.0,1.0,0.0,267.52,0.0,87.45599999999999,1,1,Loyal,66.88
7.0,34.0,4.0,Laptop & Accessory,3.0,Married,2.0,0.0,7.0,167.12,0.0,53.836000000000006,1,0,Regular,33.424
2.0,6.0,1.5,Laptop & Accessory,3.0,Single,9.0,1.0,2.0,162.94,0.0,50.082,1,1,New,65.176
21.0,10.0,4.0,Grocery,1.0,Married,3.0,0.0,2.0,252.02,0.0,83.50599999999999,1,0,Loyal,50.404
4.0,26.0,3.0,Mobile,4.0,Single,2.0,1.0,2.0,131.4,0.0,41.82000000000001,1,1,New,32.85
21.0,9.0,5.0,Mobile Phone,1.0,Single,3.0,1.0,3.0,157.94,0.0,55.681999999999995,1,1,Loyal,26.323333333333334
5.0,7.0,3.0,Laptop & Accessory,5.0,Married,5.0,0.0,2.0,140.87,0.0,44.961000000000006,1,0,New,35.2175
8.0,24.0,1.5,Laptop & Accessory,5.0,Married,2.0,0.0,10.0,152.08,0.0,48.624,1,0,Regular,60.83200000000001
12.0,7.0,4.0,Laptop & Accessory,1.0,Married,9.0,0.0,10.0,172.35,0.0,56.905,1,0,Regular,34.47
24.0,24.0,5.0,Fashion,5.0,Married,7.0,0.0,12.0,257.69,0.0,86.507,1,0,Loyal,42.94833333333333
30.0,31.0,3.0,Fashion,5.0,Single,8.0,0.0,9.0,176.37,0.0,63.111000000000004,1,0,VIP,44.0925
14.0,9.0,2.0,Laptop & Accessory,4.0,Divorced,3.0,0.0,8.0,167.44,0.0,55.232,1,0,Loyal,55.81333333333333
9.0,7.0,4.0,Laptop & Accessory,3.0,Divorced,11.0,0.0,10.0,172.17,0.0,55.951,1,0,Regular,34.434
5.0,9.0,4.0,Mobile Phone,3.0,Married,3.0,0.0,4.0,159.77,0.0,51.031000000000006,1,0,New,31.954
30.0,24.0,3.0,Fashion,1.0,Single,7.0,0.0,4.0,205.12,0.0,71.736,1,0,VIP,51.28
1.0,12.0,4.0,Mobile Phone,4.0,Single,3.0,1.0,3.0,149.78,0.0,46.833999999999996,1,1,New,29.956
9.0,14.0,4.0,Mobile Phone,3.0,Divorced,3.0,0.0,1.0,149.04,0.0,49.012,1,0,Regular,29.808
3.0,8.0,4.0,Mobile Phone,5.0,Single,1.0,0.0,7.0,149.68,0.0,47.404,1,0,New,29.936
30.0,15.0,4.0,Mobile,4.0,Married,5.0,1.0,0.0,133.46,0.0,50.638000000000005,1,1,VIP,26.692
11.0,14.0,4.0,Mobile,4.0,Single,2.0,0.0,3.0,124.4,0.0,42.22,1,0,Regular,24.880000000000003
14.0,34.0,4.0,Grocery,4.0,Married,1.0,0.0,10.0,235.7,0.0,76.50999999999999,1,0,Loyal,47.14
26.0,32.0,5.0,Grocery,1.0,Married,5.0,0.0,1.0,263.26,0.0,88.77799999999999,1,0,VIP,43.876666666666665
4.0,16.0,3.0,Laptop & Accessory,1.0,Married,3.0,1.0,4.0,165.83,0.0,52.14900000000001,1,1,New,41.4575
9.0,8.0,1.5,Mobile,1.0,Married,2.0,0.0,7.0,120.11,0.0,39.333000000000006,1,0,Regular,48.044
18.0,11.0,4.0,Laptop & Accessory,4.0,Single,11.0,0.0,4.0,184.33,0.0,62.299,1,0,Loyal,36.866
0.0,17.0,3.0,Laptop & Accessory,5.0,Married,2.0,1.0,3.0,147.41,0.0,45.423,1,1,,36.8525
19.0,14.0,3.0,Mobile,3.0,Married,9.0,0.0,8.0,123.39,0.0,43.917,1,0,Loyal,30.8475
10.0,6.0,4.0,Mobile Phone,5.0,Divorced,3.0,0.0,2.0,139.2,0.0,46.36,1,0,Regular,27.839999999999996
11.0,14.0,3.0,Mobile,4.0,Married,6.0,0.0,8.0,125.92,0.0,42.275999999999996,1,0,Regular,31.48
9.0,7.0,2.0,Mobile Phone,3.0,Single,5.0,0.0,3.0,150.06,0.0,48.518,1,0,Regular,50.02
15.0,30.0,3.0,Fashion,5.0,Married,2.0,1.0,8.0,174.06,0.0,57.918,1,1,Loyal,43.515
20.0,25.0,4.0,Laptop & Accessory,3.0,Married,4.0,0.0,9.0,173.1,0.0,59.53,1,0,Loyal,34.62
0.0,30.0,1.5,Mobile Phone,5.0,Single,2.0,0.0,0.0,110.91,0.0,33.873,1,0,,44.364
1.0,30.0,4.0,Fashion,5.0,Married,11.0,1.0,3.0,224.5,0.0,69.24999999999999,1,1,New,44.9
15.0,21.0,4.0,Mobile Phone,3.0,Married,6.0,0.0,9.0,149.51,0.0,50.952999999999996,1,0,Loyal,29.901999999999997
27.0,6.0,3.0,Fashion,3.0,Married,8.0,0.0,4.0,205.02,0.0,70.806,1,0,VIP,51.255
9.0,14.0,3.0,Fashion,3.0,Married,2.0,0.0,8.0,200.96,0.0,64.188,1,0,Regular,50.24
6.0,15.0,2.0,Laptop & Accessory,1.0,Married,3.0,0.0,9.0,187.09,0.0,58.727,1,0,New,62.36333333333334
9.0,15.0,3.0,Mobile,5.0,Single,4.0,0.0,0.0,120.18,0.0,39.95400000000001,1,0,Regular,30.045
12.0,6.0,3.0,Others,3.0,Married,2.0,1.0,6.0,269.57500000000005,0.0,85.67250000000001,1,1,Regular,67.39375000000001
27.0,15.0,4.0,Grocery,2.0,Divorced,7.0,0.0,3.0,243.36,0.0,82.70799999999998,1,0,VIP,48.672000000000004
23.0,29.0,4.0,Grocery,4.0,Married,5.0,0.0,3.0,269.57500000000005,0.0,89.37250000000002,1,0,Loyal,53.915000000000006
5.0,9.0,4.0,Laptop & Accessory,5.0,Single,9.0,0.0,4.0,178.32,0.0,56.596,1,0,New,35.664
1.0,7.0,5.0,Mobile Phone,4.0,Single,3.0,1.0,3.0,146.74,0.0,46.321999999999996,1,1,New,24.456666666666667
11.0,15.0,4.0,Laptop & Accessory,4.0,Married,4.0,0.0,8.0,165.71,0.0,54.613,1,0,Regular,33.142
13.0,14.0,3.0,Laptop & Accessory,3.0,Married,4.0,1.0,3.0,167.96,0.0,55.488,1,1,Loyal,41.99
16.0,8.0,3.0,Mobile,1.0,Single,1.0,0.0,8.0,135.39,0.0,46.617,1,0,Loyal,33.8475
9.0,21.0,3.0,Mobile,3.0,Married,2.0,0.0,2.0,122.07,0.0,40.521,1,0,Regular,30.5175
7.0,17.0,4.0,Laptop & Accessory,4.0,Divorced,5.0,0.0,8.0,144.9,0.0,47.17,1,0,Regular,28.98
1.0,9.0,4.0,Mobile Phone,3.0,Married,8.0,1.0,3.0,164.77,0.0,51.331,1,1,New,32.954
23.0,6.0,3.0,Laptop & Accessory,3.0,Divorced,1.0,0.0,13.0,163.47,0.0,57.141,1,0,Loyal,40.8675
28.0,6.0,4.0,Laptop & Accessory,3.0,Single,9.0,0.0,1.0,162.8,0.0,58.84,1,0,VIP,32.56
14.0,23.0,4.0,Mobile Phone,3.0,Married,11.0,0.0,1.0,160.44,0.0,53.932,1,0,Loyal,32.088
10.0,35.0,3.0,Fashion,4.0,Married,2.0,1.0,3.0,218.49,0.0,69.747,1,1,Regular,54.6225
3.0,13.0,3.0,Mobile,4.0,Single,1.0,0.0,2.0,129.83,0.0,41.04900000000001,1,0,New,32.4575
19.0,8.0,3.0,Grocery,5.0,Married,9.0,0.0,9.0,269.57500000000005,0.0,87.77250000000002,1,0,Loyal,67.39375000000001
3.0,33.0,3.0,Laptop & Accessory,1.0,Married,8.0,0.0,7.0,153.04,0.0,48.012,1,0,New,38.26
0.0,14.0,4.0,Mobile,3.0,Single,2.0,0.0,2.0,126.25,0.0,39.475,1,0,,25.25
9.0,6.0,3.0,Mobile,2.0,Divorced,3.0,1.0,0.0,122.93,0.0,40.779,1,1,Regular,30.7325
9.0,7.0,4.0,Mobile Phone,3.0,Married,2.0,0.0,0.0,115.63,0.0,38.989000000000004,1,0,Regular,23.125999999999998
31.0,9.0,4.0,Grocery,4.0,Married,6.0,0.0,14.5,269.57500000000005,0.0,91.77250000000001,1,0,VIP,53.915000000000006
3.0,15.0,3.0,Laptop & Accessory,3.0,Single,8.0,1.0,7.0,146.95,0.0,46.184999999999995,1,1,New,36.7375
29.0,7.0,4.0,Others,5.0,Single,2.0,1.0,14.0,269.57500000000005,0.0,91.17250000000001,1,1,VIP,53.915000000000006
3.0,8.0,5.0,Grocery,1.0,Married,5.0,0.0,8.0,269.57500000000005,0.0,83.77250000000002,1,0,New,44.929166666666674
11.0,6.0,3.0,Fashion,3.0,Single,5.0,1.0,0.0,178.61,0.0,58.083000000000006,1,1,Regular,44.6525
23.0,8.0,3.0,Grocery,5.0,Divorced,3.0,0.0,2.0,269.57500000000005,0.0,88.97250000000003,1,0,Loyal,67.39375000000001
3.0,26.0,3.0,Laptop & Accessory,5.0,Married,1.0,0.0,2.0,199.57,0.0,61.971,1,0,New,49.8925
21.0,9.0,4.0,Laptop & Accessory,1.0,Married,7.0,0.0,5.0,175.7,0.0,60.60999999999999,1,0,Loyal,35.14
3.0,14.0,4.0,Laptop & Accessory,2.0,Married,3.0,1.0,1.0,191.23,0.0,59.86899999999999,1,1,New,38.245999999999995
18.0,8.0,5.0,Laptop & Accessory,3.0,Single,1.0,0.0,1.0,166.32,0.0,57.29599999999999,1,0,Loyal,27.72
12.0,24.0,3.0,Laptop & Accessory,3.0,Single,1.0,0.0,7.0,145.34,0.0,48.402,1,0,Regular,36.335
1.0,9.0,5.5,Laptop & Accessory,1.0,Single,5.0,0.0,1.0,175.71,0.0,55.213,1,0,New,27.032307692307693
5.0,32.0,3.0,Laptop & Accessory,2.0,Divorced,1.0,0.0,2.0,144.65,0.0,46.095000000000006,1,0,New,36.1625
14.0,14.0,5.0,Fashion,1.0,Single,3.0,0.0,3.0,206.5,0.0,68.14999999999999,1,0,Loyal,34.416666666666664
11.0,8.0,3.0,Mobile,3.0,Married,7.0,1.0,1.0,130.57,0.0,43.671,1,1,Regular,32.6425
13.0,9.0,5.0,Laptop & Accessory,3.0,Single,3.0,0.0,11.0,170.53,0.0,57.059,1,0,Loyal,28.421666666666667
14.0,8.0,4.0,Grocery,5.0,Married,4.0,0.0,14.5,269.57500000000005,0.0,86.67250000000001,1,0,Loyal,53.915000000000006
7.0,13.0,4.0,Laptop & Accessory,1.0,Married,5.0,0.0,8.0,202.25,0.0,64.375,1,0,Regular,40.45
10.0,10.0,4.0,Mobile Phone,4.0,Married,3.0,0.0,8.0,161.92,0.0,53.175999999999995,1,0,Regular,32.384
4.0,36.0,4.0,Fashion,4.0,Married,5.0,0.0,3.0,217.5,0.0,68.05,1,0,New,43.5
0.0,25.0,4.0,Mobile Phone,5.0,Married,2.0,0.0,7.0,140.66,0.0,43.798,1,0,,28.131999999999998
0.0,22.0,3.0,Mobile,4.0,Divorced,10.0,0.0,2.0,128.11,0.0,39.633,1,0,,32.0275
8.0,8.0,5.0,Laptop & Accessory,5.0,Single,2.0,0.0,10.0,178.43,0.0,57.929,1,0,Regular,29.738333333333333
1.0,23.0,5.5,Mobile Phone,5.0,Married,3.0,1.0,1.0,148.07,0.0,46.921,1,1,New,22.779999999999998
22.0,14.0,3.0,Fashion,4.0,Married,5.0,0.0,7.0,174.03,0.0,60.009,1,0,Loyal,43.5075
1.0,16.0,4.0,Laptop & Accessory,5.0,Married,6.0,0.0,8.0,178.46,0.0,55.438,1,0,New,35.692
8.0,33.0,3.0,Laptop & Accessory,3.0,Married,3.0,0.0,7.0,168.83,0.0,54.249,1,0,Regular,42.2075
20.0,7.0,2.0,Grocery,5.0,Single,3.0,0.0,13.0,269.57500000000005,0.0,87.67250000000001,1,0,Loyal,89.85833333333335
10.0,16.0,3.0,Mobile Phone,4.0,Married,2.0,0.0,7.0,139.36,0.0,46.008,1,0,Regular,34.84
18.0,8.0,3.0,Laptop & Accessory,4.0,Married,1.0,0.0,7.0,148.05,0.0,51.015,1,0,Loyal,37.0125
30.0,30.0,1.5,Fashion,1.0,Married,4.0,1.0,4.0,194.39,0.0,67.917,1,1,VIP,77.756
2.0,14.0,3.0,Mobile,2.0,Single,2.0,0.0,5.0,123.4,0.0,38.82000000000001,1,0,New,30.85
6.0,10.0,4.0,Fashion,1.0,Single,5.0,0.0,8.0,236.59,0.0,74.377,1,0,New,47.318
20.0,20.0,4.0,Laptop & Accessory,4.0,Single,8.0,0.0,10.0,180.62,0.0,61.786,1,0,Loyal,36.124
9.0,34.0,3.0,Mobile,1.0,Married,5.0,0.0,3.0,121.32,0.0,40.296,1,0,Regular,30.33
13.0,14.0,3.0,Laptop & Accessory,3.0,Divorced,4.0,1.0,3.0,167.96,0.0,55.488,1,1,Loyal,41.99
10.0,6.0,3.0,Fashion,2.0,Married,3.0,1.0,2.0,236.03,0.0,75.009,1,1,Regular,59.0075
30.0,18.0,5.0,Laptop & Accessory,5.0,Married,6.0,0.0,1.0,178.8,0.0,64.64,1,0,VIP,29.8
18.0,7.0,3.0,Fashion,4.0,Married,2.0,0.0,7.0,174.41,0.0,58.923,1,0,Loyal,43.6025
9.0,27.0,4.0,Mobile,5.0,Married,1.0,0.0,0.0,122.96,0.0,41.188,1,0,Regular,24.592
28.0,20.0,2.0,Others,4.0,Single,9.0,0.0,14.5,269.57500000000005,0.0,90.07250000000002,1,0,VIP,89.85833333333335
9.0,32.0,3.0,Laptop & Accessory,3.0,Married,7.0,0.0,2.0,153.47,0.0,49.941,1,0,Regular,38.3675
18.0,17.0,4.0,Laptop & Accessory,1.0,Married,4.0,1.0,4.0,189.65,0.0,63.895,1,1,Loyal,37.93
4.0,10.0,4.0,Mobile Phone,2.0,Divorced,6.0,0.0,5.0,145.97,0.0,46.591,1,0,New,29.194
24.0,9.0,4.0,Grocery,5.0,Divorced,4.0,0.0,3.0,269.57500000000005,0.0,89.67250000000001,1,0,Loyal,53.915000000000006
1.0,16.0,4.0,Laptop & Accessory,5.0,Single,5.0,1.0,4.0,207.24,0.0,64.072,1,1,New,41.448
15.0,10.0,3.0,Others,1.0,Married,2.0,0.0,14.5,269.57500000000005,0.0,86.57250000000002,1,0,Loyal,67.39375000000001
10.0,17.0,4.0,Fashion,3.0,Divorced,5.0,0.0,8.0,195.94,0.0,63.382,1,0,Regular,39.188
17.0,22.0,5.0,Laptop & Accessory,1.0,Married,5.0,0.0,3.0,193.04,0.0,65.01199999999999,1,0,Loyal,32.17333333333333
10.0,10.0,4.0,Mobile Phone,4.0,Divorced,3.0,0.0,8.0,161.92,0.0,53.175999999999995,1,0,Regular,32.384
21.0,9.0,4.0,Others,4.0,Single,9.0,1.0,9.0,269.57500000000005,0.0,88.77250000000001,1,1,Loyal,53.915000000000006
2.0,14.0,3.0,Mobile,1.0,Married,5.0,0.0,7.0,125.14,0.0,39.342000000000006,1,0,New,31.285
10.0,10.0,4.0,Mobile Phone,4.0,Single,6.0,0.0,3.0,145.88,0.0,48.364,1,0,Regular,29.176
13.0,28.0,5.0,Laptop & Accessory,2.0,Divorced,5.0,1.0,5.0,186.2,0.0,61.75999999999999,1,1,Loyal,31.03333333333333
20.0,10.0,3.0,Laptop & Accessory,3.0,Single,4.0,0.0,0.0,129.76,0.0,46.128,1,0,Loyal,32.44
9.0,30.0,5.5,Mobile Phone,3.0,Married,2.0,0.0,4.0,152.05,0.0,50.51500000000001,1,0,Regular,23.392307692307693
4.0,9.0,3.0,Fashion,3.0,Married,10.0,0.0,2.0,236.75,0.0,73.425,1,0,New,59.1875
9.0,14.0,1.5,Mobile,4.0,Single,10.0,0.0,2.0,121.09,0.0,39.627,1,0,Regular,48.436
22.0,9.0,4.0,Laptop & Accessory,2.0,Divorced,4.0,0.0,8.0,165.51,0.0,57.853,1,0,Loyal,33.102
23.0,27.0,4.0,Laptop & Accessory,5.0,Married,3.0,0.0,12.0,190.67,0.0,65.701,1,0,Loyal,38.134
30.0,14.0,3.0,Mobile,3.0,Married,2.0,0.0,2.0,123.72,0.0,47.316,1,0,VIP,30.93
5.0,13.0,4.0,Laptop & Accessory,3.0,Divorced,2.0,0.0,8.0,154.84,0.0,49.552,1,0,New,30.968
5.0,14.0,5.0,Fashion,3.0,Married,3.0,0.0,3.0,214.43,0.0,67.829,1,0,New,35.73833333333334
15.0,8.0,3.0,Fashion,1.0,Married,3.0,1.0,9.0,201.24,0.0,66.072,1,1,Loyal,50.31
0.0,22.0,1.5,Mobile,5.0,Single,2.0,0.0,14.0,127.43,0.0,38.829,1,0,,50.972
12.0,19.0,5.0,Laptop & Accessory,5.0,Married,4.0,0.0,3.0,187.88,0.0,61.964,1,0,Regular,31.313333333333333
1.0,11.0,5.0,Mobile Phone,2.0,Divorced,2.0,0.0,5.0,156.62,0.0,49.285999999999994,1,0,New,26.103333333333335
1.0,9.0,4.0,Mobile Phone,4.0,Married,3.0,0.0,3.0,147.26,0.0,46.077999999999996,1,0,New,29.451999999999998
2.0,17.0,4.0,Mobile Phone,4.0,Divorced,3.0,0.0,1.0,135.52,0.0,42.856,1,0,New,27.104000000000003
0.0,17.0,1.5,Laptop & Accessory,3.0,Married,1.0,0.0,3.0,140.11,0.0,42.633,1,0,,56.044000000000004
1.0,12.0,2.0,Laptop & Accessory,5.0,Married,3.0,0.0,6.0,165.0,0.0,50.599999999999994,1,0,New,55.0
17.0,9.0,4.0,Laptop & Accessory,1.0,Married,3.0,0.0,8.0,181.75,0.0,61.225,1,0,Loyal,36.35
0.0,8.0,3.0,Laptop & Accessory,2.0,Divorced,1.0,0.0,2.0,142.27,0.0,43.88100000000001,1,0,,35.5675
16.0,7.0,4.0,Mobile Phone,5.0,Married,5.0,0.0,3.0,150.76,0.0,51.62799999999999,1,0,Loyal,30.151999999999997
13.0,8.0,4.0,Laptop & Accessory,3.0,Divorced,7.0,0.0,0.0,134.48,0.0,45.843999999999994,1,0,Loyal,26.895999999999997
2.0,34.0,5.5,Laptop & Accessory,5.0,Married,2.0,0.0,1.0,71.37499999999997,0.0,24.21249999999999,1,0,New,10.980769230769226
2.0,7.0,4.0,Mobile Phone,1.0,Married,3.0,0.0,4.0,145.44,0.0,45.832,1,0,New,29.088
25.0,17.0,3.0,Laptop & Accessory,3.0,Married,9.0,0.0,4.0,131.49,0.0,48.147000000000006,1,0,VIP,32.8725
18.0,13.0,3.0,Mobile Phone,3.0,Married,5.0,1.0,2.0,144.77,0.0,50.031000000000006,1,1,Loyal,36.1925
6.0,16.0,4.0,Laptop & Accessory,2.0,Divorced,3.0,1.0,6.0,188.22,0.0,59.866,1,1,New,37.644
7.0,27.0,1.5,Laptop & Accessory,1.0,Single,2.0,0.0,7.0,153.37,0.0,48.711000000000006,1,0,Regular,61.348
15.0,8.0,3.0,Mobile,3.0,Married,1.0,1.0,0.0,126.96,0.0,43.788,1,1,Loyal,31.74
1.0,9.0,4.0,Mobile Phone,5.0,Married,3.0,0.0,1.0,148.41,0.0,46.422999999999995,1,0,New,29.682
6.0,36.0,5.0,Mobile Phone,4.0,Single,3.0,0.0,2.0,153.37,0.0,49.811,1,0,New,25.561666666666667
11.0,34.0,2.0,Laptop & Accessory,3.0,Single,6.0,1.0,4.0,188.97,0.0,60.79099999999999,1,1,Regular,62.99
19.0,13.0,3.0,Fashion,3.0,Married,7.0,0.0,7.0,208.45,0.0,69.435,1,0,Loyal,52.1125
26.0,6.0,4.0,Fashion,4.0,Single,9.0,0.0,3.0,229.45,0.0,78.23499999999999,1,0,VIP,45.89
12.0,28.0,3.0,Fashion,5.0,Single,2.0,1.0,8.0,208.8,0.0,67.44,1,1,Regular,52.2
9.0,20.0,3.0,Mobile Phone,3.0,Single,2.0,0.0,0.0,115.14,0.0,38.44200000000001,1,0,Regular,28.785
11.0,13.0,4.0,Laptop & Accessory,2.0,Divorced,6.0,0.0,2.0,190.02,0.0,61.906,1,0,Regular,38.004000000000005
14.0,7.0,4.0,Grocery,5.0,Married,4.0,0.0,14.5,269.57500000000005,0.0,86.67250000000001,1,0,Loyal,53.915000000000006
4.0,8.0,3.0,Laptop & Accessory,5.0,Single,8.0,0.0,3.0,153.32,0.0,48.396,1,0,New,38.33
16.0,10.0,2.0,Laptop & Accessory,1.0,Married,4.0,1.0,4.0,177.31,0.0,58.79299999999999,1,1,Loyal,59.10333333333333
0.0,30.0,3.0,Mobile Phone,4.0,Single,9.0,0.0,2.0,135.97,0.0,41.991,1,0,,33.9925
21.0,9.0,4.0,Grocery,3.0,Married,5.0,0.0,7.0,269.57500000000005,0.0,88.77250000000001,1,0,Loyal,53.915000000000006
5.0,19.0,4.0,Mobile Phone,2.0,Divorced,10.0,1.0,3.0,164.29,0.0,52.387,1,1,New,32.858
0.0,13.0,1.5,Mobile Phone,5.0,Single,1.0,0.0,7.0,135.78,0.0,41.334,1,0,,54.312
14.0,15.0,5.0,Fashion,4.0,Married,4.0,0.0,9.0,262.57,0.0,84.971,1,0,Loyal,43.76166666666666
15.0,35.0,3.0,Laptop & Accessory,3.0,Married,3.0,0.0,2.0,145.56,0.0,49.368,1,0,Loyal,36.39
25.0,33.0,4.0,Grocery,3.0,Divorced,4.0,0.0,14.5,269.57500000000005,0.0,89.97250000000001,1,0,VIP,53.915000000000006
13.0,14.0,3.0,Mobile,3.0,Married,3.0,0.0,2.0,123.45,0.0,42.135,1,0,Loyal,30.8625
20.0,11.0,5.0,Others,4.0,Married,4.0,0.0,9.0,269.57500000000005,0.0,88.87250000000002,1,0,Loyal,44.929166666666674
1.0,11.0,4.0,Mobile Phone,3.0,Single,3.0,0.0,1.0,148.18,0.0,46.354,1,0,New,29.636000000000003
6.0,13.0,3.0,Laptop & Accessory,5.0,Married,1.0,0.0,3.0,143.73,0.0,46.11899999999999,1,0,New,35.9325
30.0,7.0,3.0,Others,5.0,Married,4.0,1.0,5.0,269.57500000000005,0.0,91.07250000000002,1,1,VIP,67.39375000000001
8.0,35.0,5.0,Laptop & Accessory,3.0,Married,3.0,0.0,8.0,192.12,0.0,62.035999999999994,1,0,Regular,32.02
6.0,13.0,3.0,Laptop & Accessory,5.0,Divorced,1.0,0.0,3.0,143.73,0.0,46.11899999999999,1,0,New,35.9325
11.0,16.0,5.5,Grocery,3.0,Married,9.0,0.0,11.0,254.36,0.0,81.808,1,0,Regular,39.13230769230769
8.0,29.0,3.0,Mobile Phone,5.0,Married,4.0,1.0,2.0,140.14,0.0,45.641999999999996,1,1,Regular,35.035
2.0,8.0,4.0,Mobile Phone,5.0,Married,3.0,0.0,3.0,160.91,0.0,50.473,1,0,New,32.182
8.0,13.0,4.0,Laptop & Accessory,3.0,Single,3.0,0.0,11.0,173.09,0.0,55.927,1,0,Regular,34.618
12.0,12.0,1.5,Fashion,3.0,Married,3.0,0.0,6.0,182.37,0.0,58.911,1,0,Regular,72.94800000000001
7.0,21.0,3.0,Fashion,1.0,Married,2.0,0.0,5.0,179.78,0.0,57.234,1,0,Regular,44.945
12.0,13.0,5.0,Laptop & Accessory,3.0,Married,4.0,0.0,8.0,178.21,0.0,59.063,1,0,Regular,29.701666666666668
22.0,24.0,3.0,Laptop & Accessory,1.0,Married,2.0,1.0,7.0,168.04,0.0,58.212,1,1,Loyal,42.01
23.0,14.0,3.0,Mobile,2.0,Divorced,5.0,0.0,0.0,123.8,0.0,45.24,1,0,Loyal,30.95
0.0,15.0,1.5,Mobile Phone,3.0,Married,2.0,0.0,4.0,144.01,0.0,43.803,1,0,,57.604
1.0,23.0,5.5,Mobile Phone,5.0,Single,3.0,1.0,8.0,164.19,0.0,51.757,1,1,New,25.259999999999998
14.0,13.0,3.0,Laptop & Accessory,3.0,Single,7.0,0.0,1.0,150.03,0.0,50.409000000000006,1,0,Loyal,37.5075
28.0,6.0,1.5,Grocery,2.0,Married,3.0,0.0,0.0,247.32,0.0,83.196,1,0,VIP,98.928
2.0,22.0,4.0,Mobile Phone,3.0,Married,3.0,0.0,3.0,147.07,0.0,46.321,1,0,New,29.413999999999998
7.0,15.0,5.0,Mobile Phone,2.0,Single,2.0,0.0,3.0,148.42,0.0,48.626,1,0,Regular,24.736666666666665
0.0,14.0,3.0,Mobile,3.0,Married,2.0,0.0,3.0,125.17,0.0,38.751000000000005,1,0,,31.2925
0.0,10.0,4.0,Laptop & Accessory,1.0,Single,2.0,1.0,4.0,158.28,0.0,49.084,1,1,,31.656
1.0,7.0,4.0,Mobile Phone,2.0,Single,3.0,1.0,9.0,151.86,0.0,47.458,1,1,New,30.372000000000003
1.0,33.0,5.0,Mobile Phone,3.0,Married,3.0,1.0,4.0,153.14,0.0,48.24199999999999,1,1,New,25.52333333333333
1.0,22.0,5.0,Mobile Phone,5.0,Married,2.0,0.0,4.0,172.74,0.0,54.122,1,0,New,28.790000000000003
18.0,14.0,3.0,Laptop & Accessory,4.0,Married,9.0,0.0,14.5,123.48,0.0,43.644,1,0,Loyal,30.87
7.0,14.0,4.0,Fashion,3.0,Divorced,2.0,0.0,8.0,241.91000000000005,0.0,76.273,1,0,Regular,48.38200000000001
29.0,15.0,5.0,Grocery,4.0,Married,3.0,1.0,1.0,260.77,0.0,88.931,1,1,VIP,43.461666666666666
12.0,17.0,4.0,Laptop & Accessory,2.0,Single,3.0,1.0,4.0,181.66,0.0,59.698,1,1,Regular,36.332
11.0,35.0,3.0,Laptop & Accessory,2.0,Divorced,4.0,0.0,7.0,162.61,0.0,53.283,1,0,Regular,40.6525
16.0,31.0,4.0,Fashion,5.0,Married,3.0,1.0,9.0,199.06,0.0,66.118,1,1,Loyal,39.812
6.0,22.0,4.0,Laptop & Accessory,1.0,Married,7.0,0.0,3.0,191.67,0.0,60.900999999999996,1,0,New,38.333999999999996
1.0,7.0,5.0,Mobile Phone,4.0,Single,3.0,1.0,3.0,145.7,0.0,46.00999999999999,1,1,New,24.28333333333333
1.0,24.0,4.0,Mobile Phone,3.0,Married,2.0,1.0,1.0,152.41,0.0,47.623,1,1,New,30.482
28.0,8.0,4.0,Others,5.0,Married,9.0,0.0,0.0,269.57500000000005,0.0,90.87250000000002,1,0,VIP,53.915000000000006
9.0,7.0,5.0,Fashion,5.0,Married,3.0,1.0,7.0,202.52,0.0,65.456,1,1,Regular,33.75333333333334
2.0,14.0,4.0,Mobile,1.0,Married,7.0,0.0,3.0,125.32,0.0,39.796,1,0,New,25.064
0.0,6.0,4.0,Mobile Phone,3.0,Single,1.0,1.0,2.0,137.3,0.0,42.790000000000006,1,1,,27.46
9.0,9.0,3.0,Mobile,4.0,Single,5.0,0.0,2.0,120.88,0.0,40.164,1,0,Regular,30.22
18.0,7.0,4.0,Laptop & Accessory,5.0,Married,7.0,1.0,4.0,179.54,0.0,60.861999999999995,1,1,Loyal,35.908
14.0,35.0,5.5,Fashion,5.0,Married,5.0,0.0,2.0,234.32,0.0,76.696,1,0,Loyal,36.04923076923077
0.0,15.0,3.0,Mobile,5.0,Single,2.0,0.0,2.0,127.28,0.0,39.384,1,0,,31.82
18.0,31.0,4.0,Laptop & Accessory,1.0,Married,1.0,0.0,8.0,159.06,0.0,54.717999999999996,1,0,Loyal,31.812
2.0,25.0,3.0,Laptop & Accessory,1.0,Married,5.0,0.0,2.0,142.62,0.0,44.586000000000006,1,0,New,35.655
1.0,23.0,5.5,Mobile Phone,5.0,Single,3.0,1.0,8.0,164.19,0.0,51.757,1,1,New,25.259999999999998
29.0,7.0,4.0,Fashion,1.0,Married,5.0,0.0,3.0,227.39,0.0,78.517,1,0,VIP,45.477999999999994
8.0,8.0,3.0,Laptop & Accessory,1.0,Married,3.0,0.0,7.0,157.62,0.0,50.886,1,0,Regular,39.405
27.0,7.0,5.0,Grocery,3.0,Married,6.0,1.0,3.0,254.65,0.0,86.49499999999999,1,1,VIP,42.44166666666667
24.0,7.0,4.0,Grocery,2.0,Married,11.0,0.0,4.0,269.57500000000005,0.0,89.67250000000001,1,0,Loyal,53.915000000000006
6.0,31.0,4.0,Laptop & Accessory,1.0,Married,3.0,0.0,8.0,178.09,0.0,56.827,1,0,New,35.618
1.0,16.0,4.0,Mobile Phone,5.0,Single,3.0,0.0,3.0,152.28,0.0,47.583999999999996,1,0,New,30.456
27.0,13.0,4.0,Laptop & Accessory,2.0,Single,4.0,0.0,3.0,149.5,0.0,54.550000000000004,1,0,VIP,29.9
1.0,33.0,4.0,Mobile Phone,1.0,Married,3.0,0.0,3.0,154.04,0.0,48.111999999999995,1,0,New,30.808
0.0,14.0,3.0,Mobile,4.0,Single,2.0,1.0,0.0,124.72,0.0,38.616,1,1,,31.18
9.0,6.0,3.0,Mobile,3.0,Married,8.0,0.0,2.0,122.32,0.0,40.596000000000004,1,0,Regular,30.58
5.0,7.0,5.5,Laptop & Accessory,3.0,Married,2.0,0.0,5.0,168.45,0.0,54.235,1,0,New,25.915384615384614
1.0,25.0,2.0,Mobile Phone,5.0,Married,2.0,0.0,1.0,154.56,0.0,47.467999999999996,1,0,New,51.52
15.0,29.0,4.0,Laptop & Accessory,1.0,Married,5.0,1.0,4.0,179.67,0.0,60.001,1,1,Loyal,35.934
1.0,7.0,5.5,Mobile Phone,3.0,Single,3.0,0.0,1.0,138.59,0.0,44.077,1,0,New,21.321538461538463
8.0,27.0,2.0,Mobile Phone,3.0,Divorced,2.0,0.0,1.0,150.85,0.0,48.45499999999999,1,0,Regular,50.28333333333333
7.0,27.0,2.0,Laptop & Accessory,2.0,Single,2.0,0.0,7.0,153.37,0.0,48.911,1,0,Regular,51.123333333333335
7.0,10.0,3.0,Fashion,1.0,Married,3.0,1.0,0.0,197.13,0.0,62.439,1,1,Regular,49.2825
14.0,7.0,4.0,Laptop & Accessory,3.0,Married,9.0,0.0,2.0,192.28,0.0,63.484,1,0,Loyal,38.456
1.0,26.0,5.0,Mobile Phone,4.0,Married,3.0,1.0,1.0,149.13,0.0,47.038999999999994,1,1,New,24.855
10.0,22.0,4.0,Laptop & Accessory,3.0,Married,5.0,0.0,0.0,163.34,0.0,53.602000000000004,1,0,Regular,32.668
15.0,8.0,1.5,Laptop & Accessory,5.0,Divorced,8.0,0.0,3.0,162.72,0.0,53.916,1,0,Loyal,65.088
11.0,32.0,4.0,Laptop & Accessory,3.0,Married,5.0,1.0,8.0,169.49,0.0,55.747,1,1,Regular,33.898
9.0,6.0,3.0,Laptop & Accessory,4.0,Married,1.0,0.0,5.0,152.28,0.0,49.584,1,0,Regular,38.07
9.0,31.0,4.0,Mobile,4.0,Single,5.0,1.0,2.0,123.13,0.0,41.239000000000004,1,1,Regular,24.625999999999998
9.0,8.0,3.0,Mobile,4.0,Married,2.0,0.0,2.0,122.26,0.0,40.578,1,0,Regular,30.565
23.0,15.0,5.0,Grocery,4.0,Divorced,8.0,0.0,4.0,256.2,0.0,85.76,1,0,Loyal,42.699999999999996
0.0,8.0,4.0,Laptop & Accessory,4.0,Single,8.0,1.0,2.0,199.07,0.0,61.321,1,1,,39.814
1.0,13.0,4.0,Mobile Phone,5.0,Married,6.0,1.0,3.0,145.73,0.0,45.61899999999999,1,1,New,29.145999999999997
7.0,14.0,3.0,Laptop & Accessory,3.0,Single,4.0,0.0,3.0,161.42,0.0,51.726,1,0,Regular,40.355
12.0,9.0,5.0,Laptop & Accessory,1.0,Married,5.0,0.0,6.0,177.49,0.0,58.847,1,0,Regular,29.581666666666667
1.0,11.0,4.0,Laptop & Accessory,3.0,Divorced,3.0,1.0,4.0,166.62,0.0,51.885999999999996,1,1,New,33.324
7.0,6.0,4.0,Fashion,5.0,Divorced,10.0,0.0,6.0,204.82,0.0,65.146,1,0,Regular,40.964
0.0,34.0,3.0,Laptop & Accessory,4.0,Divorced,2.0,0.0,4.0,162.72,0.0,50.016,1,0,,40.68
2.0,33.0,3.0,Laptop & Accessory,3.0,Divorced,5.0,0.0,1.0,143.35,0.0,44.805,1,0,New,35.8375
7.0,15.0,3.0,Laptop & Accessory,3.0,Divorced,2.0,0.0,3.0,157.14,0.0,50.442,1,0,Regular,39.285
7.0,8.0,4.0,Mobile Phone,5.0,Single,2.0,0.0,3.0,143.81,0.0,46.843,1,0,Regular,28.762
18.0,31.0,4.0,Laptop & Accessory,1.0,Married,1.0,0.0,8.0,159.06,0.0,54.717999999999996,1,0,Loyal,31.812
9.0,34.0,4.0,Laptop & Accessory,3.0,Married,4.0,0.0,8.0,193.83,0.0,62.449000000000005,1,0,Regular,38.766000000000005
20.0,7.0,3.0,Fashion,4.0,Married,1.0,0.0,3.0,219.57,0.0,73.071,1,0,Loyal,54.8925
9.0,9.0,4.0,Mobile,2.0,Single,1.0,0.0,1.0,120.45,0.0,40.435,1,0,Regular,24.09
8.0,17.0,4.0,Mobile Phone,3.0,Single,3.0,1.0,3.0,154.36,0.0,50.308,1,1,Regular,30.872000000000003
12.0,30.0,4.0,Grocery,1.0,Married,1.0,0.0,3.0,220.31,0.0,71.29299999999999,1,0,Regular,44.062
5.0,19.0,4.0,Laptop & Accessory,1.0,Married,2.0,1.0,6.0,183.55,0.0,58.165000000000006,1,1,New,36.71
14.0,9.0,4.0,Laptop & Accessory,4.0,Married,9.0,0.0,4.0,182.15,0.0,60.44500000000001,1,0,Loyal,36.43
9.0,16.0,5.0,Fashion,3.0,Married,3.0,1.0,14.5,231.85,0.0,74.255,1,1,Regular,38.641666666666666
9.0,10.0,5.0,Mobile Phone,3.0,Divorced,3.0,0.0,1.0,137.81,0.0,46.043,1,0,Regular,22.968333333333334
19.0,8.0,5.0,Grocery,4.0,Married,4.0,1.0,7.0,268.72,0.0,88.316,1,1,Loyal,44.78666666666667
28.0,8.0,5.0,Others,3.0,Divorced,5.0,0.0,11.0,269.57500000000005,0.0,91.27250000000002,1,0,VIP,44.929166666666674
4.0,8.0,4.0,Mobile Phone,4.0,Married,2.0,1.0,8.0,160.79,0.0,51.037,1,1,New,32.158
1.0,12.0,4.0,Mobile Phone,1.0,Single,3.0,0.0,3.0,156.17,0.0,48.75099999999999,1,0,New,31.233999999999998
28.0,24.0,4.0,Fashion,3.0,Divorced,10.0,0.0,9.0,232.39,0.0,79.717,1,0,VIP,46.477999999999994
10.0,16.0,3.0,Laptop & Accessory,4.0,Single,3.0,1.0,1.0,141.97,0.0,46.791000000000004,1,1,Regular,35.4925
14.0,9.0,5.0,Mobile Phone,3.0,Single,4.0,0.0,3.0,153.09,0.0,52.127,1,0,Loyal,25.515
14.0,18.0,4.0,Laptop & Accessory,3.0,Married,3.0,0.0,5.0,188.23,0.0,62.269,1,0,Loyal,37.646
7.0,16.0,4.0,Laptop & Accessory,3.0,Married,2.0,0.0,7.0,150.63,0.0,48.889,1,0,Regular,30.125999999999998
0.0,9.0,3.0,Laptop & Accessory,3.0,Single,10.0,0.0,0.0,145.77,0.0,44.931000000000004,1,0,,36.4425
15.0,18.0,3.0,Laptop & Accessory,1.0,Married,4.0,1.0,0.0,150.87,0.0,50.961000000000006,1,1,Loyal,37.7175
20.0,29.0,3.0,Fashion,2.0,Divorced,2.0,0.0,6.0,203.12,0.0,68.136,1,0,Loyal,50.78
11.0,16.0,5.0,Fashion,3.0,Married,4.0,0.0,11.0,232.06,0.0,74.91799999999999,1,0,Regular,38.67666666666667
0.0,14.0,3.0,Mobile,2.0,Single,2.0,0.0,2.0,126.1,0.0,39.03,1,0,,31.525
14.0,9.0,4.0,Others,3.0,Divorced,2.0,0.0,13.0,269.57500000000005,0.0,86.67250000000001,1,0,Loyal,53.915000000000006
19.0,20.0,2.0,Grocery,3.0,Single,8.0,1.0,9.0,261.95,0.0,85.085,1,1,Loyal,87.31666666666666
0.0,10.0,3.0,Mobile Phone,2.0,Divorced,2.0,1.0,6.0,136.91,0.0,42.273,1,1,,34.2275
0.0,14.0,1.5,Mobile,2.0,Divorced,9.0,0.0,0.0,125.34,0.0,38.202,1,0,,50.136
1.0,7.0,5.0,Laptop & Accessory,1.0,Married,8.0,0.0,3.0,172.75,0.0,54.12499999999999,1,0,New,28.791666666666668
1.0,8.0,4.0,Mobile Phone,1.0,Single,3.0,0.0,1.0,141.11,0.0,44.233000000000004,1,0,New,28.222
11.0,29.0,4.0,Fashion,3.0,Single,1.0,0.0,8.0,195.26,0.0,63.477999999999994,1,0,Regular,39.052
8.0,8.0,4.0,Mobile Phone,4.0,Married,3.0,1.0,4.0,148.42,0.0,48.525999999999996,1,1,Regular,29.683999999999997
1.0,22.0,4.0,Laptop & Accessory,3.0,Married,9.0,0.0,1.0,173.34,0.0,53.902,1,0,New,34.668
25.0,34.0,1.5,Grocery,3.0,Divorced,3.0,1.0,2.0,232.47000000000003,0.0,77.841,1,1,VIP,92.98800000000001
1.0,17.0,5.0,Laptop & Accessory,2.0,Divorced,3.0,1.0,5.0,182.69,0.0,57.10699999999999,1,1,New,30.448333333333334
8.0,31.0,3.0,Fashion,3.0,Married,2.0,1.0,1.0,203.88,0.0,64.764,1,1,Regular,50.97
20.0,7.0,4.0,Others,1.0,Married,11.0,0.0,3.0,269.57500000000005,0.0,88.47250000000001,1,0,Loyal,53.915000000000006
6.0,19.0,4.0,Grocery,5.0,Single,2.0,1.0,14.5,262.58,0.0,82.17399999999998,1,1,New,52.516
1.0,33.0,4.0,Laptop & Accessory,1.0,Single,3.0,0.0,5.0,186.8,0.0,57.94,1,0,New,37.36
1.0,9.0,4.0,Mobile Phone,3.0,Single,3.0,0.0,3.0,152.83,0.0,47.749,1,0,New,30.566000000000003
7.0,6.0,4.0,Mobile,4.0,Divorced,6.0,0.0,2.0,132.94,0.0,43.582,1,0,Regular,26.588
1.0,10.0,4.0,Mobile Phone,5.0,Single,7.0,1.0,5.0,151.57,0.0,47.370999999999995,1,1,New,30.314
3.0,18.0,3.0,Laptop & Accessory,3.0,Single,1.0,0.0,4.0,165.77,0.0,51.831,1,0,New,41.4425
9.0,34.0,5.0,Mobile Phone,5.0,Single,3.0,0.0,2.0,150.59,0.0,49.877,1,0,Regular,25.098333333333333
3.0,30.0,1.5,Grocery,4.0,Single,5.0,1.0,0.0,231.94,0.0,71.082,1,1,New,92.776
16.0,13.0,4.0,Fashion,5.0,Married,11.0,0.0,8.0,258.48,0.0,83.94399999999999,1,0,Loyal,51.696000000000005
1.0,11.0,4.0,Mobile Phone,4.0,Single,3.0,0.0,3.0,157.95,0.0,49.285,1,0,New,31.589999999999996
3.0,7.0,3.0,Mobile Phone,4.0,Married,2.0,0.0,7.0,137.48,0.0,43.343999999999994,1,0,New,34.37
10.0,22.0,5.5,Laptop & Accessory,1.0,Married,3.0,0.0,12.0,179.06,0.0,58.918,1,0,Regular,27.54769230769231
14.0,9.0,4.0,Others,3.0,Married,2.0,0.0,10.0,269.57500000000005,0.0,86.67250000000001,1,0,Loyal,53.915000000000006
22.0,14.0,4.0,Grocery,4.0,Divorced,7.0,0.0,3.0,231.2,0.0,77.55999999999999,1,0,Loyal,46.239999999999995
13.0,18.0,3.0,Laptop & Accessory,5.0,Married,3.0,0.0,7.0,144.48,0.0,48.443999999999996,1,0,Loyal,36.12
8.0,15.0,4.0,Laptop & Accessory,5.0,Married,5.0,0.0,1.0,176.21,0.0,56.863,1,0,Regular,35.242000000000004
11.0,16.0,5.0,Laptop & Accessory,4.0,Married,3.0,0.0,4.0,166.89,0.0,55.36699999999999,1,0,Regular,27.814999999999998
9.0,14.0,3.0,Mobile,3.0,Single,2.0,0.0,0.0,119.04,0.0,39.61200000000001,1,0,Regular,29.76
16.0,12.0,4.0,Fashion,4.0,Single,11.0,1.0,3.0,209.46,0.0,69.238,1,1,Loyal,41.892
8.0,8.0,4.0,Mobile Phone,1.0,Single,1.0,1.0,4.0,149.3,0.0,48.79,1,1,Regular,29.860000000000003
8.0,6.0,4.0,Laptop & Accessory,2.0,Divorced,1.0,0.0,0.0,153.63,0.0,50.089,1,0,Regular,30.726
30.0,35.0,4.0,Grocery,1.0,Married,4.0,0.0,0.0,241.18,0.0,82.954,1,0,VIP,48.236000000000004
1.0,10.0,4.0,Mobile Phone,1.0,Married,3.0,0.0,1.0,145.61,0.0,45.583,1,0,New,29.122000000000003
15.0,16.0,4.0,Others,3.0,Married,4.0,0.0,12.0,269.57500000000005,0.0,86.97250000000001,1,0,Loyal,53.915000000000006
8.0,22.0,4.0,Grocery,5.0,Married,9.0,0.0,10.0,269.57500000000005,0.0,84.87250000000002,1,0,Regular,53.915000000000006
3.0,14.0,1.5,Fashion,5.0,Divorced,1.0,1.0,3.0,214.16000000000005,0.0,65.74800000000002,1,1,New,85.66400000000002
24.0,8.0,5.0,Laptop & Accessory,4.0,Married,6.0,0.0,2.0,154.82,0.0,55.646,1,0,Loyal,25.80333333333333
8.0,12.0,3.0,Mobile,3.0,Married,1.0,1.0,2.0,135.06,0.0,44.118,1,1,Regular,33.765
9.0,9.0,3.0,Mobile,1.0,Married,2.0,0.0,0.0,120.61,0.0,40.083000000000006,1,0,Regular,30.1525
9.0,9.0,4.0,Mobile,2.0,Divorced,4.0,0.0,0.0,121.77,0.0,40.831,1,0,Regular,24.354
7.0,28.0,4.0,Laptop & Accessory,1.0,Married,2.0,1.0,11.0,157.47,0.0,50.941,1,1,Regular,31.494
13.0,8.0,3.0,Laptop & Accessory,4.0,Divorced,6.0,0.0,0.0,143.27,0.0,48.081,1,0,Loyal,35.8175
14.0,8.0,4.0,Laptop & Accessory,3.0,Single,3.0,1.0,7.0,168.11,0.0,56.233000000000004,1,1,Loyal,33.622
19.0,13.0,5.0,Fashion,2.0,Single,8.0,0.0,3.0,213.65,0.0,71.795,1,0,Loyal,35.608333333333334
1.0,16.0,4.0,Mobile Phone,4.0,Single,3.0,0.0,4.0,147.79,0.0,46.236999999999995,1,0,New,29.558
4.0,9.0,5.0,Laptop & Accessory,2.0,Single,7.0,1.0,1.0,193.77,0.0,61.331,1,1,New,32.295
10.0,19.0,5.0,Fashion,2.0,Single,2.0,0.0,3.0,213.58,0.0,69.074,1,0,Regular,35.59666666666667
1.0,7.0,4.0,Fashion,5.0,Married,3.0,0.0,8.0,199.12,0.0,61.635999999999996,1,0,New,39.824
9.0,23.0,4.0,Fashion,4.0,Divorced,2.0,0.0,10.0,205.2,0.0,65.86,1,0,Regular,41.04
12.0,7.0,4.0,Fashion,3.0,Single,6.0,1.0,1.0,203.61,0.0,66.283,1,1,Regular,40.722
20.0,9.0,5.5,Grocery,4.0,Married,5.0,1.0,8.0,269.57500000000005,0.0,89.07250000000002,1,1,Loyal,41.47307692307693
1.0,23.0,5.5,Mobile Phone,5.0,Married,3.0,1.0,1.0,148.07,0.0,46.921,1,1,New,22.779999999999998
1.0,23.0,4.0,Fashion,5.0,Single,4.0,1.0,3.0,210.64,0.0,65.09199999999998,1,1,New,42.128
1.0,15.0,4.0,Laptop & Accessory,1.0,Married,2.0,0.0,2.0,168.42,0.0,52.425999999999995,1,0,New,33.684
24.0,12.0,3.0,Others,3.0,Single,8.0,0.0,14.5,269.57500000000005,0.0,89.27250000000002,1,0,Loyal,67.39375000000001
17.0,6.0,4.0,Laptop & Accessory,3.0,Single,5.0,0.0,2.0,159.85,0.0,54.655,1,0,Loyal,31.97
20.0,17.0,5.0,Fashion,2.0,Divorced,4.0,1.0,3.0,215.71,0.0,72.713,1,1,Loyal,35.95166666666667
2.0,33.0,5.0,Laptop & Accessory,5.0,Divorced,3.0,0.0,5.0,172.24,0.0,54.272000000000006,1,0,New,28.706666666666667
9.0,12.0,1.5,Mobile Phone,5.0,Divorced,2.0,1.0,0.0,116.01,0.0,38.103,1,1,Regular,46.404
12.0,14.0,2.0,Mobile Phone,3.0,Married,3.0,0.0,4.0,151.1,0.0,49.73,1,0,Regular,50.36666666666667
9.0,6.0,3.0,Mobile,3.0,Single,1.0,0.0,5.0,120.58,0.0,40.074000000000005,1,0,Regular,30.145
0.0,6.0,4.0,Laptop & Accessory,1.0,Married,7.0,0.0,2.0,147.75,0.0,45.925,1,0,,29.55
6.0,11.0,5.0,Laptop & Accessory,3.0,Divorced,3.0,0.0,9.0,186.62,0.0,59.785999999999994,1,0,New,31.103333333333335
1.0,7.0,4.0,Laptop & Accessory,3.0,Married,3.0,0.0,8.0,177.96,0.0,55.288,1,0,New,35.592
6.0,8.0,3.0,Mobile Phone,3.0,Divorced,2.0,0.0,4.0,136.0,0.0,43.8,1,0,New,34.0
19.0,6.0,4.0,Fashion,5.0,Married,3.0,1.0,5.0,206.73,0.0,69.31899999999999,1,1,Loyal,41.346
5.0,19.0,3.0,Laptop & Accessory,2.0,Married,3.0,0.0,3.0,144.03,0.0,45.909,1,0,New,36.0075
4.0,16.0,3.0,Fashion,3.0,Married,5.0,0.0,3.0,210.31,0.0,65.493,1,0,New,52.5775
1.0,23.0,4.0,Fashion,5.0,Single,4.0,1.0,3.0,210.64,0.0,65.09199999999998,1,1,New,42.128
5.0,15.0,3.0,Laptop & Accessory,2.0,Divorced,2.0,1.0,5.0,163.22,0.0,51.666000000000004,1,1,New,40.805
1.0,31.0,5.5,Mobile Phone,1.0,Single,3.0,1.0,1.0,136.18,0.0,43.354,1,1,New,20.950769230769232
0.0,21.0,4.0,Mobile Phone,5.0,Married,1.0,0.0,3.0,147.74,0.0,45.922000000000004,1,0,,29.548000000000002
20.0,9.0,4.0,Laptop & Accessory,1.0,Married,4.0,0.0,5.0,198.79,0.0,67.237,1,0,Loyal,39.757999999999996
11.0,6.0,2.0,Laptop & Accessory,2.0,Single,1.0,0.0,8.0,176.25,0.0,56.974999999999994,1,0,Regular,58.75
16.0,9.0,5.0,Mobile Phone,4.0,Married,6.0,0.0,1.0,173.41,0.0,58.82299999999999,1,0,Loyal,28.901666666666667
2.0,9.0,3.0,Mobile Phone,5.0,Single,2.0,1.0,5.0,147.23,0.0,45.969,1,1,New,36.8075
18.0,12.0,4.0,Fashion,2.0,Single,7.0,0.0,8.0,188.65,0.0,63.595,1,0,Loyal,37.730000000000004
3.0,17.0,4.0,Mobile Phone,4.0,Married,2.0,0.0,2.0,157.91,0.0,49.873,1,0,New,31.582
1.0,10.0,4.0,Mobile Phone,5.0,Single,3.0,1.0,8.0,158.48,0.0,49.443999999999996,1,1,New,31.695999999999998
0.0,27.0,1.5,Mobile,1.0,Single,2.0,0.0,2.0,126.78,0.0,38.634,1,0,,50.712
8.0,32.0,3.0,Laptop & Accessory,5.0,Married,3.0,0.0,0.0,142.86,0.0,46.458000000000006,1,0,Regular,35.715
9.0,6.0,3.0,Mobile,4.0,Single,2.0,1.0,2.0,123.02,0.0,40.806000000000004,1,1,Regular,30.755
11.0,17.0,4.0,Mobile Phone,5.0,Married,8.0,0.0,4.0,159.52,0.0,52.756,1,0,Regular,31.904000000000003
18.0,10.0,4.0,Others,2.0,Divorced,6.0,1.0,2.0,269.57500000000005,0.0,87.87250000000002,1,1,Loyal,53.915000000000006
19.0,13.0,5.0,Fashion,1.0,Single,8.0,0.0,3.0,213.65,0.0,71.795,1,0,Loyal,35.608333333333334
25.0,12.0,3.0,Laptop & Accessory,5.0,Married,4.0,1.0,9.0,155.77,0.0,55.431000000000004,1,1,VIP,38.9425
0.0,15.0,3.0,Mobile Phone,1.0,Single,2.0,0.0,0.0,110.81,0.0,34.443000000000005,1,0,,27.7025
29.0,7.0,3.0,Laptop & Accessory,3.0,Married,2.0,0.0,9.0,163.06,0.0,58.818,1,0,VIP,40.765
11.0,10.0,3.0,Mobile,3.0,Married,8.0,0.0,0.0,133.06,0.0,44.418,1,0,Regular,33.265
1.0,14.0,5.0,Fashion,2.0,Married,11.0,0.0,2.0,240.57,0.0,74.47099999999999,1,0,New,40.095
12.0,15.0,3.0,Laptop & Accessory,4.0,Single,12.0,0.0,3.0,167.82,0.0,55.146,1,0,Regular,41.955
4.0,6.0,3.0,Laptop & Accessory,2.0,Single,9.0,1.0,5.0,159.93,0.0,50.379000000000005,1,1,New,39.9825
25.0,8.0,4.0,Others,3.0,Single,2.0,1.0,12.0,269.57500000000005,0.0,89.97250000000001,1,1,VIP,53.915000000000006
0.0,14.0,3.0,Mobile,1.0,Single,2.0,0.0,2.0,126.1,0.0,39.03,1,0,,31.525
8.0,27.0,3.0,Laptop & Accessory,1.0,Married,2.0,1.0,7.0,140.14,0.0,45.641999999999996,1,1,Regular,35.035
6.0,10.0,4.0,Fashion,2.0,Single,5.0,0.0,8.0,236.59,0.0,74.377,1,0,New,47.318
22.0,9.0,2.0,Mobile Phone,4.0,Single,7.0,0.0,1.0,150.59,0.0,52.577,1,0,Loyal,50.196666666666665
17.0,14.0,3.0,Mobile,5.0,Married,2.0,1.0,1.0,125.59,0.0,43.977000000000004,1,1,Loyal,31.3975
11.0,14.0,4.0,Mobile,4.0,Married,5.0,0.0,5.0,124.68,0.0,42.304,1,0,Regular,24.936
4.0,23.0,4.0,Mobile Phone,1.0,Married,3.0,0.0,9.0,153.62,0.0,48.886,1,0,New,30.724
8.0,7.0,5.0,Mobile Phone,4.0,Divorced,7.0,0.0,3.0,157.94,0.0,51.782,1,0,Regular,26.323333333333334
13.0,8.0,3.0,Laptop & Accessory,1.0,Single,2.0,0.0,8.0,146.61,0.0,49.083000000000006,1,0,Loyal,36.6525
11.0,17.0,4.0,Mobile Phone,4.0,Married,3.0,0.0,8.0,164.36,0.0,54.208,1,0,Regular,32.872
4.0,14.0,3.0,Fashion,1.0,Married,2.0,0.0,9.0,207.93,0.0,64.779,1,0,New,51.9825
13.0,9.0,2.0,Fashion,3.0,Single,2.0,0.0,8.0,203.8,0.0,65.84,1,0,Loyal,67.93333333333334
19.0,10.0,4.0,Others,4.0,Married,3.0,0.0,8.0,269.57500000000005,0.0,88.17250000000001,1,0,Loyal,53.915000000000006
10.0,20.0,3.0,Mobile,5.0,Married,2.0,0.0,14.5,130.34,0.0,43.302,1,0,Regular,32.585
12.0,16.0,3.0,Fashion,3.0,Single,8.0,0.0,2.0,234.64,0.0,75.192,1,0,Regular,58.66
5.0,27.0,4.0,Mobile Phone,4.0,Single,3.0,1.0,3.0,156.4,0.0,50.02,1,1,New,31.28
16.0,31.0,4.0,Fashion,1.0,Married,6.0,0.0,0.0,207.98,0.0,68.794,1,0,Loyal,41.596
6.0,9.0,4.0,Laptop & Accessory,4.0,Married,2.0,0.0,7.0,179.7,0.0,57.309999999999995,1,0,New,35.94
9.0,16.0,4.0,Laptop & Accessory,3.0,Married,2.0,1.0,7.0,156.73,0.0,51.319,1,1,Regular,31.345999999999997
12.0,13.0,4.0,Others,1.0,Married,2.0,0.0,3.0,269.57500000000005,0.0,86.0725,1,0,Regular,53.915000000000006
4.0,36.0,4.0,Laptop & Accessory,5.0,Married,10.0,0.0,4.0,166.15,0.0,52.645,1,0,New,33.230000000000004
11.0,14.0,4.0,Laptop & Accessory,5.0,Married,7.0,1.0,5.0,167.84,0.0,55.251999999999995,1,1,Regular,33.568
8.0,15.0,4.0,Laptop & Accessory,5.0,Divorced,7.0,0.0,3.0,190.0,0.0,61.0,1,0,Regular,38.0
5.0,14.0,1.5,Laptop & Accessory,3.0,Married,6.0,0.0,3.0,151.75,0.0,47.625,1,0,New,60.7
1.0,17.0,5.0,Mobile Phone,3.0,Single,3.0,0.0,1.0,137.0,0.0,43.4,1,0,New,22.833333333333332
14.0,16.0,5.0,Laptop & Accessory,4.0,Single,2.0,0.0,9.0,161.51,0.0,54.653,1,0,Loyal,26.918333333333333
19.0,8.0,3.0,Grocery,5.0,Divorced,9.0,0.0,9.0,269.57500000000005,0.0,87.77250000000002,1,0,Loyal,67.39375000000001
11.0,17.0,2.0,Fashion,1.0,Married,3.0,1.0,9.0,262.44,0.0,82.832,1,1,Regular,87.48
25.0,33.0,4.0,Grocery,3.0,Married,4.0,0.0,14.5,269.57500000000005,0.0,89.97250000000001,1,0,VIP,53.915000000000006
14.0,18.0,4.0,Laptop & Accessory,3.0,Married,3.0,0.0,5.0,188.23,0.0,62.269,1,0,Loyal,37.646
24.0,11.0,3.0,Grocery,4.0,Married,2.0,1.0,10.0,240.26,0.0,80.478,1,1,Loyal,60.065
13.0,8.0,3.0,Others,3.0,Divorced,1.0,0.0,12.0,269.57500000000005,0.0,85.97250000000003,1,0,Loyal,67.39375000000001
2.0,16.0,3.0,Mobile,4.0,Married,1.0,0.0,1.0,132.91,0.0,41.673,1,0,New,33.2275
2.0,33.0,5.0,Laptop & Accessory,5.0,Married,3.0,0.0,5.0,172.24,0.0,54.272000000000006,1,0,New,28.706666666666667
31.0,9.0,5.0,Grocery,1.0,Single,5.0,1.0,4.0,262.26,0.0,89.978,1,1,VIP,43.71
8.0,7.0,4.0,Mobile Phone,4.0,Married,3.0,1.0,4.0,148.42,0.0,48.525999999999996,1,1,Regular,29.683999999999997
19.0,33.0,5.0,Laptop & Accessory,5.0,Married,3.0,0.0,6.0,168.85,0.0,58.355,1,0,Loyal,28.141666666666666
13.0,22.0,4.0,Grocery,5.0,Single,2.0,0.0,11.0,258.41,0.0,83.02300000000001,1,0,Loyal,51.682
0.0,8.0,1.5,Mobile,5.0,Single,8.0,0.0,1.0,134.24,0.0,40.872,1,0,,53.696000000000005
1.0,8.0,4.0,Mobile Phone,1.0,Married,2.0,1.0,2.0,138.67,0.0,43.50099999999999,1,1,New,27.733999999999998
24.0,7.0,4.0,Laptop & Accessory,3.0,Divorced,2.0,0.0,14.0,188.47,0.0,65.341,1,0,Loyal,37.694
23.0,34.0,1.5,Mobile,3.0,Married,2.0,1.0,8.0,132.21,0.0,47.163000000000004,1,1,Loyal,52.884
17.0,11.0,4.0,Mobile,3.0,Single,4.0,0.0,3.0,131.62,0.0,46.186,1,0,Loyal,26.324
0.0,8.0,4.0,Laptop & Accessory,4.0,Single,8.0,1.0,2.0,199.07,0.0,61.321,1,1,,39.814
24.0,15.0,4.0,Mobile Phone,4.0,Married,9.0,0.0,3.0,163.75,0.0,57.925,1,0,Loyal,32.75
12.0,7.0,2.0,Mobile Phone,3.0,Divorced,3.0,0.0,1.0,153.44,0.0,50.431999999999995,1,0,Regular,51.14666666666667
8.0,14.0,3.0,Laptop & Accessory,3.0,Married,2.0,0.0,9.0,141.48,0.0,46.044,1,0,Regular,35.37
10.0,28.0,4.0,Laptop & Accessory,4.0,Married,6.0,0.0,3.0,214.26,0.0,68.87799999999999,1,0,Regular,42.852
1.0,17.0,4.0,Laptop & Accessory,1.0,Single,3.0,0.0,3.0,171.84,0.0,53.452,1,0,New,34.368
7.0,8.0,4.0,Laptop & Accessory,3.0,Divorced,2.0,0.0,9.0,195.47,0.0,62.341,1,0,Regular,39.094
17.0,11.0,5.0,Fashion,1.0,Single,5.0,0.0,3.0,227.31,0.0,75.29299999999999,1,0,Loyal,37.885
6.0,6.0,1.5,Laptop & Accessory,5.0,Married,3.0,0.0,3.0,153.76,0.0,48.52799999999999,1,0,New,61.504
4.0,16.0,4.0,Laptop & Accessory,5.0,Married,3.0,0.0,11.0,155.72,0.0,49.516000000000005,1,0,New,31.144
16.0,31.0,4.0,Fashion,2.0,Married,6.0,0.0,0.0,234.0,0.0,76.6,1,0,Loyal,46.8
5.0,19.0,3.0,Laptop & Accessory,1.0,Married,3.0,0.0,3.0,144.03,0.0,45.909,1,0,New,36.0075
25.0,8.0,4.0,Others,3.0,Single,2.0,1.0,12.0,269.57500000000005,0.0,89.97250000000001,1,1,VIP,53.915000000000006
19.0,15.0,4.0,Laptop & Accessory,2.0,Divorced,11.0,0.0,9.0,161.97,0.0,55.891000000000005,1,0,Loyal,32.394
1.0,8.0,4.0,Mobile Phone,2.0,Divorced,2.0,1.0,2.0,138.67,0.0,43.50099999999999,1,1,New,27.733999999999998
3.0,14.0,3.0,Fashion,3.0,Married,6.0,0.0,7.0,172.64,0.0,53.891999999999996,1,0,New,43.16
12.0,8.0,3.0,Fashion,3.0,Single,1.0,0.0,3.0,209.38,0.0,67.61399999999999,1,0,Regular,52.345
6.0,12.0,4.0,Laptop & Accessory,4.0,Divorced,3.0,0.0,4.0,190.24,0.0,60.472,1,0,New,38.048
22.0,23.0,4.0,Laptop & Accessory,3.0,Married,10.0,0.0,8.0,189.39,0.0,65.017,1,0,Loyal,37.878
1.0,9.0,4.0,Mobile Phone,1.0,Single,4.0,0.0,3.0,150.8,0.0,47.14,1,0,New,30.160000000000004
6.0,29.0,3.0,Fashion,1.0,Single,2.0,1.0,12.0,234.58,0.0,73.374,1,1,New,58.645
29.0,29.0,3.0,Grocery,4.0,Divorced,5.0,1.0,9.0,234.02,0.0,80.10600000000001,1,1,VIP,58.505
12.0,9.0,5.0,Mobile Phone,4.0,Single,3.0,0.0,4.0,149.4,0.0,50.42,1,0,Regular,24.900000000000002
24.0,17.0,5.0,Fashion,2.0,Single,8.0,0.0,3.0,229.96,0.0,78.188,1,0,Loyal,38.32666666666667
15.0,16.0,3.0,Mobile,3.0,Married,4.0,0.0,3.0,129.36,0.0,44.508,1,0,Loyal,32.34
1.0,9.0,4.0,Mobile Phone,3.0,Married,8.0,1.0,3.0,164.77,0.0,51.331,1,1,New,32.954
7.0,12.0,5.0,Fashion,1.0,Married,6.0,0.0,3.0,196.19,0.0,62.957,1,0,Regular,32.69833333333333
10.0,31.0,4.0,Laptop & Accessory,4.0,Divorced,9.0,0.0,9.0,181.74,0.0,59.122,1,0,Regular,36.348
0.0,21.0,4.0,Mobile Phone,5.0,Married,1.0,0.0,3.0,147.74,0.0,45.922000000000004,1,0,,29.548000000000002
27.0,31.0,2.0,Fashion,1.0,Married,5.0,0.0,3.0,195.05,0.0,67.41499999999999,1,0,VIP,65.01666666666667
12.0,30.0,4.0,Laptop & Accessory,2.0,Married,11.0,0.0,3.0,182.45,0.0,59.934999999999995,1,0,Regular,36.489999999999995
0.0,8.0,3.0,Mobile,3.0,Single,2.0,0.0,2.0,127.83,0.0,39.549,1,0,,31.9575
3.0,17.0,5.0,Laptop & Accessory,4.0,Married,3.0,1.0,8.0,207.68,0.0,65.20400000000001,1,1,New,34.61333333333334
1.0,16.0,4.0,Mobile Phone,5.0,Married,3.0,0.0,1.0,142.9,0.0,44.769999999999996,1,0,New,28.580000000000002
0.0,15.0,3.0,Mobile,5.0,Single,3.0,1.0,0.0,131.72,0.0,40.716,1,1,,32.93
1.0,9.0,4.0,Mobile Phone,1.0,Single,4.0,0.0,3.0,150.8,0.0,47.14,1,0,New,30.160000000000004
0.0,6.0,3.0,Laptop & Accessory,4.0,Married,2.0,0.0,4.0,163.97,0.0,50.391,1,0,,40.9925
17.0,26.0,3.0,Mobile,4.0,Single,2.0,0.0,3.0,134.2,0.0,46.56,1,0,Loyal,33.55
27.0,7.0,3.0,Grocery,1.0,Single,7.0,0.0,7.0,269.57500000000005,0.0,90.17250000000001,1,0,VIP,67.39375000000001
3.0,30.0,4.0,Mobile Phone,5.0,Single,2.0,0.0,4.0,164.04,0.0,51.711999999999996,1,0,New,32.808
9.0,8.0,3.0,Laptop & Accessory,4.0,Married,5.0,1.0,0.0,169.62,0.0,54.78600000000001,1,1,Regular,42.405
13.0,10.0,5.0,Laptop & Accessory,3.0,Married,2.0,0.0,8.0,155.69,0.0,52.607,1,0,Loyal,25.948333333333334
0.0,9.0,3.0,Mobile Phone,5.0,Divorced,6.0,0.0,2.0,140.31,0.0,43.293,1,0,,35.0775
8.0,10.0,5.5,Laptop & Accessory,1.0,Single,7.0,0.0,3.0,185.29,0.0,60.187,1,0,Regular,28.506153846153843
8.0,17.0,5.0,Laptop & Accessory,3.0,Married,3.0,0.0,8.0,175.63,0.0,57.089,1,0,Regular,29.271666666666665
9.0,23.0,4.0,Fashion,3.0,Divorced,6.0,1.0,1.0,201.32,0.0,64.696,1,1,Regular,40.263999999999996
1.0,15.0,5.5,Mobile Phone,5.0,Married,3.0,1.0,8.0,146.19,0.0,46.357,1,1,New,22.49076923076923
0.0,31.0,3.0,Mobile,3.0,Married,2.0,0.0,7.0,129.42,0.0,40.025999999999996,1,0,,32.355
10.0,7.0,4.0,Laptop & Accessory,3.0,Single,8.0,0.0,1.0,193.15,0.0,62.545,1,0,Regular,38.63
1.0,14.0,4.0,Mobile Phone,2.0,Married,2.0,0.0,4.0,149.36,0.0,46.708,1,0,New,29.872000000000003
9.0,11.0,1.5,Mobile,3.0,Divorced,3.0,1.0,3.0,121.27,0.0,39.681000000000004,1,1,Regular,48.507999999999996
0.0,6.0,4.0,Fashion,3.0,Married,6.0,0.0,14.5,206.09,0.0,63.427,1,0,,41.218
2.0,9.0,3.0,Laptop & Accessory,3.0,Married,5.0,1.0,0.0,152.38,0.0,47.514,1,1,New,38.095
1.0,20.0,4.0,Mobile Phone,4.0,Divorced,3.0,0.0,1.0,145.33,0.0,45.499,1,0,New,29.066000000000003
4.0,14.0,4.0,Mobile,3.0,Divorced,4.0,0.0,2.0,123.29,0.0,39.787000000000006,1,0,New,24.658
0.0,14.0,1.5,Laptop & Accessory,4.0,Married,1.0,0.0,2.0,148.51,0.0,45.153,1,0,,59.403999999999996
0.0,35.0,3.0,Laptop & Accessory,3.0,Married,6.0,0.0,0.0,143.06,0.0,44.118,1,0,,35.765
1.0,20.0,4.0,Laptop & Accessory,3.0,Single,5.0,1.0,3.0,223.54,0.0,68.96199999999999,1,1,New,44.708
7.0,11.0,5.0,Mobile Phone,4.0,Married,10.0,0.0,3.0,163.38,0.0,53.114,1,0,Regular,27.23
1.0,13.0,3.0,Laptop & Accessory,5.0,Single,1.0,0.0,3.0,148.98,0.0,46.193999999999996,1,0,New,37.245
1.0,7.0,4.0,Mobile Phone,4.0,Single,3.0,1.0,3.0,148.02,0.0,46.306,1,1,New,29.604000000000003
18.0,30.0,4.0,Laptop & Accessory,4.0,Married,6.0,0.0,3.0,145.42,0.0,50.626,1,0,Loyal,29.083999999999996
0.0,32.0,3.0,Mobile,1.0,Married,2.0,0.0,2.0,129.04,0.0,39.912,1,0,,32.26
9.0,8.0,3.0,Mobile,5.0,Married,7.0,1.0,2.0,120.42,0.0,40.026,1,1,Regular,30.105
12.0,16.0,4.0,Mobile Phone,1.0,Married,4.0,0.0,4.0,172.71,0.0,57.013000000000005,1,0,Regular,34.542
1.0,22.0,4.0,Fashion,3.0,Divorced,9.0,1.0,8.0,261.1,0.0,80.22999999999999,1,1,New,52.220000000000006
10.0,15.0,4.0,Laptop & Accessory,2.0,Married,6.0,0.0,8.0,175.79,0.0,57.336999999999996,1,0,Regular,35.158
7.0,6.0,1.5,Mobile,2.0,Single,3.0,0.0,3.0,132.8,0.0,42.540000000000006,1,0,Regular,53.120000000000005
25.0,15.0,5.0,Fashion,4.0,Divorced,7.0,0.0,8.0,249.9,0.0,84.47,1,0,VIP,41.65
6.0,10.0,4.0,Mobile Phone,4.0,Divorced,9.0,0.0,2.0,138.38,0.0,44.913999999999994,1,0,New,27.676
9.0,18.0,3.0,Laptop & Accessory,3.0,Married,10.0,1.0,1.0,146.63,0.0,47.889,1,1,Regular,36.6575
28.0,20.0,1.5,Others,4.0,Single,9.0,0.0,14.5,269.57500000000005,0.0,89.87250000000002,1,0,VIP,107.83000000000001
26.0,6.0,3.0,Laptop & Accessory,5.0,Single,8.0,0.0,10.0,183.81,0.0,64.143,1,0,VIP,45.9525
21.0,16.0,4.0,Mobile Phone,3.0,Single,6.0,0.0,1.0,146.05,0.0,51.715,1,0,Loyal,29.21
8.0,12.0,5.0,Laptop & Accessory,1.0,Married,3.0,0.0,14.0,164.86,0.0,53.858000000000004,1,0,Regular,27.47666666666667
0.0,6.0,3.0,Mobile,2.0,Single,2.0,1.0,8.0,126.86,0.0,39.258,1,1,,31.715
19.0,18.0,4.0,Grocery,2.0,Divorced,5.0,0.0,2.0,269.57500000000005,0.0,88.17250000000001,1,0,Loyal,53.915000000000006
12.0,17.0,4.0,Mobile Phone,3.0,Married,2.0,0.0,3.0,151.84,0.0,50.752,1,0,Regular,30.368000000000002
2.0,10.0,4.0,Fashion,4.0,Married,2.0,0.0,8.0,201.55,0.0,62.665000000000006,1,0,New,40.31
9.0,11.0,4.0,Mobile,5.0,Married,7.0,0.0,0.0,121.07,0.0,40.621,1,0,Regular,24.214
1.0,9.0,5.0,Mobile Phone,2.0,Single,3.0,0.0,1.0,136.02,0.0,43.106,1,0,New,22.67
14.0,23.0,5.0,Laptop & Accessory,3.0,Single,8.0,0.0,1.0,175.94,0.0,58.982,1,0,Loyal,29.323333333333334
10.0,17.0,4.0,Fashion,3.0,Married,5.0,0.0,8.0,195.94,0.0,63.382,1,0,Regular,39.188
0.0,14.0,4.0,Mobile,5.0,Single,7.0,1.0,0.0,124.04,0.0,38.812000000000005,1,1,,24.808
25.0,9.0,5.5,Laptop & Accessory,4.0,Married,7.0,0.0,3.0,179.82,0.0,63.646,1,0,VIP,27.664615384615384
1.0,18.0,4.0,Laptop & Accessory,5.0,Married,3.0,1.0,4.0,172.41,0.0,53.623,1,1,New,34.482
9.0,9.0,3.0,Mobile Phone,1.0,Single,2.0,1.0,0.0,115.69,0.0,38.607000000000006,1,1,Regular,28.9225
19.0,8.0,4.0,Fashion,4.0,Married,3.0,0.0,8.0,199.41,0.0,67.12299999999999,1,0,Loyal,39.882
1.0,7.0,5.0,Mobile Phone,5.0,Divorced,3.0,1.0,1.0,148.19,0.0,46.757,1,1,New,24.698333333333334
12.0,14.0,5.0,Laptop & Accessory,2.0,Single,2.0,0.0,6.0,165.28,0.0,55.184,1,0,Regular,27.546666666666667
9.0,25.0,4.0,Laptop & Accessory,5.0,Married,2.0,0.0,5.0,180.61,0.0,58.483000000000004,1,0,Regular,36.122
8.0,24.0,3.0,Laptop & Accessory,3.0,Divorced,2.0,0.0,0.0,146.01,0.0,47.403,1,0,Regular,36.5025
1.0,9.0,2.0,Laptop & Accessory,3.0,Single,2.0,0.0,8.0,190.0,0.0,58.099999999999994,1,0,New,63.333333333333336
29.0,15.0,3.0,Mobile,3.0,Divorced,3.0,0.0,3.0,129.42,0.0,48.726,1,0,VIP,32.355
9.0,28.0,3.0,Mobile,3.0,Divorced,5.0,1.0,1.0,121.32,0.0,40.296,1,1,Regular,30.33
4.0,31.0,2.0,Grocery,4.0,Single,6.0,1.0,1.0,256.94,0.0,79.082,1,1,New,85.64666666666666
0.0,14.0,3.0,Laptop & Accessory,3.0,Married,1.0,1.0,4.0,149.07,0.0,45.921,1,1,,37.2675
26.0,10.0,5.0,Fashion,3.0,Married,4.0,1.0,5.0,204.69,0.0,71.207,1,1,VIP,34.115
17.0,13.0,5.0,Others,3.0,Married,9.0,0.0,14.5,269.57500000000005,0.0,87.97250000000001,1,0,Loyal,44.929166666666674
22.0,11.0,5.0,Fashion,3.0,Single,9.0,0.0,9.0,234.99,0.0,79.097,1,0,Loyal,39.165
25.0,9.0,4.0,Fashion,3.0,Divorced,3.0,1.0,4.0,179.69,0.0,63.007,1,1,VIP,35.938
2.0,26.0,5.0,Mobile Phone,5.0,Married,3.0,0.0,4.0,156.96,0.0,49.688,1,0,New,26.16
7.0,16.0,3.0,Mobile,3.0,Single,2.0,1.0,2.0,129.36,0.0,42.108000000000004,1,1,Regular,32.34
11.0,12.0,4.0,Laptop & Accessory,3.0,Married,3.0,0.0,7.0,153.21,0.0,50.863,1,0,Regular,30.642000000000003
5.0,12.0,4.0,Mobile Phone,2.0,Divorced,2.0,1.0,4.0,173.21,0.0,55.063,1,1,New,34.642
0.0,32.0,3.0,Laptop & Accessory,1.0,Single,2.0,0.0,4.0,161.8,0.0,49.74,1,0,,40.45
20.0,10.0,4.0,Grocery,4.0,Married,10.0,0.0,2.0,269.57500000000005,0.0,88.47250000000001,1,0,Loyal,53.915000000000006
17.0,28.0,4.0,Mobile Phone,2.0,Divorced,9.0,0.0,3.0,147.58,0.0,50.974000000000004,1,0,Loyal,29.516000000000002
0.0,19.0,4.0,Laptop & Accessory,5.0,Married,6.0,1.0,2.0,161.34,0.0,50.002,1,1,,32.268
22.0,9.0,2.0,Laptop & Accessory,4.0,Married,5.0,0.0,3.0,206.2,0.0,69.25999999999999,1,0,Loyal,68.73333333333333
5.0,8.0,3.0,Mobile,5.0,Married,2.0,0.0,0.0,128.27,0.0,41.181000000000004,1,0,New,32.0675
9.0,6.0,3.0,Mobile,2.0,Single,2.0,0.0,7.0,121.15,0.0,40.245000000000005,1,0,Regular,30.2875
7.0,14.0,4.0,Laptop & Accessory,5.0,Married,2.0,0.0,4.0,168.73,0.0,54.318999999999996,1,0,Regular,33.745999999999995
9.0,17.0,4.0,Laptop & Accessory,1.0,Married,5.0,0.0,0.0,166.52,0.0,54.25600000000001,1,0,Regular,33.304
1.0,35.0,4.0,Laptop & Accessory,4.0,Divorced,3.0,0.0,5.0,187.72,0.0,58.215999999999994,1,0,New,37.544
11.0,17.0,5.0,Laptop & Accessory,1.0,Married,4.0,1.0,1.0,191.94,0.0,62.882,1,1,Regular,31.99
0.0,14.0,4.0,Mobile,5.0,Single,7.0,0.0,7.0,123.62,0.0,38.686,1,0,,24.724
5.0,7.0,4.0,Mobile Phone,4.0,Single,3.0,0.0,1.0,150.01,0.0,48.102999999999994,1,0,New,30.002
8.0,24.0,3.0,Laptop & Accessory,3.0,Married,2.0,1.0,2.0,156.89,0.0,50.666999999999994,1,1,Regular,39.2225
10.0,13.0,3.0,Laptop & Accessory,5.0,Married,6.0,1.0,4.0,142.84,0.0,47.052,1,1,Regular,35.71
2.0,34.0,5.5,Laptop & Accessory,5.0,Married,2.0,0.0,1.0,173.77,0.0,54.931000000000004,1,0,New,26.733846153846155
0.0,14.0,4.0,Mobile,5.0,Single,2.0,1.0,0.0,126.0,0.0,39.4,1,1,,25.2
1.0,14.0,3.0,Mobile,2.0,Single,2.0,0.0,2.0,133.1,0.0,41.43,1,0,New,33.275
17.0,6.0,3.0,Laptop & Accessory,1.0,Married,5.0,1.0,2.0,157.43,0.0,53.529,1,1,Loyal,39.3575
10.0,17.0,4.0,Fashion,5.0,Married,9.0,1.0,8.0,208.21,0.0,67.063,1,1,Regular,41.642
18.0,14.0,3.0,Laptop & Accessory,2.0,Divorced,10.0,0.0,8.0,136.97,0.0,47.691,1,0,Loyal,34.2425
18.0,11.0,2.0,Others,5.0,Married,3.0,0.0,14.0,269.57500000000005,0.0,87.07250000000002,1,0,Loyal,89.85833333333335
2.0,25.0,3.0,Laptop & Accessory,2.0,Married,5.0,0.0,2.0,142.62,0.0,44.586000000000006,1,0,New,35.655
0.0,14.0,4.0,Mobile Phone,3.0,Single,2.0,1.0,2.0,139.89,0.0,43.56699999999999,1,1,,27.977999999999998
5.0,31.0,4.0,Laptop & Accessory,1.0,Single,4.0,0.0,5.0,177.38,0.0,56.314,1,0,New,35.476
13.0,11.0,5.0,Laptop & Accessory,3.0,Married,6.0,0.0,10.0,184.02,0.0,61.106,1,0,Loyal,30.67
7.0,6.0,3.0,Laptop & Accessory,4.0,Married,2.0,0.0,3.0,143.25,0.0,46.275000000000006,1,0,Regular,35.8125
1.0,8.0,5.0,Mobile Phone,3.0,Married,3.0,1.0,1.0,154.33,0.0,48.599,1,1,New,25.721666666666668
29.0,25.0,4.0,Laptop & Accessory,4.0,Married,5.0,1.0,8.0,188.85,0.0,66.955,1,1,VIP,37.769999999999996
5.0,30.0,3.0,Laptop & Accessory,2.0,Divorced,2.0,0.0,7.0,153.09,0.0,48.627,1,0,New,38.2725
27.0,9.0,2.0,Grocery,4.0,Single,6.0,0.0,9.0,269.57500000000005,0.0,89.77250000000001,1,0,VIP,89.85833333333335
0.0,28.0,3.0,Laptop & Accessory,3.0,Divorced,2.0,1.0,7.0,161.79,0.0,49.737,1,1,,40.4475
1.0,11.0,5.5,Fashion,1.0,Married,3.0,0.0,3.0,229.0,0.0,71.2,1,0,New,35.23076923076923
9.0,34.0,3.0,Mobile,1.0,Married,5.0,0.0,3.0,121.32,0.0,40.296,1,0,Regular,30.33
1.0,16.0,4.0,Mobile Phone,3.0,Divorced,3.0,0.0,3.0,152.42,0.0,47.62599999999999,1,0,New,30.483999999999998
1.0,11.0,4.0,Mobile Phone,2.0,Divorced,3.0,1.0,7.0,161.91,0.0,50.473,1,1,New,32.382
23.0,12.0,4.0,Laptop & Accessory,3.0,Divorced,4.0,0.0,3.0,191.51,0.0,65.953,1,0,Loyal,38.302
2.0,7.0,4.0,Mobile Phone,5.0,Single,4.0,0.0,3.0,145.8,0.0,45.940000000000005,1,0,New,29.160000000000004
10.0,11.0,4.0,Laptop & Accessory,4.0,Married,9.0,0.0,3.0,176.31,0.0,57.493,1,0,Regular,35.262
20.0,14.0,4.0,Fashion,3.0,Married,8.0,0.0,8.0,233.45,0.0,77.63499999999999,1,0,Loyal,46.69
3.0,24.0,5.0,Fashion,5.0,Single,3.0,0.0,10.0,204.88,0.0,64.364,1,0,New,34.14666666666667
22.0,8.0,4.0,Laptop & Accessory,4.0,Married,3.0,0.0,8.0,153.9,0.0,54.370000000000005,1,0,Loyal,30.78
23.0,15.0,5.0,Grocery,4.0,Married,8.0,0.0,4.0,256.2,0.0,85.76,1,0,Loyal,42.699999999999996
22.0,7.0,5.0,Grocery,5.0,Married,9.0,0.0,3.0,269.57500000000005,0.0,89.47250000000001,1,0,Loyal,44.929166666666674
0.0,6.0,1.5,Fashion,4.0,Single,2.0,0.0,7.0,174.46,0.0,52.938,1,0,,69.784
0.0,15.0,1.5,Mobile Phone,3.0,Married,2.0,0.0,4.0,144.01,0.0,43.803,1,0,,57.604
29.0,25.0,4.0,Grocery,4.0,Single,5.0,0.0,9.0,269.57500000000005,0.0,91.17250000000001,1,0,VIP,53.915000000000006
31.0,16.0,5.0,Mobile Phone,4.0,Married,6.0,1.0,1.0,158.46,0.0,58.838,1,1,VIP,26.41
10.0,35.0,3.0,Fashion,4.0,Divorced,2.0,1.0,3.0,218.49,0.0,69.747,1,1,Regular,54.6225
8.0,17.0,4.0,Mobile Phone,4.0,Married,3.0,0.0,1.0,145.08,0.0,47.524,1,0,Regular,29.016000000000002
7.0,8.0,4.0,Mobile,3.0,Married,4.0,0.0,7.0,127.68,0.0,42.004000000000005,1,0,Regular,25.536
11.0,11.0,4.0,Mobile Phone,3.0,Married,9.0,1.0,4.0,154.96,0.0,51.388,1,1,Regular,30.992
1.0,29.0,4.0,Mobile Phone,3.0,Single,3.0,0.0,3.0,159.47,0.0,49.741,1,0,New,31.894
9.0,14.0,4.0,Mobile,5.0,Divorced,1.0,0.0,3.0,123.42,0.0,41.326,1,0,Regular,24.684
1.0,36.0,5.0,Mobile Phone,4.0,Single,2.0,0.0,5.0,159.79,0.0,50.236999999999995,1,0,New,26.631666666666664
0.0,32.0,4.0,Laptop & Accessory,5.0,Single,6.0,0.0,1.0,166.96,0.0,51.688,1,0,,33.392
28.0,33.0,2.0,Grocery,1.0,Single,4.0,1.0,5.0,269.57500000000005,0.0,90.07250000000002,1,1,VIP,89.85833333333335
2.0,28.0,4.0,Mobile Phone,2.0,Divorced,3.0,0.0,3.0,152.13,0.0,47.839,1,0,New,30.426
0.0,10.0,4.0,Laptop & Accessory,2.0,Single,2.0,1.0,4.0,158.28,0.0,49.084,1,1,,31.656
9.0,32.0,4.0,Fashion,3.0,Married,3.0,1.0,3.0,228.88,0.0,72.964,1,1,Regular,45.775999999999996
10.0,25.0,3.0,Mobile,4.0,Married,5.0,0.0,0.0,130.22,0.0,43.266,1,0,Regular,32.555
0.0,10.0,3.0,Mobile,1.0,Single,2.0,1.0,2.0,128.75,0.0,39.825,1,1,,32.1875
9.0,16.0,4.0,Mobile Phone,4.0,Single,2.0,1.0,0.0,118.59,0.0,39.877,1,1,Regular,23.718
11.0,8.0,4.0,Laptop & Accessory,2.0,Divorced,4.0,0.0,5.0,152.49,0.0,50.647,1,0,Regular,30.498
18.0,9.0,2.0,Fashion,1.0,Married,3.0,1.0,8.0,203.79,0.0,67.33699999999999,1,1,Loyal,67.92999999999999
9.0,22.0,4.0,Laptop & Accessory,5.0,Divorced,5.0,0.0,2.0,156.47,0.0,51.241,1,0,Regular,31.294
5.0,8.0,2.0,Laptop & Accessory,2.0,Single,8.0,0.0,7.0,150.55,0.0,47.464999999999996,1,0,New,50.18333333333334
0.0,34.0,4.0,Laptop & Accessory,3.0,Married,3.0,0.0,2.0,186.39,0.0,57.516999999999996,1,0,,37.278
8.0,6.0,3.0,Laptop & Accessory,3.0,Married,10.0,0.0,9.0,147.17,0.0,47.751,1,0,Regular,36.7925
12.0,17.0,4.0,Laptop & Accessory,1.0,Single,3.0,1.0,4.0,181.66,0.0,59.698,1,1,Regular,36.332
8.0,10.0,5.5,Laptop & Accessory,5.0,Single,5.0,0.0,13.0,172.59,0.0,56.377,1,0,Regular,26.552307692307693
23.0,9.0,4.0,Others,1.0,Married,5.0,0.0,4.0,269.57500000000005,0.0,89.37250000000002,1,0,Loyal,53.915000000000006
1.0,26.0,4.0,Mobile Phone,2.0,Divorced,3.0,0.0,3.0,148.23,0.0,46.36899999999999,1,0,New,29.645999999999997
4.0,9.0,4.0,Mobile Phone,2.0,Single,2.0,0.0,8.0,150.64,0.0,47.992,1,0,New,30.127999999999997
14.0,7.0,4.0,Laptop & Accessory,3.0,Single,5.0,1.0,1.0,172.28,0.0,57.484,1,1,Loyal,34.456
22.0,11.0,3.0,Laptop & Accessory,3.0,Married,3.0,0.0,2.0,166.51,0.0,57.753,1,0,Loyal,41.6275
1.0,16.0,5.0,Mobile Phone,5.0,Married,5.0,0.0,3.0,169.0,0.0,52.99999999999999,1,0,New,28.166666666666668
0.0,12.0,4.0,Mobile,1.0,Single,2.0,1.0,0.0,129.26,0.0,40.378,1,1,,25.851999999999997
3.0,34.0,3.0,Laptop & Accessory,2.0,Divorced,2.0,0.0,9.0,157.75,0.0,49.425,1,0,New,39.4375
20.0,14.0,4.0,Laptop & Accessory,3.0,Married,4.0,0.0,1.0,177.58,0.0,60.874,1,0,Loyal,35.516000000000005
2.0,7.0,4.0,Mobile Phone,3.0,Single,2.0,1.0,3.0,146.54,0.0,46.162,1,1,New,29.308
1.0,16.0,4.0,Mobile Phone,2.0,Single,3.0,1.0,3.0,148.23,0.0,46.36899999999999,1,1,New,29.645999999999997
9.0,19.0,3.0,Mobile,3.0,Married,2.0,0.0,6.0,120.96,0.0,40.188,1,0,Regular,30.24
4.0,8.0,3.0,Laptop & Accessory,1.0,Single,5.0,1.0,5.0,165.82,0.0,52.146,1,1,New,41.455
10.0,6.0,4.0,Laptop & Accessory,2.0,Divorced,2.0,0.0,11.0,164.74,0.0,54.022000000000006,1,0,Regular,32.948
15.0,30.0,4.0,Fashion,3.0,Single,5.0,1.0,3.0,195.82,0.0,64.846,1,1,Loyal,39.164
24.0,7.0,4.0,Others,1.0,Married,5.0,0.0,7.0,269.57500000000005,0.0,89.67250000000001,1,0,Loyal,53.915000000000006
0.0,14.0,3.0,Mobile,1.0,Single,2.0,1.0,2.0,123.23,0.0,38.169000000000004,1,1,,30.8075
17.0,32.0,5.0,Fashion,2.0,Married,7.0,0.0,1.0,259.0,0.0,84.8,1,0,Loyal,43.166666666666664
0.0,13.0,3.0,Mobile,3.0,Married,4.0,1.0,7.0,133.39,0.0,41.217,1,1,,33.3475
2.0,7.0,1.5,Laptop & Accessory,3.0,Single,9.0,1.0,2.0,162.94,0.0,50.082,1,1,New,65.176
12.0,32.0,5.0,Fashion,4.0,Divorced,5.0,0.0,2.0,245.61,0.0,79.283,1,0,Regular,40.935
9.0,8.0,5.0,Mobile Phone,5.0,Single,3.0,0.0,3.0,149.5,0.0,49.550000000000004,1,0,Regular,24.916666666666668
1.0,6.0,3.0,Mobile,1.0,Married,2.0,0.0,2.0,127.06,0.0,39.618,1,0,New,31.765
14.0,31.0,4.0,Laptop & Accessory,1.0,Married,3.0,0.0,8.0,158.19,0.0,53.257000000000005,1,0,Loyal,31.637999999999998
3.0,31.0,4.0,Fashion,4.0,Single,3.0,1.0,0.0,190.94,0.0,59.782,1,1,New,38.188
12.0,27.0,5.0,Laptop & Accessory,3.0,Married,7.0,0.0,2.0,157.36,0.0,52.80800000000001,1,0,Regular,26.22666666666667
12.0,27.0,5.0,Laptop & Accessory,3.0,Married,7.0,0.0,2.0,157.36,0.0,52.80800000000001,1,0,Regular,26.22666666666667
1.0,13.0,2.0,Mobile Phone,1.0,Married,2.0,0.0,8.0,150.44,0.0,46.23199999999999,1,0,New,50.14666666666667
8.0,11.0,4.0,Fashion,1.0,Married,4.0,1.0,3.0,222.13,0.0,70.639,1,1,Regular,44.426
0.0,35.0,5.0,Laptop & Accessory,5.0,Single,9.0,0.0,2.0,149.69,0.0,46.907,1,0,,24.948333333333334
8.0,20.0,4.0,Fashion,3.0,Married,3.0,0.0,3.0,211.28,0.0,67.384,1,0,Regular,42.256
15.0,19.0,1.5,Laptop & Accessory,5.0,Married,6.0,0.0,0.0,155.38,0.0,51.714,1,0,Loyal,62.152
9.0,10.0,4.0,Mobile,5.0,Married,2.0,0.0,0.0,121.09,0.0,40.627,1,0,Regular,24.218
11.0,16.0,5.0,Fashion,3.0,Married,4.0,0.0,11.0,232.06,0.0,74.91799999999999,1,0,Regular,38.67666666666667
7.0,32.0,5.0,Laptop & Accessory,4.0,Single,3.0,0.0,3.0,168.2,0.0,54.559999999999995,1,0,Regular,28.03333333333333
8.0,16.0,4.0,Fashion,1.0,Married,2.0,0.0,3.0,210.0,0.0,67.0,1,0,Regular,42.0
3.0,7.0,4.0,Fashion,1.0,Married,3.0,0.0,2.0,204.18,0.0,63.754,1,0,New,40.836
9.0,27.0,3.0,Mobile,1.0,Married,8.0,0.0,2.0,122.58,0.0,40.67400000000001,1,0,Regular,30.645
12.0,19.0,4.0,Grocery,4.0,Married,7.0,1.0,2.0,269.57500000000005,0.0,86.0725,1,1,Regular,53.915000000000006
20.0,8.0,4.0,Mobile Phone,5.0,Single,8.0,0.0,8.0,159.23,0.0,55.369,1,0,Loyal,31.845999999999997
1.0,15.0,5.5,Mobile Phone,5.0,Divorced,3.0,1.0,8.0,146.19,0.0,46.357,1,1,New,22.49076923076923
7.0,10.0,4.0,Mobile Phone,3.0,Married,3.0,1.0,1.0,154.09,0.0,49.927,1,1,Regular,30.818
14.0,14.0,5.0,Fashion,2.0,Single,3.0,0.0,3.0,206.5,0.0,68.14999999999999,1,0,Loyal,34.416666666666664
11.0,21.0,4.0,Fashion,2.0,Married,1.0,1.0,3.0,215.1,0.0,69.42999999999999,1,1,Regular,43.019999999999996
1.0,24.0,4.0,Mobile Phone,4.0,Divorced,2.0,1.0,2.0,155.58,0.0,48.574,1,1,New,31.116000000000003
0.0,16.0,1.5,Mobile,3.0,Single,2.0,0.0,2.0,135.05,0.0,41.115,1,0,,54.02
11.0,20.0,4.0,Laptop & Accessory,1.0,Married,3.0,0.0,8.0,167.85,0.0,55.254999999999995,1,0,Regular,33.57
17.0,18.0,4.0,Fashion,3.0,Married,3.0,0.0,10.0,200.1,0.0,66.72999999999999,1,0,Loyal,40.019999999999996
1.0,18.0,5.0,Mobile Phone,5.0,Single,3.0,1.0,1.0,151.0,0.0,47.599999999999994,1,1,New,25.166666666666668
1.0,13.0,5.0,Mobile Phone,1.0,Single,3.0,1.0,1.0,154.26,0.0,48.577999999999996,1,1,New,25.709999999999997
27.0,26.0,3.0,Laptop & Accessory,3.0,Single,4.0,0.0,3.0,148.69,0.0,53.907000000000004,1,0,VIP,37.1725
9.0,18.0,4.0,Laptop & Accessory,2.0,Married,3.0,0.0,3.0,174.68,0.0,56.70400000000001,1,0,Regular,34.936
9.0,32.0,4.0,Mobile,3.0,Married,2.0,0.0,0.0,120.29,0.0,40.38700000000001,1,0,Regular,24.058
14.0,15.0,3.0,Others,3.0,Married,3.0,0.0,11.0,269.57500000000005,0.0,86.27250000000002,1,0,Loyal,67.39375000000001
2.0,9.0,4.0,Laptop & Accessory,4.0,Married,6.0,0.0,5.0,173.55,0.0,54.26500000000001,1,0,New,34.71
22.0,13.0,4.0,Fashion,3.0,Single,9.0,0.0,3.0,209.65,0.0,71.09499999999998,1,0,Loyal,41.93
11.0,13.0,4.0,Laptop & Accessory,1.0,Single,1.0,0.0,5.0,140.28,0.0,46.983999999999995,1,0,Regular,28.056
16.0,6.0,3.0,Laptop & Accessory,2.0,Divorced,5.0,0.0,2.0,155.62,0.0,52.686,1,0,Loyal,38.905
6.0,11.0,3.0,Laptop & Accessory,1.0,Married,7.0,0.0,2.0,199.98,0.0,62.99399999999999,1,0,New,49.995
2.0,29.0,1.5,Mobile,3.0,Divorced,2.0,0.0,7.0,127.0,0.0,39.300000000000004,1,0,New,50.8
14.0,9.0,4.0,Mobile Phone,5.0,Married,6.0,0.0,3.0,158.77,0.0,53.431000000000004,1,0,Loyal,31.754
12.0,12.0,4.0,Fashion,5.0,Married,5.0,0.0,7.0,199.91,0.0,65.173,1,0,Regular,39.982
33.0,6.0,1.5,Laptop & Accessory,3.0,Divorced,1.0,0.0,8.0,149.0,0.0,55.199999999999996,1,0,VIP,59.6
12.0,9.0,1.5,Laptop & Accessory,4.0,Married,10.0,0.0,6.0,163.89,0.0,53.367,1,0,Regular,65.556
11.0,15.0,3.0,Mobile Phone,1.0,Married,3.0,0.0,3.0,147.71,0.0,48.813,1,0,Regular,36.9275
0.0,12.0,5.0,Laptop & Accessory,3.0,Married,5.0,1.0,7.0,161.72,0.0,50.516,1,1,,26.953333333333333
1.0,8.0,5.0,Mobile Phone,5.0,Single,8.0,0.0,8.0,148.62,0.0,46.885999999999996,1,0,New,24.77
19.0,7.0,3.0,Others,2.0,Divorced,2.0,0.0,8.0,269.57500000000005,0.0,87.77250000000002,1,0,Loyal,67.39375000000001
18.0,8.0,3.0,Others,5.0,Married,6.0,1.0,4.0,269.57500000000005,0.0,87.47250000000003,1,1,Loyal,67.39375000000001
8.0,22.0,4.0,Fashion,4.0,Single,2.0,0.0,3.0,186.06,0.0,59.818,1,0,Regular,37.212
3.0,14.0,3.0,Mobile,3.0,Single,2.0,0.0,4.0,126.32,0.0,39.995999999999995,1,0,New,31.58
0.0,15.0,3.0,Mobile Phone,5.0,Single,8.0,0.0,4.0,142.0,0.0,43.800000000000004,1,0,,35.5
0.0,22.0,1.5,Laptop & Accessory,3.0,Married,4.0,0.0,7.0,152.94,0.0,46.482,1,0,,61.176
2.0,12.0,3.0,Mobile,1.0,Married,2.0,0.0,8.0,131.31,0.0,41.193000000000005,1,0,New,32.8275
20.0,9.0,4.0,Grocery,5.0,Married,10.0,0.0,10.0,269.57500000000005,0.0,88.47250000000001,1,0,Loyal,53.915000000000006
27.0,14.0,3.0,Grocery,3.0,Divorced,5.0,0.0,4.0,269.57500000000005,0.0,90.17250000000001,1,0,VIP,67.39375000000001
9.0,24.0,3.0,Mobile,1.0,Single,2.0,0.0,7.0,121.53,0.0,40.359,1,0,Regular,30.3825
15.0,11.0,4.0,Mobile Phone,3.0,Married,11.0,1.0,8.0,149.61,0.0,50.983000000000004,1,1,Loyal,29.922000000000004
14.0,8.0,3.0,Grocery,4.0,Single,2.0,0.0,4.0,260.15,0.0,83.445,1,0,Loyal,65.0375
8.0,9.0,5.0,Laptop & Accessory,5.0,Divorced,8.0,0.0,10.0,184.57,0.0,59.770999999999994,1,0,Regular,30.761666666666667
1.0,10.0,2.0,Mobile Phone,2.0,Divorced,3.0,0.0,8.0,169.2,0.0,51.85999999999999,1,0,New,56.4
30.0,8.0,3.0,Grocery,4.0,Married,5.0,0.0,14.0,262.91,0.0,89.07300000000001,1,0,VIP,65.7275
30.0,15.0,4.0,Others,4.0,Single,8.0,0.0,8.0,269.57500000000005,0.0,91.47250000000001,1,0,VIP,53.915000000000006
0.0,14.0,3.0,Mobile,1.0,Married,2.0,1.0,0.0,125.15,0.0,38.745000000000005,1,1,,31.2875
1.0,7.0,5.0,Laptop & Accessory,5.0,Single,3.0,0.0,8.0,167.94,0.0,52.681999999999995,1,0,New,27.99
14.0,23.0,4.0,Fashion,1.0,Single,8.0,1.0,4.0,204.45,0.0,67.13499999999999,1,1,Loyal,40.89
5.0,13.0,3.0,Laptop & Accessory,1.0,Married,5.0,0.0,3.0,192.04,0.0,60.312,1,0,New,48.01
9.0,30.0,3.0,Laptop & Accessory,4.0,Divorced,8.0,0.0,8.0,156.74,0.0,50.922000000000004,1,0,Regular,39.185
8.0,12.0,5.0,Laptop & Accessory,1.0,Married,3.0,0.0,14.0,164.86,0.0,53.858000000000004,1,0,Regular,27.47666666666667
9.0,15.0,4.0,Fashion,1.0,Single,2.0,0.0,7.0,196.19,0.0,63.157000000000004,1,0,Regular,39.238
1.0,29.0,5.5,Mobile Phone,3.0,Married,3.0,0.0,1.0,140.55,0.0,44.665,1,0,New,21.623076923076926
18.0,31.0,5.5,Mobile Phone,3.0,Single,4.0,0.0,5.0,162.08,0.0,56.224000000000004,1,0,Loyal,24.935384615384617
30.0,13.0,3.0,Grocery,5.0,Divorced,11.0,0.0,8.0,257.12,0.0,87.336,1,0,VIP,64.28
9.0,9.0,4.0,Laptop & Accessory,1.0,Married,4.0,0.0,8.0,182.62,0.0,59.086000000000006,1,0,Regular,36.524
15.0,16.0,3.0,Grocery,5.0,Married,1.0,0.0,9.0,267.99,0.0,86.09700000000001,1,0,Loyal,66.9975
19.0,9.0,4.0,Laptop & Accessory,2.0,Single,6.0,0.0,4.0,176.6,0.0,60.28,1,0,Loyal,35.32
27.0,9.0,3.0,Laptop & Accessory,5.0,Divorced,3.0,0.0,5.0,159.4,0.0,57.120000000000005,1,0,VIP,39.85
4.0,17.0,3.0,Laptop & Accessory,5.0,Divorced,2.0,1.0,1.0,168.33,0.0,52.89900000000001,1,1,New,42.0825
9.0,8.0,3.0,Mobile,5.0,Divorced,7.0,1.0,2.0,120.42,0.0,40.026,1,1,Regular,30.105
13.0,8.0,4.0,Laptop & Accessory,1.0,Married,3.0,1.0,9.0,189.72,0.0,62.416,1,1,Loyal,37.944
4.0,11.0,3.0,Laptop & Accessory,1.0,Married,2.0,0.0,2.0,154.76,0.0,48.828,1,0,New,38.69
22.0,31.0,3.0,Mobile,5.0,Married,2.0,0.0,4.0,132.11,0.0,47.43300000000001,1,0,Loyal,33.0275
9.0,16.0,3.0,Fashion,4.0,Married,6.0,0.0,7.0,173.14,0.0,55.842,1,0,Regular,43.285
22.0,17.0,5.0,Others,4.0,Married,6.0,0.0,10.0,269.57500000000005,0.0,89.47250000000001,1,0,Loyal,44.929166666666674
9.0,14.0,5.0,Mobile Phone,1.0,Married,3.0,0.0,2.0,151.9,0.0,50.27,1,0,Regular,25.316666666666666
12.0,6.0,3.0,Others,3.0,Married,2.0,1.0,6.0,269.57500000000005,0.0,85.67250000000001,1,1,Regular,67.39375000000001
19.0,8.0,3.0,Others,1.0,Married,8.0,1.0,2.0,269.57500000000005,0.0,87.77250000000002,1,1,Loyal,67.39375000000001
19.0,12.0,5.5,Laptop & Accessory,5.0,Single,3.0,1.0,5.0,182.69,0.0,62.707,1,1,Loyal,28.106153846153845
14.0,15.0,5.0,Fashion,4.0,Married,4.0,0.0,9.0,262.57,0.0,84.971,1,0,Loyal,43.76166666666666
7.0,8.0,4.0,Mobile,3.0,Married,4.0,0.0,7.0,127.68,0.0,42.004000000000005,1,0,Regular,25.536
23.0,6.0,3.0,Grocery,1.0,Married,10.0,0.0,3.0,269.57500000000005,0.0,88.97250000000003,1,0,Loyal,67.39375000000001
3.0,35.0,4.0,Mobile Phone,1.0,Married,6.0,0.0,8.0,150.14,0.0,47.541999999999994,1,0,New,30.028
8.0,14.0,4.0,Fashion,4.0,Single,2.0,0.0,12.0,244.94,0.0,77.482,1,0,Regular,48.988
6.0,10.0,3.0,Laptop & Accessory,4.0,Married,6.0,0.0,7.0,130.55,0.0,42.165,1,0,New,32.6375
4.0,12.0,4.0,Mobile Phone,5.0,Married,7.0,0.0,14.5,157.04,0.0,49.912,1,0,New,31.407999999999998
0.0,7.0,3.0,Mobile Phone,1.0,Married,10.0,1.0,2.0,147.87,0.0,45.561,1,1,,36.9675
11.0,15.0,4.0,Mobile,4.0,Married,1.0,0.0,2.0,128.99,0.0,43.597,1,0,Regular,25.798000000000002
0.0,6.0,3.0,Mobile,3.0,Divorced,4.0,0.0,2.0,129.09,0.0,39.927,1,0,,32.2725
10.0,18.0,5.0,Laptop & Accessory,4.0,Single,3.0,0.0,4.0,189.99,0.0,61.997,1,0,Regular,31.665000000000003
12.0,10.0,4.0,Mobile Phone,3.0,Divorced,5.0,0.0,3.0,153.21,0.0,51.163000000000004,1,0,Regular,30.642000000000003
28.0,8.0,4.0,Fashion,3.0,Married,9.0,0.0,3.0,230.02,0.0,79.006,1,0,VIP,46.004000000000005
17.0,16.0,4.0,Laptop & Accessory,3.0,Married,5.0,1.0,8.0,181.79,0.0,61.237,1,1,Loyal,36.358
1.0,35.0,5.0,Laptop & Accessory,4.0,Married,2.0,0.0,7.0,165.49,0.0,51.946999999999996,1,0,New,27.581666666666667
23.0,28.0,5.0,Grocery,1.0,Single,2.0,1.0,9.0,244.11,0.0,82.13300000000001,1,1,Loyal,40.685
12.0,5.0,4.0,Others,2.0,Divorced,2.0,0.0,3.0,269.57500000000005,0.0,86.0725,1,0,Regular,53.915000000000006
11.0,7.0,4.0,Fashion,2.0,Married,4.0,1.0,3.0,261.03,0.0,83.20899999999997,1,1,Regular,52.205999999999996
9.0,26.0,3.0,Mobile,3.0,Married,5.0,0.0,0.0,122.59,0.0,40.67700000000001,1,0,Regular,30.6475
13.0,7.0,2.0,Fashion,1.0,Married,2.0,0.0,3.0,221.13,0.0,71.039,1,0,Loyal,73.71
13.0,14.0,3.0,Laptop & Accessory,1.0,Married,4.0,1.0,2.0,140.69,0.0,47.307,1,1,Loyal,35.1725
1.0,14.0,3.0,Mobile,1.0,Single,2.0,0.0,2.0,133.1,0.0,41.43,1,0,New,33.275
2.0,14.0,5.0,Laptop & Accessory,5.0,Married,4.0,0.0,7.0,197.15,0.0,61.745,1,0,New,32.858333333333334
3.0,12.0,4.0,Laptop & Accessory,2.0,Divorced,1.0,0.0,7.0,146.27,0.0,46.381,1,0,New,29.254
16.0,20.0,3.0,Grocery,5.0,Married,7.0,0.0,0.0,269.57500000000005,0.0,86.87250000000002,1,0,Loyal,67.39375000000001
8.0,9.0,2.0,Mobile Phone,1.0,Married,2.0,1.0,3.0,154.32,0.0,49.495999999999995,1,1,Regular,51.44
3.0,9.0,4.0,Mobile Phone,4.0,Divorced,2.0,0.0,3.0,156.8,0.0,49.54,1,0,New,31.360000000000003
3.0,14.0,3.0,Mobile,4.0,Divorced,2.0,0.0,0.0,124.76,0.0,39.528,1,0,New,31.19
15.0,29.0,4.0,Laptop & Accessory,2.0,Married,5.0,1.0,4.0,179.67,0.0,60.001,1,1,Loyal,35.934
9.0,28.0,3.0,Mobile Phone,3.0,Single,2.0,1.0,0.0,116.75,0.0,38.925000000000004,1,1,Regular,29.1875
5.0,13.0,1.5,Mobile,4.0,Married,2.0,0.0,3.0,127.94,0.0,40.482,1,0,New,51.176
7.0,11.0,4.0,Laptop & Accessory,4.0,Married,7.0,0.0,8.0,155.55,0.0,50.365,1,0,Regular,31.110000000000003
0.0,6.0,4.0,Laptop & Accessory,5.0,Single,2.0,0.0,7.0,142.94,0.0,44.482,1,0,,28.588
5.0,12.0,4.0,Mobile Phone,1.0,Married,2.0,1.0,4.0,173.21,0.0,55.063,1,1,New,34.642
1.0,12.0,3.0,Laptop & Accessory,5.0,Married,3.0,0.0,6.0,165.0,0.0,51.0,1,0,New,41.25
8.0,17.0,3.0,Mobile,3.0,Married,8.0,1.0,2.0,126.6,0.0,41.58,1,1,Regular,31.65
17.0,21.0,4.0,Grocery,5.0,Divorced,8.0,0.0,1.0,269.57500000000005,0.0,87.5725,1,0,Loyal,53.915000000000006
0.0,14.0,3.0,Laptop & Accessory,4.0,Married,2.0,0.0,7.0,162.14,0.0,49.842,1,0,,40.535
12.0,26.0,3.0,Laptop & Accessory,1.0,Married,3.0,0.0,2.0,141.27,0.0,47.181000000000004,1,0,Regular,35.3175
15.0,11.0,5.5,Laptop & Accessory,4.0,Married,8.0,0.0,3.0,189.3,0.0,63.49,1,0,Loyal,29.123076923076926
2.0,12.0,4.0,Mobile,4.0,Married,2.0,0.0,0.0,128.04,0.0,40.612,1,0,New,25.607999999999997
7.0,17.0,2.0,Fashion,3.0,Married,2.0,1.0,9.0,208.8,0.0,65.53999999999999,1,1,Regular,69.60000000000001
7.0,32.0,5.0,Laptop & Accessory,4.0,Single,3.0,0.0,3.0,168.2,0.0,54.559999999999995,1,0,Regular,28.03333333333333
13.0,16.0,4.0,Others,1.0,Single,4.0,0.0,4.0,269.57500000000005,0.0,86.37250000000002,1,0,Loyal,53.915000000000006
14.0,29.0,3.0,Fashion,3.0,Single,4.0,1.0,2.0,170.82,0.0,56.646,1,1,Loyal,42.705
7.0,24.0,4.0,Grocery,3.0,Single,3.0,0.0,1.0,269.57500000000005,0.0,84.5725,1,0,Regular,53.915000000000006
6.0,14.0,2.0,Mobile Phone,4.0,Married,3.0,0.0,4.0,152.94,0.0,48.48199999999999,1,0,New,50.98
7.0,14.0,1.5,Mobile,3.0,Married,1.0,0.0,0.0,125.85,0.0,40.455,1,0,Regular,50.339999999999996
1.0,18.0,2.0,Laptop & Accessory,3.0,Married,2.0,0.0,4.0,165.11,0.0,50.632999999999996,1,0,New,55.03666666666667
28.0,8.0,4.0,Mobile,1.0,Married,9.0,0.0,4.0,126.62,0.0,47.986,1,0,VIP,25.324
5.0,30.0,5.0,Laptop & Accessory,2.0,Divorced,2.0,0.0,9.0,180.82,0.0,57.745999999999995,1,0,New,30.136666666666667
18.0,6.0,1.5,Others,1.0,Married,1.0,0.0,7.0,269.57500000000005,0.0,86.87250000000002,1,0,Loyal,107.83000000000001
18.0,8.0,3.0,Laptop & Accessory,3.0,Married,5.0,0.0,7.0,151.54,0.0,52.062,1,0,Loyal,37.885
5.0,11.0,4.0,Laptop & Accessory,4.0,Married,4.0,0.0,5.0,158.78,0.0,50.734,1,0,New,31.756
16.0,15.0,4.0,Laptop & Accessory,4.0,Married,2.0,0.0,3.0,193.25,0.0,64.375,1,0,Loyal,38.65
9.0,16.0,3.0,Mobile,4.0,Married,2.0,0.0,2.0,122.97,0.0,40.791000000000004,1,0,Regular,30.7425
4.0,10.0,4.0,Mobile Phone,3.0,Married,3.0,0.0,1.0,145.83,0.0,46.54900000000001,1,0,New,29.166000000000004
8.0,9.0,2.0,Mobile Phone,1.0,Married,2.0,1.0,3.0,154.32,0.0,49.495999999999995,1,1,Regular,51.44
26.0,8.0,4.0,Fashion,4.0,Married,3.0,0.0,12.0,175.25,0.0,61.974999999999994,1,0,VIP,35.05
6.0,17.0,4.0,Laptop & Accessory,1.0,Single,10.0,0.0,1.0,171.48,0.0,54.843999999999994,1,0,New,34.296
2.0,23.0,4.0,Mobile Phone,3.0,Single,3.0,0.0,5.0,146.44,0.0,46.132,1,0,New,29.288
1.0,34.0,4.0,Laptop & Accessory,1.0,Single,3.0,1.0,8.0,183.13,0.0,56.839,1,1,New,36.626
17.0,14.0,2.0,Mobile Phone,1.0,Married,6.0,0.0,3.0,145.89,0.0,49.666999999999994,1,0,Loyal,48.629999999999995
16.0,36.0,5.5,Laptop & Accessory,1.0,Single,6.0,0.0,1.0,167.72,0.0,57.315999999999995,1,0,Loyal,25.803076923076922
5.0,9.0,5.5,Mobile Phone,1.0,Married,3.0,1.0,1.0,136.29,0.0,44.586999999999996,1,1,New,20.967692307692307
31.0,36.0,5.0,Grocery,2.0,Married,5.0,0.0,1.0,266.18,0.0,91.154,1,0,VIP,44.36333333333334
9.0,9.0,3.0,Mobile Phone,3.0,Single,2.0,0.0,0.0,114.2,0.0,38.160000000000004,1,0,Regular,28.55
4.0,35.0,4.0,Laptop & Accessory,1.0,Married,3.0,0.0,10.0,182.75,0.0,57.625,1,0,New,36.55
20.0,7.0,4.0,Fashion,5.0,Married,9.0,0.0,3.0,218.96,0.0,73.288,1,0,Loyal,43.792
5.0,8.0,3.0,Laptop & Accessory,3.0,Single,5.0,1.0,7.0,149.98,0.0,47.693999999999996,1,1,New,37.495
9.0,24.0,4.0,Laptop & Accessory,5.0,Divorced,5.0,1.0,3.0,214.66,0.0,68.698,1,1,Regular,42.932
1.0,14.0,4.0,Mobile Phone,3.0,Married,5.0,1.0,8.0,158.39,0.0,49.416999999999994,1,1,New,31.677999999999997
8.0,13.0,3.0,Fashion,3.0,Single,4.0,0.0,6.0,202.21,0.0,64.263,1,0,Regular,50.5525
14.0,8.0,4.0,Mobile Phone,1.0,Married,10.0,0.0,1.0,149.06,0.0,50.518,1,0,Loyal,29.812
0.0,14.0,3.0,Mobile,3.0,Married,2.0,0.0,2.0,126.1,0.0,39.03,1,0,,31.525
9.0,8.0,3.0,Laptop & Accessory,4.0,Single,10.0,1.0,12.0,154.1,0.0,50.13,1,1,Regular,38.525
0.0,14.0,4.0,Mobile,1.0,Single,2.0,1.0,0.0,124.39,0.0,38.917,1,1,,24.878
13.0,7.0,4.0,Mobile Phone,3.0,Married,9.0,0.0,3.0,147.32,0.0,49.696,1,0,Loyal,29.464
1.0,31.0,4.0,Mobile Phone,4.0,Single,10.0,0.0,3.0,160.97,0.0,50.190999999999995,1,0,New,32.194
15.0,18.0,3.0,Laptop & Accessory,1.0,Married,4.0,1.0,0.0,150.87,0.0,50.961000000000006,1,1,Loyal,37.7175
2.0,28.0,2.0,Fashion,4.0,Married,8.0,0.0,3.0,219.96,0.0,67.38799999999999,1,0,New,73.32000000000001
15.0,11.0,3.0,Fashion,4.0,Single,10.0,1.0,7.0,184.46,0.0,61.038000000000004,1,1,Loyal,46.115
15.0,10.0,3.0,Laptop & Accessory,5.0,Single,8.0,0.0,5.0,151.55,0.0,51.165000000000006,1,0,Loyal,37.8875
2.0,14.0,3.0,Mobile,5.0,Divorced,8.0,1.0,2.0,124.04,0.0,39.01200000000001,1,1,New,31.01
28.0,26.0,4.0,Laptop & Accessory,5.0,Married,11.0,1.0,5.0,179.85,0.0,63.955,1,1,VIP,35.97
11.0,7.0,3.0,Mobile,4.0,Married,1.0,1.0,2.0,129.91,0.0,43.473,1,1,Regular,32.4775
9.0,32.0,5.0,Fashion,4.0,Divorced,5.0,0.0,9.0,234.03,0.0,74.909,1,0,Regular,39.005
16.0,21.0,4.0,Laptop & Accessory,2.0,Divorced,4.0,0.0,2.0,168.04,0.0,56.812,1,0,Loyal,33.608
12.0,7.0,3.0,Laptop & Accessory,2.0,Single,2.0,0.0,9.0,201.25,0.0,65.175,1,0,Regular,50.3125
11.0,23.0,4.0,Fashion,3.0,Divorced,1.0,0.0,9.0,188.23,0.0,61.36899999999999,1,0,Regular,37.646
17.0,10.0,1.5,Others,5.0,Married,2.0,0.0,13.0,269.57500000000005,0.0,86.5725,1,0,Loyal,107.83000000000001
5.0,19.0,4.0,Mobile,4.0,Divorced,2.0,0.0,2.0,127.43,0.0,41.329,1,0,New,25.486
0.0,24.0,3.0,Mobile,1.0,Single,2.0,0.0,0.0,126.93,0.0,39.279,1,0,,31.7325
4.0,6.0,5.0,Laptop & Accessory,3.0,Divorced,1.0,0.0,4.0,143.45,0.0,46.235,1,0,New,23.90833333333333
1.0,33.0,5.0,Laptop & Accessory,5.0,Married,1.0,0.0,0.0,148.77,0.0,46.931,1,0,New,24.795
12.0,8.0,4.0,Laptop & Accessory,3.0,Single,2.0,0.0,10.0,145.53,0.0,48.859,1,0,Regular,29.106
26.0,8.0,3.0,Grocery,3.0,Married,7.0,0.0,2.0,248.52,0.0,83.556,1,0,VIP,62.13
14.0,16.0,4.0,Mobile Phone,4.0,Married,10.0,1.0,1.0,161.17,0.0,54.150999999999996,1,1,Loyal,32.233999999999995
1.0,11.0,4.0,Mobile Phone,1.0,Single,3.0,1.0,3.0,153.75,0.0,48.025,1,1,New,30.75
4.0,26.0,1.5,Mobile,1.0,Married,1.0,0.0,2.0,127.91,0.0,40.173,1,0,New,51.164
14.0,26.0,4.0,Laptop & Accessory,2.0,Divorced,10.0,1.0,8.0,152.41,0.0,51.523,1,1,Loyal,30.482
9.0,8.0,4.0,Mobile,3.0,Single,2.0,0.0,2.0,120.44,0.0,40.432,1,0,Regular,24.088
15.0,8.0,4.0,Laptop & Accessory,1.0,Single,4.0,0.0,0.0,167.81,0.0,56.443,1,0,Loyal,33.562
10.0,25.0,4.0,Mobile Phone,2.0,Single,3.0,0.0,8.0,146.53,0.0,48.559,1,0,Regular,29.306
19.0,8.0,3.0,Laptop & Accessory,1.0,Married,3.0,0.0,4.0,173.79,0.0,59.037,1,0,Loyal,43.4475
6.0,11.0,4.0,Fashion,1.0,Married,5.0,0.0,2.0,171.19,0.0,54.757,1,0,New,34.238
22.0,17.0,3.0,Laptop & Accessory,1.0,Single,4.0,0.0,4.0,145.07,0.0,51.321,1,0,Loyal,36.2675
14.0,18.0,3.0,Mobile Phone,2.0,Divorced,4.0,1.0,0.0,147.66,0.0,49.698,1,1,Loyal,36.915
20.0,15.0,5.0,Laptop & Accessory,5.0,Married,10.0,1.0,8.0,171.15,0.0,59.345,1,1,Loyal,28.525000000000002
25.0,15.0,5.0,Fashion,4.0,Married,7.0,0.0,8.0,249.9,0.0,84.47,1,0,VIP,41.65
10.0,25.0,3.0,Laptop & Accessory,3.0,Married,4.0,0.0,2.0,157.68,0.0,51.504000000000005,1,0,Regular,39.42
26.0,7.0,4.0,Grocery,1.0,Married,4.0,0.0,9.0,269.57500000000005,0.0,90.27250000000001,1,0,VIP,53.915000000000006
28.0,9.0,5.0,Fashion,3.0,Married,8.0,0.0,1.0,231.86,0.0,79.95800000000001,1,0,VIP,38.64333333333334
8.0,7.0,2.0,Mobile Phone,2.0,Single,4.0,0.0,4.0,157.8,0.0,50.54,1,0,Regular,52.6
30.0,6.0,5.0,Laptop & Accessory,3.0,Married,3.0,1.0,2.0,156.6,0.0,57.98,1,1,VIP,26.099999999999998
6.0,14.0,4.0,Mobile,3.0,Married,10.0,1.0,0.0,124.37,0.0,40.711,1,1,New,24.874000000000002
2.0,7.0,3.0,Laptop & Accessory,5.0,Married,1.0,0.0,2.0,153.73,0.0,47.919,1,0,New,38.4325
